fighter,height_in,reach_in,weight_lb,stance,dob,fighter_url
Tom Aaron,,,155.0,,1978-07-13,http://ufcstats.com/fighter-details/93fe7332d16c6ad9
Danny Abbadi,71.0,,155.0,Orthodox,1983-07-03,http://ufcstats.com/fighter-details/15df64c02b6b0fde
Nariman Abbasov,68.0,66.0,155.0,Orthodox,1994-02-01,http://ufcstats.com/fighter-details/59a9d6dac61c2540
Darion Abbey,74.0,80.0,265.0,Orthodox,1993-02-25,http://ufcstats.com/fighter-details/4961467134abd8be
David Abbott,72.0,,265.0,Switch,1965-04-26,http://ufcstats.com/fighter-details/b361180739bed4b0
Hamdy Abdelwahab,74.0,72.0,264.0,Southpaw,1993-01-22,http://ufcstats.com/fighter-details/3329d692aea4dc28
Mansur Abdul-Malik,74.0,80.0,185.0,Orthodox,1997-10-07,http://ufcstats.com/fighter-details/841695e02c99a521
Shamil Abdurakhimov,75.0,76.0,235.0,Orthodox,1981-09-02,http://ufcstats.com/fighter-details/2f5cbecbbe18bac4
Hiroyuki Abe,66.0,,145.0,Orthodox,,http://ufcstats.com/fighter-details/c0ed7b208197e8de
Daichi Abe,71.0,71.0,170.0,Orthodox,1991-11-27,http://ufcstats.com/fighter-details/5140122c3eecd307
Papy Abedi,71.0,,185.0,Southpaw,1978-06-30,http://ufcstats.com/fighter-details/c9f6385af6df66d7
Ricardo Abreu,71.0,,185.0,Orthodox,1984-04-27,http://ufcstats.com/fighter-details/aa6e591c2a2cdecd
Klidson Abreu,72.0,74.0,205.0,Orthodox,1992-12-24,http://ufcstats.com/fighter-details/7279654c7674cd24
Cyborg Abreu,,,,,1980-12-20,http://ufcstats.com/fighter-details/f689bd7bbd14b392
Daniel Acacio,68.0,,180.0,Orthodox,1977-12-27,http://ufcstats.com/fighter-details/1c5879330d42255f
John Adajar,69.0,75.0,170.0,Orthodox,1991-06-22,http://ufcstats.com/fighter-details/989b85f6540c86b1
Scott Adams,72.0,,225.0,Southpaw,,http://ufcstats.com/fighter-details/2620f3eb21c79614
Juan Adams,77.0,80.0,265.0,Orthodox,1992-01-16,http://ufcstats.com/fighter-details/83b00f7597e5ac83
Anthony Adams,73.0,76.0,185.0,Orthodox,1988-01-13,http://ufcstats.com/fighter-details/a77633a989013265
Zarrukh Adashev,65.0,65.0,125.0,Southpaw,1992-07-29,http://ufcstats.com/fighter-details/79cb2a690b9ba5e8
Israel Adesanya,76.0,80.0,185.0,Switch,1989-07-22,http://ufcstats.com/fighter-details/1338e2c7480bdf9e
Sam Adkins,75.0,,225.0,Orthodox,1965-04-26,http://ufcstats.com/fighter-details/0e9869d712e81f8f
Mohamed Ado,71.0,76.0,170.0,Switch,2000-05-03,http://ufcstats.com/fighter-details/7a846fcbf182a7c8
Nick Agallar,68.0,,155.0,Orthodox,1979-01-13,http://ufcstats.com/fighter-details/ebc5af72ad5a28cb
Mariya Agapova,66.0,68.0,125.0,Southpaw,1997-04-07,http://ufcstats.com/fighter-details/a08ddd04eaffd81d
Kantharaj Agasa,,,135.0,,1992-02-16,http://ufcstats.com/fighter-details/26f4288e83188c61
Marcelo Aguiar,70.0,,170.0,Orthodox,,http://ufcstats.com/fighter-details/44aa652b181bcf68
Fabio Aguiar,72.0,,185.0,,1988-02-10,http://ufcstats.com/fighter-details/501821d7fb7b95c1
Edwin Aguilar,70.0,,185.0,,,http://ufcstats.com/fighter-details/6cadc0a0ba7dc015
Jessica Aguilar,63.0,63.0,115.0,Orthodox,1982-05-08,http://ufcstats.com/fighter-details/8f382b3baa954d2a
Kevin Aguilar,67.0,73.0,155.0,Orthodox,1988-09-07,http://ufcstats.com/fighter-details/cf946e03ba2e7666
Jesus Aguilar,64.0,62.0,125.0,Orthodox,1996-03-13,http://ufcstats.com/fighter-details/c051c2e12d692b8a
Christian Aguilera,69.0,72.0,170.0,Switch,1991-11-25,http://ufcstats.com/fighter-details/ae071698e1a3ccd4
Nick Aguirre,69.0,74.0,135.0,Southpaw,1996-01-15,http://ufcstats.com/fighter-details/0978385b2bd9ef9b
Agulali,69.0,67.0,125.0,Switch,2005-04-07,http://ufcstats.com/fighter-details/b2efa582adf73604
Ahejiang Ailinuer,,,145.0,,,http://ufcstats.com/fighter-details/ff584c17bccbae0b
Mike Aina,69.0,,155.0,Orthodox,,http://ufcstats.com/fighter-details/9e3dbb9c68ed5d1a
Ashiek Ajim,68.0,71.0,135.0,Switch,1994-06-19,http://ufcstats.com/fighter-details/49dea784f6cfed71
Hitomi Akano,64.0,,135.0,Southpaw,1974-07-27,http://ufcstats.com/fighter-details/2eada40ac8801559
Omari Akhmedov,72.0,73.0,185.0,Orthodox,1987-10-12,http://ufcstats.com/fighter-details/16690d100f995f8f
Yoshihiro Akiyama,70.0,75.0,170.0,Orthodox,1975-07-29,http://ufcstats.com/fighter-details/b0550072e5f0afa7
Rostem Akman,70.0,72.0,170.0,Switch,1991-12-19,http://ufcstats.com/fighter-details/1fc64507a0cb38cf
Razak Al-Hassan,74.0,,205.0,Orthodox,1982-05-14,http://ufcstats.com/fighter-details/38b50fd1e1b5b656
Abdul-Kareem Al-Selwady,68.0,69.0,155.0,Orthodox,1995-04-10,http://ufcstats.com/fighter-details/597499ac7a5aac62
Mostapha Al-Turk,74.0,77.0,245.0,Orthodox,1973-07-14,http://ufcstats.com/fighter-details/1cf1310684a841f5
Herdem Alacabek,74.0,75.0,205.0,Orthodox,1991-06-07,http://ufcstats.com/fighter-details/7578cc6bd750206b
Javi Alanis,66.0,,135.0,,,http://ufcstats.com/fighter-details/2144954270be834d
Alatengheili,65.0,66.0,135.0,Orthodox,1991-12-14,http://ufcstats.com/fighter-details/1897b7b913736a7c
Amir Albazi,65.0,68.0,125.0,Orthodox,1993-10-27,http://ufcstats.com/fighter-details/6d35bf94f7d30241
Brett Albee,,,225.0,,,http://ufcstats.com/fighter-details/9b28292abe3166d5
John Albert,68.0,68.0,135.0,Orthodox,1986-10-13,http://ufcstats.com/fighter-details/7bd94b60d7521e4a
Junior Albini,75.0,74.0,264.0,Orthodox,1991-03-15,http://ufcstats.com/fighter-details/c482c8605455a213
Wes Albritton,70.0,,188.0,Orthodox,,http://ufcstats.com/fighter-details/184b955181bdef52
Aleksandra Albu,62.0,63.0,115.0,Orthodox,1990-07-14,http://ufcstats.com/fighter-details/e76d9f656ceb82ab
Israel Albuquerque,,,185.0,Orthodox,,http://ufcstats.com/fighter-details/dd1b90eea08887f6
Juan Alcain,,,,,,http://ufcstats.com/fighter-details/39f62b833e4cf126
Iuri Alcantara,69.0,71.0,135.0,Southpaw,1980-08-04,http://ufcstats.com/fighter-details/2f95a3c6d58b2aad
Ildemar Alcantara,74.0,78.0,185.0,Orthodox,1982-11-18,http://ufcstats.com/fighter-details/7c6e87729e824ef4
Alfonso Alcarez,63.0,,145.0,,1970-06-10,http://ufcstats.com/fighter-details/1e38bba6738b7b10
Gilbert Aldana,73.0,,250.0,Orthodox,1977-08-25,http://ufcstats.com/fighter-details/d26934530dc5b248
Irene Aldana,69.0,68.0,135.0,Orthodox,1988-03-26,http://ufcstats.com/fighter-details/578ef12674df1e6a
Hector Aldana,71.0,72.0,170.0,Orthodox,1988-08-17,http://ufcstats.com/fighter-details/c487223b0289bda9
Jose Alday,67.0,68.0,135.0,Orthodox,1991-09-14,http://ufcstats.com/fighter-details/7460ddef986d3144
Jose Aldo,67.0,70.0,135.0,Orthodox,1986-09-09,http://ufcstats.com/fighter-details/d0f3959b4a9747e6
JJ Aldrich,65.0,67.0,125.0,Southpaw,1992-09-29,http://ufcstats.com/fighter-details/6fd953151d981979
Irina Alekseeva,68.0,67.0,135.0,Orthodox,1990-06-27,http://ufcstats.com/fighter-details/103e2e33a60683e1
Talita Alencar,61.0,58.0,115.0,Orthodox,1990-10-17,http://ufcstats.com/fighter-details/d35298b6df168456
Jim Alers,69.0,71.0,145.0,Orthodox,1986-10-14,http://ufcstats.com/fighter-details/fe5a9547479396ab
John Alessio,70.0,72.0,155.0,Orthodox,1979-07-05,http://ufcstats.com/fighter-details/7a15f3694c5cbc02
Houston Alexander,72.0,72.0,205.0,Orthodox,1972-03-22,http://ufcstats.com/fighter-details/0541480fbf719d86
Kenneth Alexander,69.0,,155.0,Orthodox,1977-09-25,http://ufcstats.com/fighter-details/8fd76e1b49c00ae2
Lucas Alexander,71.0,73.0,145.0,Orthodox,1995-07-28,http://ufcstats.com/fighter-details/11583163f45c7b31
Marcio Alexandre Junior,72.0,75.0,185.0,Southpaw,1989-05-05,http://ufcstats.com/fighter-details/d53482bef23235ba
Olaf Alfonso,74.0,,170.0,Orthodox,1974-08-06,http://ufcstats.com/fighter-details/b757c73f443d4fca
Pablo Alfonso,68.0,,145.0,,1983-05-09,http://ufcstats.com/fighter-details/4b37a0bc2ab4cae1
Levi Alford,,,,,,http://ufcstats.com/fighter-details/41b34b7f11f6d085
Bill Algeo,72.0,73.0,145.0,Switch,1989-06-09,http://ufcstats.com/fighter-details/9abc648e76c4493a
Royce Alger,70.0,,199.0,Orthodox,,http://ufcstats.com/fighter-details/669a3cb6e394f515
Amir Aliakbari,75.0,,250.0,,1984-06-10,http://ufcstats.com/fighter-details/e17770faae3ca54c
Sultan Aliev,71.0,74.0,170.0,Orthodox,1984-09-17,http://ufcstats.com/fighter-details/e70de1859b7ee78e
Nurullo Aliev,70.0,72.0,155.0,Orthodox,2000-12-08,http://ufcstats.com/fighter-details/ca28cdf526d6b6e9
Ikram Aliskerov,72.0,76.0,185.0,Southpaw,1992-12-07,http://ufcstats.com/fighter-details/b07aed698fba8624
Leon Aliu,72.0,74.0,185.0,Orthodox,1989-07-14,http://ufcstats.com/fighter-details/6db394bf6c3b017c
John Allan,73.0,75.0,205.0,Orthodox,1993-02-22,http://ufcstats.com/fighter-details/6ebe96a116e79e52
George Allen,74.0,,205.0,Open Stance,1967-01-13,http://ufcstats.com/fighter-details/1e13936d708bcff7
Arnold Allen,68.0,70.0,145.0,Southpaw,1994-01-22,http://ufcstats.com/fighter-details/040a74bb0a465c54
Brendan Allen,74.0,75.0,185.0,Orthodox,1995-12-28,http://ufcstats.com/fighter-details/2f181c0467965b98
Daniel Allen,72.0,75.0,155.0,Southpaw,1992-08-10,http://ufcstats.com/fighter-details/adf9a901308fb8e3
Ben Alloway,71.0,76.0,170.0,Orthodox,1981-02-19,http://ufcstats.com/fighter-details/c4fe2e9a06ea5bcb
Asu Almabayev,64.0,65.0,125.0,Orthodox,1994-01-25,http://ufcstats.com/fighter-details/8d3273573b85be09
Bekzat Almakhan,67.0,68.0,135.0,Orthodox,1997-10-08,http://ufcstats.com/fighter-details/a4dc0f2b95df4cc1
John Dave Almanza,67.0,67.0,125.0,Southpaw,2004-03-22,http://ufcstats.com/fighter-details/088aa1b19b2dc14a
Ricardo Almeida,72.0,74.0,170.0,Orthodox,1976-11-29,http://ufcstats.com/fighter-details/91186547a7f3f758
Magno Almeida,72.0,,155.0,,1985-06-06,http://ufcstats.com/fighter-details/d615d6a10a4704cd
Thomas Almeida,67.0,70.0,145.0,Southpaw,1991-07-31,http://ufcstats.com/fighter-details/2b074403b7c6cdb4
Ericka Almeida,66.0,,115.0,Orthodox,1989-03-05,http://ufcstats.com/fighter-details/67a992d4cff22466
Estefani Almeida,64.0,,125.0,Orthodox,1988-10-17,http://ufcstats.com/fighter-details/f16ddfa31236efed
Jailton Almeida,75.0,79.0,205.0,Orthodox,1991-06-26,http://ufcstats.com/fighter-details/41e83a89929d1327
Lucas Almeida,71.0,71.0,145.0,Orthodox,1991-01-31,http://ufcstats.com/fighter-details/710f0f8c5d5c9d41
Cesar Almeida,73.0,74.0,185.0,Orthodox,1988-03-28,http://ufcstats.com/fighter-details/64d47ef881a437a4
Mauricio Alonso,74.0,,170.0,,1980-02-27,http://ufcstats.com/fighter-details/c6bf75775b278ed8
Sarah Alpar,64.0,63.0,135.0,Southpaw,1991-06-01,http://ufcstats.com/fighter-details/49b130de1da2e1bf
Ali AlQaisi,66.0,68.0,135.0,Orthodox,1990-09-23,http://ufcstats.com/fighter-details/e87a13e02c01331d
Rico Altamirano,70.0,,170.0,,,http://ufcstats.com/fighter-details/c61b49cec6abd6b9
Victor Altamirano,68.0,70.0,125.0,Switch,1991-01-23,http://ufcstats.com/fighter-details/dc7927cd622676a7
Mike Altman,70.0,,185.0,Orthodox,,http://ufcstats.com/fighter-details/c11036da9162cb5f
Patricia Alujas,64.0,64.0,115.0,Orthodox,1996-05-08,http://ufcstats.com/fighter-details/430c533614d45813
Sean Alvarez,72.0,,235.0,Orthodox,1971-07-14,http://ufcstats.com/fighter-details/e741536153227386
Eddie Alvarez,69.0,69.0,155.0,Orthodox,1984-01-11,http://ufcstats.com/fighter-details/33a331684283900f
Jaime Alvarez,68.0,69.0,125.0,Orthodox,1988-03-08,http://ufcstats.com/fighter-details/4438482bd1d5a029
Joel Alvarez,75.0,77.0,155.0,Orthodox,1993-03-02,http://ufcstats.com/fighter-details/58bbef3770bb2dfc
Thiago Alves,69.0,70.0,170.0,Orthodox,1983-10-03,http://ufcstats.com/fighter-details/31ee470ef5dc8d7f
Anthony Alves,,,,,,http://ufcstats.com/fighter-details/bd92cf5da5413d2a
Amilcar Alves,72.0,,170.0,Southpaw,1988-08-08,http://ufcstats.com/fighter-details/dc5a6b2fdb27e7dc
Warlley Alves,71.0,72.0,185.0,Orthodox,1991-01-04,http://ufcstats.com/fighter-details/d317a5e2b3f88c5f
Rafael Alves,68.0,68.0,155.0,Orthodox,1990-11-14,http://ufcstats.com/fighter-details/029afd138865d20a
Sam Alvey,74.0,75.0,185.0,Southpaw,1986-05-06,http://ufcstats.com/fighter-details/d156513a19acf856
Christopher Alvidrez,72.0,74.0,170.0,Orthodox,1996-12-27,http://ufcstats.com/fighter-details/f4abf9aeda861283
Mahamed Aly,74.0,78.0,205.0,Orthodox,1994-01-11,http://ufcstats.com/fighter-details/86c1441676af2c73
Andre Amado,72.0,,154.0,Orthodox,,http://ufcstats.com/fighter-details/20821819c401ced8
Adlan Amagov,74.0,76.0,170.0,Orthodox,1986-10-30,http://ufcstats.com/fighter-details/1e327b281ef6a745
Maiara Amanajas dos Santos,65.0,,115.0,Southpaw,1987-07-11,http://ufcstats.com/fighter-details/247fbbfafea60bb1
Chris Amarante,,,185.0,,,http://ufcstats.com/fighter-details/ee0b69e307c857e5
Jimmy Ambriz,74.0,,315.0,Southpaw,1970-01-26,http://ufcstats.com/fighter-details/c912f676692c353a
JJ Ambrose,70.0,,170.0,Orthodox,,http://ufcstats.com/fighter-details/d562b12b8fe88336
Alen Amedovski,70.0,74.0,185.0,Orthodox,1988-04-06,http://ufcstats.com/fighter-details/70fa1c64a2c439ef
Hyder Amil,69.0,70.0,145.0,Switch,1990-05-28,http://ufcstats.com/fighter-details/41cc71cbf210e0fe
Hamid Amiri,,,145.0,,2003-06-15,http://ufcstats.com/fighter-details/6c40705cf6c0d7e2
Makwan Amirkhani,70.0,72.0,145.0,Southpaw,1988-11-08,http://ufcstats.com/fighter-details/87a1dc546b1c5caf
Jaqueline Amorim,63.0,68.0,115.0,Orthodox,1995-06-24,http://ufcstats.com/fighter-details/bc7d1ad49fcb2d08
Bertrand Amoussou,68.0,,190.0,Orthodox,,http://ufcstats.com/fighter-details/53adf5b845d91e4a
Karl Amoussou,71.0,,185.0,Orthodox,1985-11-21,http://ufcstats.com/fighter-details/23a8c33869bf5392
Eryk Anders,73.0,75.0,185.0,Southpaw,1987-04-21,http://ufcstats.com/fighter-details/cad24459b28592ca
Matt Andersen,74.0,,230.0,Southpaw,1971-05-29,http://ufcstats.com/fighter-details/8738eacd62e82a32
Andy Anderson,66.0,,240.0,,1974-07-16,http://ufcstats.com/fighter-details/9199e0735b83dd32
Lowell Anderson,66.0,,160.0,Orthodox,,http://ufcstats.com/fighter-details/1ffc38f67785797b
Corey Anderson,75.0,79.0,205.0,Orthodox,1989-09-22,http://ufcstats.com/fighter-details/5e4eec08896c9423
Derek Anderson,72.0,,155.0,,1990-02-02,http://ufcstats.com/fighter-details/19ba965651486013
Megan Anderson,72.0,72.0,145.0,Orthodox,1990-02-11,http://ufcstats.com/fighter-details/a0e75f4a13eb73f1
Liam Anderson,75.0,75.0,185.0,Orthodox,1995-01-13,http://ufcstats.com/fighter-details/b03a0c78ca45facf
Tatsuya Ando,64.0,68.0,145.0,Southpaw,1990-04-26,http://ufcstats.com/fighter-details/17615148dd4be6f6
Alex Andrade,71.0,,200.0,Orthodox,1974-05-14,http://ufcstats.com/fighter-details/1562b12763cc8d67
Jessica Andrade,61.0,62.0,115.0,Orthodox,1991-09-25,http://ufcstats.com/fighter-details/6a1901c62ab3870f
Viscardi Andrade,71.0,75.0,170.0,Orthodox,1984-03-08,http://ufcstats.com/fighter-details/d221ee27afc7a60e
Jermaine Andre,67.0,,200.0,Orthodox,,http://ufcstats.com/fighter-details/9bad58fa651d6196
Fellipe Andrew,,,,,1994-10-24,http://ufcstats.com/fighter-details/7977fb0fd9c5955d
Dylan Andrews,73.0,74.0,185.0,Switch,1979-11-15,http://ufcstats.com/fighter-details/00debc804e2b1cd4
Reese Andy,72.0,,205.0,Orthodox,1973-03-31,http://ufcstats.com/fighter-details/46e2ca71fd5089cb
Angga,67.0,68.0,145.0,Orthodox,1989-01-13,http://ufcstats.com/fighter-details/d6a3e131ad4ba064
Julius Anglickas,75.0,,205.0,Orthodox,1991-07-23,http://ufcstats.com/fighter-details/e20ad078a7d63361
Collin Anglin,69.0,71.0,145.0,Orthodox,1993-02-20,http://ufcstats.com/fighter-details/047a91d3d9c79b05
Chad Anheliger,66.0,64.0,135.0,Orthodox,1986-12-01,http://ufcstats.com/fighter-details/c7c39e2fb70248b3
Yoji Anjo,71.0,,205.0,Orthodox,1967-03-28,http://ufcstats.com/fighter-details/e06fd1260ac865a7
Magomed Ankalaev,75.0,75.0,205.0,Orthodox,1992-06-02,http://ufcstats.com/fighter-details/d802174b0c0c1f4e
Gadzhimurad Antigulov,71.0,70.0,205.0,Orthodox,1987-02-09,http://ufcstats.com/fighter-details/af997f7611673880
Adam Antolin,65.0,63.0,125.0,Orthodox,1982-02-28,http://ufcstats.com/fighter-details/25b31165758402dd
Angelo Antonio,,,205.0,Orthodox,,http://ufcstats.com/fighter-details/dbd198f780286aca
Vanilto Antunes,72.0,72.0,170.0,Orthodox,1994-12-28,http://ufcstats.com/fighter-details/cc49ada1ea955b13
Azunna Anyanwu,73.0,,251.0,Orthodox,1981-08-05,http://ufcstats.com/fighter-details/78d48d3874dacafd
Shinsho Anzai,67.0,70.0,170.0,Orthodox,1985-12-01,http://ufcstats.com/fighter-details/4665f9f909cd7214
Jin Aoi,66.0,68.0,145.0,Orthodox,1997-01-21,http://ufcstats.com/fighter-details/031da10a00c8ccd4
Shinya Aoki,71.0,,154.0,Southpaw,1983-05-09,http://ufcstats.com/fighter-details/79ded75550efc139
Aoriqileng,67.0,69.0,135.0,Orthodox,1993-06-25,http://ufcstats.com/fighter-details/7d420039bbfe7c1a
Josh Appelt,70.0,,255.0,Southpaw,1983-06-19,http://ufcstats.com/fighter-details/0c1a04afca64e38f
Erik Apple,72.0,,170.0,Orthodox,1977-08-26,http://ufcstats.com/fighter-details/1ccff7f0cfdf85eb
Kenji Arai,70.0,,145.0,Southpaw,1979-10-05,http://ufcstats.com/fighter-details/269d103c96a4c3a5
Romie Aram,70.0,,170.0,Orthodox,1977-12-02,http://ufcstats.com/fighter-details/73ef22f25d0f70e2
Felipe Arantes,68.0,73.0,135.0,Orthodox,1988-02-09,http://ufcstats.com/fighter-details/71002dbc1743b9a7
Igor Araujo,73.0,77.0,170.0,Orthodox,1980-12-06,http://ufcstats.com/fighter-details/dbea8c1cb327ab3d
Viviane Araujo,64.0,68.0,125.0,Orthodox,1986-11-21,http://ufcstats.com/fighter-details/36541f1e6c5d4955
Julio Arce,67.0,70.0,145.0,Southpaw,1989-10-27,http://ufcstats.com/fighter-details/1291edf2d566a71a
Art Arciniega,68.0,,145.0,,1981-10-15,http://ufcstats.com/fighter-details/d25e39e74efb0a77
Alice Ardelean,63.0,62.0,115.0,Orthodox,1992-04-19,http://ufcstats.com/fighter-details/87f8699fdcc2c404
Tristan Arenal,,,155.0,,,http://ufcstats.com/fighter-details/9c9455912d917e4e
Gabriel Arges,,,170.0,,1993-01-29,http://ufcstats.com/fighter-details/db3c4a884d704efe
Dan Argueta,67.0,68.0,135.0,Southpaw,1993-08-13,http://ufcstats.com/fighter-details/e4ba58725825412d
Reza Arianto,,,155.0,,,http://ufcstats.com/fighter-details/90063913321e7670
Hashem Arkhagha,74.0,75.0,185.0,Orthodox,1989-09-11,http://ufcstats.com/fighter-details/9a7ffa80766caa51
Andrei Arlovski,75.0,77.0,240.0,Orthodox,1979-02-04,http://ufcstats.com/fighter-details/3738e68d2261e60f
Garrett Armfield,66.0,70.0,135.0,Orthodox,1996-10-09,http://ufcstats.com/fighter-details/1effd880e1f1bb30
Joey Armstrong,,,,,,http://ufcstats.com/fighter-details/30ad2050273d016a
Austin Arnett,72.0,72.0,145.0,Orthodox,1991-10-22,http://ufcstats.com/fighter-details/bf0e700106d00e55
Ricardo Arona,71.0,,205.0,Orthodox,1978-07-17,http://ufcstats.com/fighter-details/05fbfe628658c538
Eli Aronov,70.0,72.0,185.0,Orthodox,1996-06-06,http://ufcstats.com/fighter-details/a90c200c3fbb22c4
Chalid Arrab,71.0,,205.0,Orthodox,1975-05-28,http://ufcstats.com/fighter-details/770b9d4813c25902
Akbarh Arreola,70.0,71.0,155.0,Southpaw,1983-01-14,http://ufcstats.com/fighter-details/c136b2a8852da5bd
Matt Arroyo,70.0,72.0,170.0,Orthodox,1982-09-01,http://ufcstats.com/fighter-details/de62052b2ede65ba
Antonio Arroyo,75.0,73.0,185.0,Orthodox,1989-07-01,http://ufcstats.com/fighter-details/61fb8098ccf81c7f
Gilles Arsene,69.0,,190.0,Southpaw,,http://ufcstats.com/fighter-details/2dea80c069847321
Veta Arteaga,67.0,,125.0,,,http://ufcstats.com/fighter-details/91e3388e69060e69
Cesar Arzamendia,71.0,,155.0,Orthodox,1991-01-31,http://ufcstats.com/fighter-details/49f78022126bf4a4
Kai Asakura,68.0,69.0,125.0,Orthodox,1993-10-31,http://ufcstats.com/fighter-details/d33da8a3d82bdb62
Teddy Ash,73.0,73.0,185.0,Switch,1989-12-27,http://ufcstats.com/fighter-details/a373085066dbfb54
Arman Ashimov,66.0,,125.0,,1992-01-14,http://ufcstats.com/fighter-details/d26a0988c9dc9886
Yanal Ashmouz,69.0,69.0,155.0,Orthodox,1995-03-31,http://ufcstats.com/fighter-details/c739c2995a275314
Asjabharan,66.0,,135.0,,1992-07-31,http://ufcstats.com/fighter-details/8be9deb7d6b36354
Askar Askar,67.0,69.0,145.0,Orthodox,1994-08-19,http://ufcstats.com/fighter-details/2abc414136504554
Askar Askarov,66.0,67.0,125.0,Orthodox,1992-10-09,http://ufcstats.com/fighter-details/b1d19449397541dc
Cyril Asker,72.0,74.0,247.0,Orthodox,1985-12-24,http://ufcstats.com/fighter-details/9be6020024133293
Khusein Askhabov,68.0,69.0,145.0,Orthodox,1995-02-13,http://ufcstats.com/fighter-details/5c10da56d712ac9c
Scott Askham,75.0,75.0,185.0,Southpaw,1988-05-20,http://ufcstats.com/fighter-details/06827d70c53ff0d9
Ben Askren,71.0,73.0,170.0,Orthodox,1984-07-18,http://ufcstats.com/fighter-details/0b31f87be71ebbb1
Ibo Aslan,75.0,77.0,205.0,Orthodox,1996-04-23,http://ufcstats.com/fighter-details/6e8f1bcdda94ff45
Tom Aspinall,77.0,78.0,256.0,Orthodox,1993-04-11,http://ufcstats.com/fighter-details/399afbabc02376b5
Steven Asplund,77.0,78.0,261.0,Orthodox,1998-07-16,http://ufcstats.com/fighter-details/e56cee1ad697db04
Bruno Assis,74.0,,185.0,Orthodox,1992-05-23,http://ufcstats.com/fighter-details/ff222167cce02919
Junior Assuncao,69.0,72.0,145.0,Orthodox,1981-06-24,http://ufcstats.com/fighter-details/d0d7160824278840
Raphael Assuncao,65.0,66.0,135.0,Orthodox,1982-07-19,http://ufcstats.com/fighter-details/2f13e4020cea5b38
Michael Aswell,68.0,69.0,145.0,Orthodox,2000-09-27,http://ufcstats.com/fighter-details/01c9e4013afce141
Bazigit Atajev,73.0,,230.0,Orthodox,,http://ufcstats.com/fighter-details/fd7acf42bd6e7e95
Rich Attonito,70.0,72.0,170.0,Orthodox,1977-06-16,http://ufcstats.com/fighter-details/210935fd21670f6d
Olivier Aubin-Mercier,69.0,70.0,155.0,Southpaw,1989-02-23,http://ufcstats.com/fighter-details/55ee431411ccf07a
Pat Audinwood,72.0,,155.0,Orthodox,1986-04-16,http://ufcstats.com/fighter-details/196ed28337adc630
Jose Augusto,75.0,,251.0,,1992-03-28,http://ufcstats.com/fighter-details/4d3b08ab127c7585
Marcus Aurelio,70.0,74.0,155.0,Orthodox,1973-08-18,http://ufcstats.com/fighter-details/04643fd03d9159cc
David Avellan,69.0,,185.0,Orthodox,,http://ufcstats.com/fighter-details/956dcac65e7b34d6
Blas Avena,72.0,74.0,170.0,Orthodox,1983-06-30,http://ufcstats.com/fighter-details/8753e125f4499816
Levi Avera,73.0,,170.0,,1982-05-17,http://ufcstats.com/fighter-details/ba5c6eeb8ef45f5c
Anthony Avila,67.0,,145.0,,1988-12-29,http://ufcstats.com/fighter-details/033d19259f589457
Chris Avila,70.0,,145.0,Orthodox,1993-01-16,http://ufcstats.com/fighter-details/4665cbf36b08193b
Julia Avila,67.0,68.0,135.0,Orthodox,1988-05-11,http://ufcstats.com/fighter-details/86d9dbe1bfcbade7
Saad Awad,71.0,,155.0,,1983-06-07,http://ufcstats.com/fighter-details/da603332ad41f165
Javy Ayala,73.0,,265.0,,1988-08-20,http://ufcstats.com/fighter-details/26387c19f32dda0f
Jessin Ayari,72.0,73.0,155.0,Orthodox,1992-05-31,http://ufcstats.com/fighter-details/6eaec40f724852f4
Abu Azaitar,69.0,76.0,185.0,Orthodox,1986-03-10,http://ufcstats.com/fighter-details/46d0a888d87d91ac
Ottman Azaitar,68.0,71.0,155.0,Switch,1990-02-20,http://ufcstats.com/fighter-details/ee18ff42063174df
Luiz Azeredo,69.0,,154.0,Orthodox,1976-06-10,http://ufcstats.com/fighter-details/063649e21bc9d6d5
Luciano Azevedo,75.0,,161.0,Orthodox,1981-06-25,http://ufcstats.com/fighter-details/9bcfb40dbcd50568
Hunter Azure,68.0,69.0,145.0,Orthodox,1992-03-02,http://ufcstats.com/fighter-details/2af2f2e26c4c0402
Niklas Backstrom,73.0,,145.0,Orthodox,1989-08-22,http://ufcstats.com/fighter-details/39cc64bf0a269db9
Seth Baczynski,75.0,75.0,170.0,Orthodox,1981-10-26,http://ufcstats.com/fighter-details/fd5b6598a3b70c0a
Abdul Azeem Badakhshi,,,145.0,,,http://ufcstats.com/fighter-details/968764372c49eab6
Ryan Bader,74.0,74.0,205.0,Orthodox,1983-06-07,http://ufcstats.com/fighter-details/c0ab242c40decc55
Izabela Badurek,65.0,,115.0,Orthodox,1991-07-11,http://ufcstats.com/fighter-details/4fcf6e0c4e0e6664
Miguel Baeza,74.0,74.0,170.0,Orthodox,1992-08-23,http://ufcstats.com/fighter-details/82d4c957649faf9b
Ali Bagautinov,64.0,65.0,125.0,Orthodox,1985-06-10,http://ufcstats.com/fighter-details/3dd92ff9fb0412b3
Mehdi Baghdad,73.0,,155.0,Orthodox,1985-04-13,http://ufcstats.com/fighter-details/e4d2564ea0e34e2b
Melsik Baghdasaryan,69.0,70.0,145.0,Southpaw,1992-01-28,http://ufcstats.com/fighter-details/a52bc1e62cf0b7c6
Siyar Bahadurzada,71.0,73.0,170.0,Orthodox,1984-04-17,http://ufcstats.com/fighter-details/aec185309b4843d0
Ignacio Bahamondes,75.0,75.0,155.0,Orthodox,1997-08-27,http://ufcstats.com/fighter-details/e4a47b07044ddd72
Bahatebole Batebolati,68.0,71.0,170.0,Southpaw,1997-09-12,http://ufcstats.com/fighter-details/8f313e9c3a39c06e
Shamar Bailey,69.0,75.0,155.0,Southpaw,1982-09-22,http://ufcstats.com/fighter-details/e2b8186b618b00c4
Jordan Bailey,69.0,,145.0,,,http://ufcstats.com/fighter-details/34dbcd4dbaf21a36
Scott Baker,72.0,,210.0,,,http://ufcstats.com/fighter-details/7d5b12de1625984e
Bryan Baker,75.0,,185.0,Orthodox,1985-10-13,http://ufcstats.com/fighter-details/898337ef520fe4d3
Jin Bala,69.0,,155.0,,,http://ufcstats.com/fighter-details/371efa53bd0cf669
Balajin,69.0,72.0,145.0,Orthodox,1992-03-31,http://ufcstats.com/fighter-details/e626e92a8f2a9737
Oluwale Bamgbose,71.0,78.0,185.0,Switch,1987-08-04,http://ufcstats.com/fighter-details/04b39f4e8eb59d7c
Stephen Banaszak,72.0,,145.0,,1990-12-07,http://ufcstats.com/fighter-details/4c4b44e3cf5815b3
Marcin Bandel,70.0,,155.0,Orthodox,1989-10-10,http://ufcstats.com/fighter-details/5c2ce761399dc9c5
Humberto Bandenay,71.0,71.0,145.0,Southpaw,1994-09-04,http://ufcstats.com/fighter-details/2c2caf2f2bab9df5
Tae Hyun Bang,69.0,71.0,155.0,Switch,1983-04-15,http://ufcstats.com/fighter-details/9a2d3567abc02e34
Yohan Banks,,,,,,http://ufcstats.com/fighter-details/c50ea21fe9ef478d
Shauna Bannon,65.0,65.0,115.0,Switch,1993-10-23,http://ufcstats.com/fighter-details/9c442aaf149ea982
Antonio Banuelos,65.0,63.0,135.0,Orthodox,1979-09-23,http://ufcstats.com/fighter-details/9ddfb3369a3b0394
Iwo Baraniewski,72.0,73.0,205.0,Orthodox,1998-11-20,http://ufcstats.com/fighter-details/1c23ec2f1b71be40
Renan Barao,66.0,70.0,145.0,Orthodox,1987-01-31,http://ufcstats.com/fighter-details/2c99576fefe53c7c
Junior Barata,70.0,,170.0,Orthodox,1982-01-25,http://ufcstats.com/fighter-details/06dced58ca24a6bd
Maycee Barber,65.0,65.0,125.0,Switch,1998-05-18,http://ufcstats.com/fighter-details/6a740daf1b279661
Bryan Barberena,72.0,72.0,185.0,Southpaw,1989-05-03,http://ufcstats.com/fighter-details/a331233f597090a5
Djani Barbir,75.0,79.0,185.0,Orthodox,1997-08-09,http://ufcstats.com/fighter-details/d4baaa0630bf5798
Dione Barbosa,66.0,66.0,125.0,Orthodox,1992-05-08,http://ufcstats.com/fighter-details/27b388f0aab49780
Marcio Barbosa,66.0,70.0,145.0,Orthodox,1998-05-22,http://ufcstats.com/fighter-details/c85bad793cd14e28
Edson Barboza,71.0,75.0,155.0,Orthodox,1986-01-21,http://ufcstats.com/fighter-details/64a50dad704d1d49
Raoni Barcelos,67.0,67.0,135.0,Orthodox,1987-05-01,http://ufcstats.com/fighter-details/b9f28e7045fdfce7
Daniel Barez,66.0,66.0,125.0,Orthodox,1988-12-10,http://ufcstats.com/fighter-details/e8fe9c15d348e778
Danny Barlow,74.0,79.0,185.0,Southpaw,1995-08-02,http://ufcstats.com/fighter-details/b7c5eb7cdbac6a63
Luke Barnatt,78.0,77.0,185.0,Orthodox,1988-04-13,http://ufcstats.com/fighter-details/172c2135e70f87b7
James Barnes,68.0,71.0,135.0,Orthodox,1982-05-28,http://ufcstats.com/fighter-details/c06a5c95f1169c0b
Nick Barnes,71.0,,170.0,,,http://ufcstats.com/fighter-details/78a5eea49638685d
Shonte Barnes,71.0,76.0,185.0,Southpaw,1987-02-09,http://ufcstats.com/fighter-details/e575b6ff678c1aca
Josh Barnett,75.0,78.0,250.0,Orthodox,1977-11-10,http://ufcstats.com/fighter-details/ad3f53c454cbbead
Chris Barnett,69.0,75.0,265.0,Orthodox,1986-06-14,http://ufcstats.com/fighter-details/7a5e8c94a86f9895
Chris Barnhizer,,,,,,http://ufcstats.com/fighter-details/91e69a1c3c87325b
David Baron,66.0,,155.0,Switch,1973-02-15,http://ufcstats.com/fighter-details/80c0bed43da0e27b
Phil Baroni,69.0,72.0,170.0,Orthodox,1976-04-16,http://ufcstats.com/fighter-details/1652f3213655b935
Dan Barrera,69.0,,170.0,Orthodox,1980-12-23,http://ufcstats.com/fighter-details/f12f979b657ab876
Carlos Barreto,76.0,,230.0,Orthodox,,http://ufcstats.com/fighter-details/a220be6d41d6f97d
Jose Barreto,,,185.0,Southpaw,,http://ufcstats.com/fighter-details/c32eab6c2119e989
Peter Barrett,70.0,73.0,145.0,Southpaw,1986-08-10,http://ufcstats.com/fighter-details/d21113c9ff3788ae
Marc-Andre Barriault,73.0,74.0,185.0,Orthodox,1990-02-18,http://ufcstats.com/fighter-details/8e9eb3fc86db0f7d
David Barrios,66.0,,145.0,,,http://ufcstats.com/fighter-details/e6015889f50075d2
Alexandre Barros,69.0,,170.0,Southpaw,1976-11-19,http://ufcstats.com/fighter-details/8fd1f27e86661ede
Ricardo Barros,73.0,,205.0,,1976-03-22,http://ufcstats.com/fighter-details/d26394fc0e8e880a
Francimar Barroso,73.0,75.0,205.0,Orthodox,1980-02-28,http://ufcstats.com/fighter-details/b69f24c500d783e7
Pat Barry,71.0,74.0,235.0,Orthodox,1979-07-07,http://ufcstats.com/fighter-details/658c3465581ae46b
Dean Barry,70.0,72.0,170.0,Orthodox,1992-07-03,http://ufcstats.com/fighter-details/a6f3d15cb84334bb
Enrique Barzola,67.0,70.0,145.0,Orthodox,1989-04-28,http://ufcstats.com/fighter-details/be0b310a12eb80b4
Javid Basharat,69.0,69.0,135.0,Orthodox,1995-09-07,http://ufcstats.com/fighter-details/bbab3baf66128ae2
Farid Basharat,68.0,71.0,135.0,Orthodox,1997-08-02,http://ufcstats.com/fighter-details/a09ed60aa67a3f67
Austin Bashi,66.0,70.0,145.0,Orthodox,2001-09-29,http://ufcstats.com/fighter-details/d3f89fa685bd8420
Stephen Bass,69.0,,145.0,Orthodox,1982-11-14,http://ufcstats.com/fighter-details/1cecc8fe6748a532
Sean Bassett,,,155.0,,,http://ufcstats.com/fighter-details/2c733e059462c1dc
Ryan Bastianelli,65.0,,135.0,,,http://ufcstats.com/fighter-details/29508aff4d93cbbe
Shayna Baszler,67.0,,135.0,Orthodox,1980-08-08,http://ufcstats.com/fighter-details/8ef4a91ac694b7ce
Namsrai Batbayar,64.0,68.0,125.0,Orthodox,2000-12-29,http://ufcstats.com/fighter-details/e1f8beeb6d2d871a
Michel Batista,75.0,,260.0,Orthodox,1984-04-20,http://ufcstats.com/fighter-details/34218661c44ed55d
Bryan Battle,73.0,77.0,185.0,Orthodox,1994-09-21,http://ufcstats.com/fighter-details/f626118b6da0e020
Alan Baudot,75.0,79.0,243.0,Orthodox,1988-02-01,http://ufcstats.com/fighter-details/c9a94278df042f46
Mario Bautista,69.0,69.0,135.0,Switch,1993-07-01,http://ufcstats.com/fighter-details/bc711b6dd95c1af6
Chris Beal,67.0,69.0,125.0,Orthodox,1985-08-06,http://ufcstats.com/fighter-details/55f446032177b119
Donovan Beard,74.0,78.0,185.0,Orthodox,1989-11-05,http://ufcstats.com/fighter-details/3a6ac598320ca7f2
Rudy Bears,71.0,,170.0,Southpaw,,http://ufcstats.com/fighter-details/74f13066b1417ef3
Salvador Becerra,69.0,,155.0,,,http://ufcstats.com/fighter-details/4fd76e7ba8313457
Ariel Beck,66.0,66.0,125.0,Southpaw,1990-09-16,http://ufcstats.com/fighter-details/b96939f2b8d88e82
Jack Becker,70.0,71.0,155.0,Orthodox,1992-12-20,http://ufcstats.com/fighter-details/b5a379583673510a
Jeff Bedard,66.0,,145.0,Orthodox,1970-02-06,http://ufcstats.com/fighter-details/93bf96be327fcd98
Eric Bedard,74.0,,239.0,,1984-09-11,http://ufcstats.com/fighter-details/ce05955c26c3c090
Johnny Bedford,70.0,71.0,135.0,Orthodox,1983-01-06,http://ufcstats.com/fighter-details/ffc3e6daaa6da0b7
Rolando Bedoya,71.0,74.0,155.0,Orthodox,1997-01-13,http://ufcstats.com/fighter-details/40a456a25d52ee65
Chase Beebe,67.0,67.0,135.0,Orthodox,1985-03-29,http://ufcstats.com/fighter-details/b16a7e6a627e9789
Lyle Beerbohm,70.0,,155.0,Southpaw,1979-02-05,http://ufcstats.com/fighter-details/babc6b5745335f18
Allan Begosso,65.0,66.0,135.0,Orthodox,1995-11-23,http://ufcstats.com/fighter-details/d6ed764f8b78d32a
Azamat Bekoev,72.0,72.0,185.0,Orthodox,1995-12-30,http://ufcstats.com/fighter-details/3bc3f60b21cddc6a
Mirsad Bektic,68.0,70.0,145.0,Orthodox,1991-02-16,http://ufcstats.com/fighter-details/cbd3e590a85b18c5
Diana Belbita,67.0,68.0,125.0,Orthodox,1996-06-26,http://ufcstats.com/fighter-details/d7e40dca3ae125be
Alan Belcher,74.0,75.0,185.0,Orthodox,1984-04-24,http://ufcstats.com/fighter-details/4130a743d9d22163
Vitor Belfort,72.0,74.0,185.0,Southpaw,1977-04-01,http://ufcstats.com/fighter-details/0ee783aa00e468f0
Yousri Belgaroui,77.0,79.0,185.0,Orthodox,1992-06-02,http://ufcstats.com/fighter-details/7674b836ce0698a0
Rodolfo Bellato,75.0,75.0,205.0,Orthodox,1996-02-05,http://ufcstats.com/fighter-details/69898645d600abdb
Danilo Belluardo,72.0,74.0,155.0,Southpaw,1994-07-21,http://ufcstats.com/fighter-details/c3f6db17cea09ca7
Joey Beltran,73.0,75.0,185.0,Orthodox,1981-12-08,http://ufcstats.com/fighter-details/46baf0f57edfa4df
Marco Beltran,68.0,69.0,125.0,Orthodox,1986-05-18,http://ufcstats.com/fighter-details/ec71a892fada28c7
Joseph Benavidez,64.0,65.0,125.0,Southpaw,1984-07-31,http://ufcstats.com/fighter-details/80eacd4da0617c57
Mike Bencic,72.0,,215.0,Orthodox,,http://ufcstats.com/fighter-details/a71feb7ea7592a71
Dave Beneteau,74.0,,250.0,Orthodox,,http://ufcstats.com/fighter-details/9fd1f08dd4aec14a
Karla Benitez,63.0,,113.0,,,http://ufcstats.com/fighter-details/6104730621ff318d
Gabriel Benitez,68.0,71.0,155.0,Southpaw,1988-06-15,http://ufcstats.com/fighter-details/436f970c9ea9169c
Charles Bennett,68.0,,155.0,Orthodox,1979-11-23,http://ufcstats.com/fighter-details/8dc4f34c1f50d00d
Josh Bennett,76.0,,259.0,Orthodox,,http://ufcstats.com/fighter-details/c3ac8d0da7b05772
DeAnna Bennett,64.0,68.0,125.0,Orthodox,1984-11-18,http://ufcstats.com/fighter-details/404ecb2700844072
Benjamin Bennett,72.0,73.0,170.0,Switch,1994-05-08,http://ufcstats.com/fighter-details/7030c27fc9778964
Lance Benoist,71.0,72.0,170.0,Southpaw,1988-08-26,http://ufcstats.com/fighter-details/5431dccc09118234
Joe Benoit,69.0,,170.0,Orthodox,1982-03-12,http://ufcstats.com/fighter-details/a30f6d375dea5f9b
Ryan Benoit,65.0,68.0,125.0,Orthodox,1989-08-25,http://ufcstats.com/fighter-details/20999e27ddd94bda
Pat Benson,69.0,,155.0,,,http://ufcstats.com/fighter-details/a25f3dc0df974597
Len Bentley,69.0,,155.0,,1982-11-30,http://ufcstats.com/fighter-details/592d23aed850e652
Steve Berger,71.0,,170.0,Orthodox,1973-05-20,http://ufcstats.com/fighter-details/21b1132949f2a9b0
Kenneth Bergh,74.0,74.0,205.0,Orthodox,1989-06-26,http://ufcstats.com/fighter-details/aa8189053b3a8994
Bret Bergmark,69.0,,170.0,,1973-11-24,http://ufcstats.com/fighter-details/2891c9f7b26b26fc
Keith Berish,72.0,,205.0,Orthodox,1985-11-14,http://ufcstats.com/fighter-details/e3779ef06e98f185
Dennis Bermudez,66.0,66.0,155.0,Orthodox,1986-12-13,http://ufcstats.com/fighter-details/6f242453c91a5af0
Manny Bermudez,70.0,71.0,145.0,Orthodox,1994-07-16,http://ufcstats.com/fighter-details/2dc1bc1a02961656
Talita Bernardo,64.0,68.0,135.0,Orthodox,1987-03-04,http://ufcstats.com/fighter-details/5b2325cd70dbe2ea
Dave Berry,,,,,,http://ufcstats.com/fighter-details/b3bbe88fecd6a0d2
Keith Berry,73.0,,185.0,,1987-10-25,http://ufcstats.com/fighter-details/0b935b9bbbe5fc07
Dieusel Berto,69.0,,200.0,,,http://ufcstats.com/fighter-details/0db70ca89e1c7374
Edson Berto,66.0,,155.0,Orthodox,1983-07-05,http://ufcstats.com/fighter-details/66766984842c13dc
Allen Berube,68.0,,155.0,Orthodox,1974-08-25,http://ufcstats.com/fighter-details/aebfb84d1f6d2d8c
Anton Berzin,74.0,,205.0,Orthodox,1989-09-29,http://ufcstats.com/fighter-details/8ba8e8d7eafa7267
Scott Bessac,76.0,,245.0,,,http://ufcstats.com/fighter-details/3f24c96753dbd9f9
Matt Bessette,70.0,70.0,145.0,Orthodox,1984-12-28,http://ufcstats.com/fighter-details/0b8d512c79b4baf3
Khadzhi Bestaev,78.0,76.0,185.0,,1988-07-16,http://ufcstats.com/fighter-details/e05f4ce199baca91
Fernando Bettega,,,170.0,,1980-03-10,http://ufcstats.com/fighter-details/a524710c3ef918fa
Arjan Bhullar,73.0,75.0,245.0,Orthodox,1986-05-13,http://ufcstats.com/fighter-details/7e511f8d842a109d
KB Bhullar,76.0,78.0,185.0,Switch,1991-10-12,http://ufcstats.com/fighter-details/9cd047a828dd7515
Bibulatov Magomed,65.0,65.0,125.0,Orthodox,1988-08-22,http://ufcstats.com/fighter-details/87f19d19f4cb73f8
David Bielkheden,70.0,71.0,155.0,Orthodox,1979-06-06,http://ufcstats.com/fighter-details/1efa064872f089d0
Blake Bilder,68.0,68.0,145.0,Switch,1990-07-12,http://ufcstats.com/fighter-details/5095b0920a3602aa
Jonas Bilharinho,71.0,75.0,145.0,Switch,1990-05-22,http://ufcstats.com/fighter-details/ebbf571f349e79d9
Jeremiah Billington,69.0,,205.0,Orthodox,1977-11-14,http://ufcstats.com/fighter-details/b3b6e80b7d5f8f0d
Scott Bills,70.0,,170.0,,,http://ufcstats.com/fighter-details/53f02bbc41d99432
Anthony Birchak,68.0,69.0,135.0,Orthodox,1986-05-16,http://ufcstats.com/fighter-details/c5a126ace82a6025
Chris Birchler,75.0,,205.0,Switch,1987-06-05,http://ufcstats.com/fighter-details/8a22c6b4d29880a3
Angad Bisht,67.0,67.0,125.0,Orthodox,1995-06-05,http://ufcstats.com/fighter-details/7b4ae3fd439a05b6
Michael Bisping,73.0,75.0,185.0,Orthodox,1979-02-28,http://ufcstats.com/fighter-details/2b93ebd9f5417ad2
Amaury Bitetti,69.0,,185.0,Orthodox,,http://ufcstats.com/fighter-details/7a359ef685a304a7
Caio Bittencourt,72.0,75.0,185.0,Orthodox,1991-05-22,http://ufcstats.com/fighter-details/a653cb5eb4b39339
Davi Bittencourt,65.0,65.0,135.0,Orthodox,1994-10-12,http://ufcstats.com/fighter-details/dd6ec6f941c3a414
Simon Biyong,,,205.0,,1991-04-05,http://ufcstats.com/fighter-details/27ab7257bf6a3b65
Jan Blachowicz,74.0,78.0,205.0,Orthodox,1983-02-24,http://ufcstats.com/fighter-details/99df7d0a2a08a8a8
Jason Black,68.0,,155.0,Orthodox,1972-07-15,http://ufcstats.com/fighter-details/b2f743746e8dcfa2
Brad Blackburn,70.0,73.0,170.0,Orthodox,1977-05-25,http://ufcstats.com/fighter-details/7e69a4b0961aa555
Jason Blackford,,,,,,http://ufcstats.com/fighter-details/619d807fa54ae8f7
Tom Blackledge,,,205.0,Orthodox,,http://ufcstats.com/fighter-details/2adb11835acd815b
Sherrard Blackledge,71.0,75.0,155.0,Orthodox,1993-08-16,http://ufcstats.com/fighter-details/0e5c79b3594ff0ad
Da'Mon Blackshear,70.0,72.0,135.0,Switch,1994-08-12,http://ufcstats.com/fighter-details/da22387a0407a2dc
Chasen Blair,70.0,71.0,155.0,Orthodox,1998-10-14,http://ufcstats.com/fighter-details/0f4a536507f33576
Erin Blanchfield,64.0,66.0,125.0,Orthodox,1999-05-04,http://ufcstats.com/fighter-details/669970f7feba8ecd
Maximo Blanco,68.0,71.0,145.0,Orthodox,1983-10-16,http://ufcstats.com/fighter-details/4a1329cc8eb0928a
David Blanco,67.0,,145.0,,,http://ufcstats.com/fighter-details/ebf298f8ac7e232b
Curtis Blaydes,76.0,80.0,265.0,Orthodox,1991-02-18,http://ufcstats.com/fighter-details/fa6796c55d6c5440
Tereza Bleda,69.0,71.0,125.0,Orthodox,2001-11-30,http://ufcstats.com/fighter-details/59c438c81fbf3ece
Arlene Blencowe,65.0,,145.0,,1983-04-11,http://ufcstats.com/fighter-details/35d6337320a4ae48
Byron Bloodworth,68.0,,135.0,Orthodox,1983-08-16,http://ufcstats.com/fighter-details/ecdf14f4f8643d39
Dashawn Boatwright,72.0,,205.0,Orthodox,1988-02-29,http://ufcstats.com/fighter-details/046a85108610c0d2
Dan Bobish,74.0,,345.0,Southpaw,1970-01-26,http://ufcstats.com/fighter-details/f348d05403fad037
Mark Bocek,68.0,75.0,155.0,Orthodox,1981-10-24,http://ufcstats.com/fighter-details/cf9d24e4bd0cf2ce
Kyle Bochniak,67.0,70.0,145.0,Orthodox,1987-02-05,http://ufcstats.com/fighter-details/c5af5750e8bae4f0
James Bochnovic,76.0,81.0,205.0,Orthodox,1989-02-13,http://ufcstats.com/fighter-details/984d15d5dc7bfcf9
Jeremy Boczulak,,,,,,http://ufcstats.com/fighter-details/1afd74f8cb0719f3
Tim Boetsch,72.0,74.0,185.0,Orthodox,1981-01-28,http://ufcstats.com/fighter-details/c80095f6092271a7
Galore Bofando,71.0,72.0,170.0,Switch,1982-05-22,http://ufcstats.com/fighter-details/8a56ea383fd26e52
Jay Bogan,,,145.0,,,http://ufcstats.com/fighter-details/53c21779d84ceb75
Roman Bogatov,68.0,73.0,155.0,Orthodox,1990-12-15,http://ufcstats.com/fighter-details/d61316139d68dbe3
Derek Bohi,76.0,,260.0,,,http://ufcstats.com/fighter-details/70a1c7626b5e0599
Jerry Bohlander,71.0,,199.0,Orthodox,1974-02-12,http://ufcstats.com/fighter-details/93892752c5fc23ca
Mandy Bohm,67.0,71.0,125.0,Orthodox,1989-07-30,http://ufcstats.com/fighter-details/297a2b35444c245b
Kotetsu Boku,69.0,,154.0,Orthodox,1977-05-27,http://ufcstats.com/fighter-details/d227958e8a0c1466
Gaston Bolanos,67.0,69.0,135.0,Orthodox,1992-09-14,http://ufcstats.com/fighter-details/96924b0019b3aff1
Kyle Bolt,74.0,,185.0,,,http://ufcstats.com/fighter-details/9d455d5cfe6a0e35
Denys Bondar,66.0,69.0,125.0,Orthodox,1992-06-27,http://ufcstats.com/fighter-details/2526be54e6a0e62a
Luc Bondole,74.0,,205.0,,,http://ufcstats.com/fighter-details/8691881b31c16b88
Tony Bonello,74.0,,185.0,,,http://ufcstats.com/fighter-details/702a72aa7a266d86
Gabriel Bonfim,73.0,72.0,170.0,Orthodox,1997-08-20,http://ufcstats.com/fighter-details/01641ba5df0c69b0
Ismael Bonfim,68.0,71.0,155.0,Orthodox,1995-12-28,http://ufcstats.com/fighter-details/eb393afdbe3293d5
Jesse Bongfeldt,72.0,,185.0,Orthodox,1980-08-28,http://ufcstats.com/fighter-details/934de214814b8ff4
Marcos Bonilla,70.0,,145.0,,,http://ufcstats.com/fighter-details/d311fbefff44a39b
Stephan Bonnar,76.0,79.0,205.0,Orthodox,1977-04-04,http://ufcstats.com/fighter-details/c6a33ff198aaaeeb
Rogerio Bontorin,65.0,67.0,125.0,Orthodox,1992-04-25,http://ufcstats.com/fighter-details/07a2bdaa0afdd831
Ray Borg,64.0,63.0,135.0,Orthodox,1993-08-04,http://ufcstats.com/fighter-details/a4de54ea806fb525
Igor Borisov,72.0,,235.0,Orthodox,,http://ufcstats.com/fighter-details/0313bf497de9c470
Kevin Borjas,65.0,68.0,125.0,Orthodox,1997-12-06,http://ufcstats.com/fighter-details/34b96d52db1d26e6
Calen Born,68.0,72.0,170.0,Switch,1988-05-24,http://ufcstats.com/fighter-details/3c85e04b08a05751
Caio Borralho,73.0,75.0,185.0,Southpaw,1993-01-16,http://ufcstats.com/fighter-details/4126a78111c0855a
Zachary Borrego,74.0,78.0,185.0,Switch,1996-07-18,http://ufcstats.com/fighter-details/b8fdb2903a2582a8
Viacheslav Borshchev,71.0,69.0,155.0,Orthodox,1992-01-08,http://ufcstats.com/fighter-details/19c591115a58982c
Tanner Boser,74.0,75.0,205.0,Orthodox,1991-08-02,http://ufcstats.com/fighter-details/04c8b08b16a5b99e
Steve Bosse,71.0,72.0,205.0,Orthodox,1981-07-29,http://ufcstats.com/fighter-details/e023fa2e648ea0f1
Marcus Bossett,73.0,,215.0,Orthodox,,http://ufcstats.com/fighter-details/e8fb8e53bc2e29d6
Chris Bostick,,,,,,http://ufcstats.com/fighter-details/239224bedeb2c7a4
Poliana Botelho,68.0,67.0,125.0,Orthodox,1988-12-15,http://ufcstats.com/fighter-details/5c126c6aac3ef364
Francois Botha,74.0,,260.0,Orthodox,1968-09-28,http://ufcstats.com/fighter-details/545d549d6bf87187
Ilian Bouafia,77.0,78.0,185.0,Southpaw,1996-11-13,http://ufcstats.com/fighter-details/d5e929c26f25f0d3
Gregory Bouchelaghem,74.0,,183.0,Switch,,http://ufcstats.com/fighter-details/59851163aaf1aed8
Roy Boughton,72.0,,205.0,,,http://ufcstats.com/fighter-details/2aaf0181432adf0b
Rich Bouphanouvong,67.0,,170.0,,,http://ufcstats.com/fighter-details/611b9c068c9e2c44
Mike Bourke,72.0,,275.0,Orthodox,,http://ufcstats.com/fighter-details/dfdd0c5dd0d4bc23
Jess Bouscal,,,155.0,,,http://ufcstats.com/fighter-details/38b1417ec17072da
Tai Bowden,71.0,,230.0,,,http://ufcstats.com/fighter-details/2efbc83a6b9b7f86
Melton Bowen,72.0,,225.0,Orthodox,1969-07-16,http://ufcstats.com/fighter-details/81ca2c245b19b3c5
Kyron Bowen,75.0,73.0,185.0,Orthodox,1993-12-22,http://ufcstats.com/fighter-details/5488b3c67600333a
Brian Bowles,67.0,70.0,135.0,Orthodox,1980-06-22,http://ufcstats.com/fighter-details/b26d3e3746fb4024
Roger Bowling,69.0,68.0,155.0,Orthodox,1982-12-05,http://ufcstats.com/fighter-details/3b9f723e2720a238
Blake Bowman,74.0,,170.0,,,http://ufcstats.com/fighter-details/a95a0504fd73bd3e
Ashe Bowman,69.0,,155.0,,1976-11-17,http://ufcstats.com/fighter-details/8a0a35e7c74bebcc
Anvar Boynazarov,69.0,,145.0,Orthodox,1989-01-10,http://ufcstats.com/fighter-details/4a191f4ea2fce7fc
ColleyBradford,67.0,,145.0,,,http://ufcstats.com/fighter-details/1433786ac76cf777
Kyle Bradley,69.0,71.0,155.0,Orthodox,1982-08-19,http://ufcstats.com/fighter-details/a6959da32f0e6b5d
Paul Bradley,69.0,,170.0,Orthodox,1983-06-13,http://ufcstats.com/fighter-details/c7011de4765d2497
Sean Brady,70.0,72.0,170.0,Orthodox,1992-11-23,http://ufcstats.com/fighter-details/45f7cb591c3ab00b
Ebenezer Fontes Braga,72.0,,199.0,Orthodox,1969-04-14,http://ufcstats.com/fighter-details/dc950d59dc590aca
Ramiz Brahimaj,70.0,72.0,170.0,Orthodox,1992-11-17,http://ufcstats.com/fighter-details/3d074044a33825e7
Adam Bramhald,70.0,70.0,135.0,Orthodox,1994-03-24,http://ufcstats.com/fighter-details/3c99bd6cb5d835ef
Joe Brammer,68.0,,155.0,Orthodox,1983-08-23,http://ufcstats.com/fighter-details/013da757877044a2
David Branch,73.0,78.0,185.0,Orthodox,1981-09-26,http://ufcstats.com/fighter-details/d2c55d1d2e67773b
Billy Brand,66.0,65.0,135.0,Orthodox,1996-07-03,http://ufcstats.com/fighter-details/edae6db2b3453632
Diego Brandao,67.0,64.0,145.0,Orthodox,1987-05-27,http://ufcstats.com/fighter-details/c2e3e67b5911bfb7
Bruna Brasil,66.0,65.0,115.0,Orthodox,1993-09-07,http://ufcstats.com/fighter-details/7138a15258dabf20
Michael Bravo,,,155.0,,,http://ufcstats.com/fighter-details/dc63542668295c23
Martin Bravo,68.0,71.0,145.0,Southpaw,1993-09-21,http://ufcstats.com/fighter-details/9c44f290f5726d95
Roman Bravo-Young,,,205.0,,,http://ufcstats.com/fighter-details/37ce890a4670b287
Mike Breeden,70.0,70.0,155.0,Orthodox,1989-04-21,http://ufcstats.com/fighter-details/d80ee110748171ac
Tom Breese,75.0,73.0,185.0,Southpaw,1991-09-26,http://ufcstats.com/fighter-details/1588b787bda7b540
Elves Brener,70.0,72.0,155.0,Orthodox,1997-09-27,http://ufcstats.com/fighter-details/48a9a128784d53d1
Chris Brennan,68.0,,170.0,Orthodox,1971-10-12,http://ufcstats.com/fighter-details/b19fc66613dc75b9
Charlie Brenneman,70.0,70.0,155.0,Orthodox,1981-02-09,http://ufcstats.com/fighter-details/98f6da59d765ec94
Robert Breslin,71.0,,155.0,,,http://ufcstats.com/fighter-details/e319d6697d41f3cf
Mack Brewer,,,205.0,,,http://ufcstats.com/fighter-details/106a925d947a0de9
Marcos Brigagao,75.0,76.0,205.0,Southpaw,1996-04-01,http://ufcstats.com/fighter-details/11547e29f253fb89
Jason Brilz,71.0,71.0,205.0,Orthodox,1975-07-07,http://ufcstats.com/fighter-details/497ba5b12a4bfc47
Marcus Brimage,64.0,71.0,135.0,Southpaw,1985-04-06,http://ufcstats.com/fighter-details/81801f57bd0a7c41
Aaron Brink,75.0,,205.0,Orthodox,1974-11-12,http://ufcstats.com/fighter-details/cf1a88371c8cb690
Henry Briones,68.0,69.0,135.0,Orthodox,1980-10-22,http://ufcstats.com/fighter-details/01fcef7e3d051722
Marcelo Brito,73.0,,170.0,Orthodox,1977-11-27,http://ufcstats.com/fighter-details/3a97fda0de6f1fa4
Joanderson Brito,68.0,72.0,145.0,Orthodox,1995-02-11,http://ufcstats.com/fighter-details/791c8437b341fba5
Kaik Brito,71.0,72.0,170.0,Orthodox,1997-03-26,http://ufcstats.com/fighter-details/b07f14fc0e53f8bd
Icaro Brito,,,145.0,,1999-03-09,http://ufcstats.com/fighter-details/06dd61c8d545c63f
Antwain Britt,73.0,77.0,205.0,,1978-05-09,http://ufcstats.com/fighter-details/2833f50b20e96e52
Drew Brokenshire,,,,,,http://ufcstats.com/fighter-details/aa571d75f80fde7d
Mike Bronzoulis,72.0,,155.0,,1979-01-05,http://ufcstats.com/fighter-details/df3c39573d01f55b
Jonathan Brookins,72.0,74.0,145.0,Southpaw,1985-08-13,http://ufcstats.com/fighter-details/b0a6124751a56bc4
Will Brooks,70.0,72.0,155.0,Orthodox,1986-10-08,http://ufcstats.com/fighter-details/b6e6c3b1dcaae0a1
Jarred Brooks,63.0,62.0,125.0,Switch,1993-05-02,http://ufcstats.com/fighter-details/81d9df19e255b8b6
Rob Broughton,74.0,74.0,265.0,Orthodox,1983-03-03,http://ufcstats.com/fighter-details/a7d687e6ecb30981
Lee Brousseau,73.0,,205.0,,1974-10-04,http://ufcstats.com/fighter-details/0974d8d4053a7237
Matt Brown,72.0,75.0,170.0,Orthodox,1981-01-10,http://ufcstats.com/fighter-details/31123249b0bbf52e
Mike Brown,66.0,70.0,145.0,Orthodox,1975-09-08,http://ufcstats.com/fighter-details/e0b74df14f52cd15
Dominic Brown,71.0,,190.0,,1982-06-04,http://ufcstats.com/fighter-details/52b3ec072ad497a4
Todd Brown,71.0,,205.0,Orthodox,1976-12-13,http://ufcstats.com/fighter-details/9b68bf67c5695185
Terrell Brown,,,185.0,,1983-04-13,http://ufcstats.com/fighter-details/85df85a4e276c90e
Chris Brown,,,170.0,,,http://ufcstats.com/fighter-details/9e2624ac992660c6
Frederick Brown,72.0,,235.0,,,http://ufcstats.com/fighter-details/880c6b788266a3ef
Randy Brown,75.0,78.0,170.0,Orthodox,1990-07-08,http://ufcstats.com/fighter-details/c6aee362c7a7d482
Damien Brown,70.0,68.0,155.0,Orthodox,1984-12-25,http://ufcstats.com/fighter-details/d024ed963e8bf7ea
TJ Brown,69.0,72.0,145.0,Switch,1990-05-22,http://ufcstats.com/fighter-details/d31cbcdd7d69536d
Humberto Brown Morrison,70.0,,145.0,,1984-11-03,http://ufcstats.com/fighter-details/e9e7e1c8ff289e1b
Travis Browne,78.0,79.0,255.0,Orthodox,1982-07-17,http://ufcstats.com/fighter-details/3236bf606fe9fa5b
Junie Browning,69.0,,155.0,Orthodox,1984-05-12,http://ufcstats.com/fighter-details/d74cba8566291bfa
Jules Bruchez,72.0,,205.0,Southpaw,1977-08-16,http://ufcstats.com/fighter-details/d1dcd4e96464a53d
Justin Bruckmann,69.0,,170.0,Orthodox,,http://ufcstats.com/fighter-details/5f8e00c27b7e7410
Cody Brundage,72.0,72.0,185.0,Orthodox,1994-05-16,http://ufcstats.com/fighter-details/f14f644d41ade29f
Steve Bruno,70.0,,170.0,Orthodox,1981-11-03,http://ufcstats.com/fighter-details/2f3f12002564bb55
Fernando Bruno,66.0,,145.0,,1982-02-24,http://ufcstats.com/fighter-details/b8c0f30ee9a98b69
Derek Brunson,73.0,77.0,185.0,Southpaw,1984-01-04,http://ufcstats.com/fighter-details/b1a3e0aca758b322
Josh Bryant,70.0,,185.0,Orthodox,1980-04-23,http://ufcstats.com/fighter-details/01f022fa494188e2
Dennis Bryant,72.0,,205.0,Orthodox,1985-10-18,http://ufcstats.com/fighter-details/3b17353b8002c7d0
Robert Bryczek,72.0,75.0,185.0,Orthodox,1990-07-04,http://ufcstats.com/fighter-details/f96856f9d69fd7e4
Lukasz Brzeski,75.0,78.0,236.0,Orthodox,1992-05-17,http://ufcstats.com/fighter-details/0c25d0a5e8cdbf19
Marcus Buchecha,74.0,77.0,255.0,Orthodox,1990-01-08,http://ufcstats.com/fighter-details/095854a135e6db55
Justin Buchholz,72.0,73.0,155.0,Orthodox,1983-08-22,http://ufcstats.com/fighter-details/231926533134ec1f
Zak Bucia,70.0,,170.0,,,http://ufcstats.com/fighter-details/6bbb8dc6e128779e
Courtney Buck,70.0,,135.0,Orthodox,1982-03-19,http://ufcstats.com/fighter-details/3feed7d02711d8b7
Joaquin Buckley,70.0,76.0,170.0,Southpaw,1994-04-27,http://ufcstats.com/fighter-details/b9437600497350f3
Martin Buday,76.0,77.0,265.0,Orthodox,1991-11-11,http://ufcstats.com/fighter-details/8eb046f83e82bf26
Julia Budd,67.0,67.0,145.0,,1983-07-04,http://ufcstats.com/fighter-details/dcdc4503b9d49977
Dylan Budka,72.0,75.0,185.0,Switch,2000-01-14,http://ufcstats.com/fighter-details/a817e238b2747404
Mike Budnik,69.0,68.0,145.0,Orthodox,1974-08-08,http://ufcstats.com/fighter-details/b98209144b63ae26
Francisco Bueno,69.0,,225.0,Orthodox,,http://ufcstats.com/fighter-details/a72d260b436924c4
Mayra Bueno Silva,66.0,66.0,135.0,Orthodox,1991-08-22,http://ufcstats.com/fighter-details/cc8c623cca88f54f
Paul Buentello,74.0,77.0,245.0,Orthodox,1974-01-16,http://ufcstats.com/fighter-details/f0abbb6f3444dae7
Marek Bujlo,,,265.0,,1993-10-10,http://ufcstats.com/fighter-details/ac0874309da489b9
Modestas Bukauskas,75.0,76.0,205.0,Switch,1994-02-10,http://ufcstats.com/fighter-details/476fe566d2df676e
Lee Kwan Bum,74.0,,286.0,Orthodox,,http://ufcstats.com/fighter-details/c0342805a1948cbb
Josh Bumgarner,73.0,,170.0,,,http://ufcstats.com/fighter-details/9900ab86a4c458bd
Shawn Bunch,65.0,,135.0,,1983-03-19,http://ufcstats.com/fighter-details/6e9af164ab91a229
Felipe Bunes,67.0,69.0,125.0,Orthodox,1989-10-29,http://ufcstats.com/fighter-details/53c10176e3bc7416
Shane Burgos,71.0,75.0,145.0,Orthodox,1991-03-19,http://ufcstats.com/fighter-details/98d961097baaf308
Joshua Burkman,70.0,72.0,170.0,Orthodox,1980-04-10,http://ufcstats.com/fighter-details/6da99156486ed6c2
Justin Burlinson,73.0,74.0,170.0,Switch,1997-05-19,http://ufcstats.com/fighter-details/dadd80ef954e54ed
Mads Burnell,68.0,69.0,145.0,Orthodox,1994-03-06,http://ufcstats.com/fighter-details/69f01b25dfabaf6b
Mikey Burnett,66.0,,170.0,Orthodox,1974-04-12,http://ufcstats.com/fighter-details/4c805f5f58a75df0
Kevin Burns,70.0,74.0,170.0,Orthodox,1980-03-03,http://ufcstats.com/fighter-details/a6d8bfe9e0c8153b
Gilbert Burns,70.0,71.0,170.0,Orthodox,1986-07-20,http://ufcstats.com/fighter-details/23024fdfc966410a
Josh Burns,73.0,,244.0,,1978-05-15,http://ufcstats.com/fighter-details/1e092415a7eeaf65
Herbert Burns,69.0,73.0,145.0,Orthodox,1988-02-02,http://ufcstats.com/fighter-details/4f140403000158b5
Derrick Burnsed,,,155.0,,,http://ufcstats.com/fighter-details/2213330f082f82d5
Nah-Shon Burrell,71.0,,170.0,Orthodox,1990-02-05,http://ufcstats.com/fighter-details/2c64c035485906aa
Martin Buschkamp,69.0,,145.0,Orthodox,1991-01-06,http://ufcstats.com/fighter-details/8fc30d8cebb17116
George Bush,73.0,,205.0,,,http://ufcstats.com/fighter-details/f0c779dc2ca3816c
Bubba Bush,72.0,,185.0,Orthodox,1985-07-24,http://ufcstats.com/fighter-details/132505067f08c54d
Dakota Bush,70.0,73.0,155.0,Orthodox,1994-06-09,http://ufcstats.com/fighter-details/3033c1c080672475
Murilo Bustamante,74.0,,183.0,Orthodox,1966-07-30,http://ufcstats.com/fighter-details/85d905f7c4f5a1af
Nick Bustamante,69.0,,170.0,,,http://ufcstats.com/fighter-details/51b1ca2a4b064101
Eduardo Bustillos,68.0,,135.0,,1987-06-02,http://ufcstats.com/fighter-details/f273f1b8df04c8a1
Jason Butcher,75.0,,185.0,,1984-10-23,http://ufcstats.com/fighter-details/30e39145fec48d25
Todd Butler,73.0,,200.0,Southpaw,,http://ufcstats.com/fighter-details/3fed746acfd026dd
Goldman Butler,,,,,,http://ufcstats.com/fighter-details/e2d5072048b825b1
Ian Butler,68.0,,155.0,,,http://ufcstats.com/fighter-details/6b8fd98eb52363d1
Raphael Butler,75.0,,261.0,,1984-01-04,http://ufcstats.com/fighter-details/f941505e35fb1eae
Jesse Butler,70.0,73.0,135.0,Orthodox,1992-05-24,http://ufcstats.com/fighter-details/a75a48bfe776b2c2
JP Buys,65.0,67.0,135.0,Orthodox,1996-04-30,http://ufcstats.com/fighter-details/0b362247806341e5
Dennis Buzukja,69.0,70.0,145.0,Switch,1997-10-01,http://ufcstats.com/fighter-details/c4d039123e62f6a9
Charles Byrd,70.0,73.0,185.0,Orthodox,1983-10-11,http://ufcstats.com/fighter-details/76ee3d666c648f6b
Steve Byrnes,72.0,,170.0,Orthodox,,http://ufcstats.com/fighter-details/43612456979e5d5e
Michael Byrnes,71.0,,155.0,,1990-07-17,http://ufcstats.com/fighter-details/87f0b37f153cf497
Yan Cabral,71.0,73.0,155.0,Orthodox,1983-05-13,http://ufcstats.com/fighter-details/7cdd3e5d3aa9cb39
Juan Cabrera,,,185.0,,2004-02-19,http://ufcstats.com/fighter-details/601f8439a0277670
Alvin Cacdac,66.0,,125.0,Orthodox,,http://ufcstats.com/fighter-details/ce7871949b0ed2bf
Alex Caceres,70.0,73.0,145.0,Southpaw,1988-06-20,http://ufcstats.com/fighter-details/7aa3d6964eff4877
Vince Cachero,66.0,68.0,145.0,Orthodox,1989-11-07,http://ufcstats.com/fighter-details/ed2a8cc402173781
Priscila Cachoeira,67.0,65.0,135.0,Orthodox,1988-08-19,http://ufcstats.com/fighter-details/b1e5bcaad32a3cac
Travis Calanoc,68.0,,145.0,Orthodox,,http://ufcstats.com/fighter-details/90d28fee0af74f2d
Ricky Calatayud,69.0,,125.0,,1982-10-10,http://ufcstats.com/fighter-details/800feaa25700a85f
Lucas Caldas,,,155.0,Orthodox,1996-05-22,http://ufcstats.com/fighter-details/8661578c8bb80f51
Carlos Calderon,71.0,71.0,145.0,Southpaw,1996-02-10,http://ufcstats.com/fighter-details/7d4d7583df7eebf9
Darrion Caldwell,70.0,,135.0,,1987-12-19,http://ufcstats.com/fighter-details/b7dc25ee40ee8334
Nicolle Caliari,63.0,62.0,125.0,Orthodox,1996-11-04,http://ufcstats.com/fighter-details/fc0a4053eb8a3a59
Taylor Callens,70.0,,155.0,,1991-05-21,http://ufcstats.com/fighter-details/53d471e9bf5f2fc8
Cynthia Calvillo,64.0,64.0,115.0,Orthodox,1987-07-13,http://ufcstats.com/fighter-details/98215d037be5bcb7
Joe Camacho,69.0,,155.0,Orthodox,1972-03-10,http://ufcstats.com/fighter-details/dfb965c9824425db
Frank Camacho,70.0,73.0,155.0,Orthodox,1989-05-18,http://ufcstats.com/fighter-details/764342d39cdaa54a
Lucas Camacho,76.0,80.0,265.0,Orthodox,1992-12-15,http://ufcstats.com/fighter-details/71d25689f70e4036
Matheus Camilo,70.0,69.0,155.0,Orthodox,2001-01-02,http://ufcstats.com/fighter-details/72f890c5d421e705
Fabricio Camoes,70.0,71.0,155.0,Orthodox,1978-12-23,http://ufcstats.com/fighter-details/7abe471b61725980
Chris Camozzi,74.0,75.0,185.0,Orthodox,1986-11-20,http://ufcstats.com/fighter-details/6c2030e0a143a94b
Brian Camozzi,74.0,78.0,170.0,Orthodox,1991-06-24,http://ufcstats.com/fighter-details/1999ffb5cebc314f
Ricky Camp,67.0,,135.0,,,http://ufcstats.com/fighter-details/4a99978a0366bb29
Mike Campbell,69.0,,155.0,Southpaw,,http://ufcstats.com/fighter-details/f5585e675af7afd4
Thomas Campbell,,,,,,http://ufcstats.com/fighter-details/d060014a5a039829
Shane Campbell,72.0,71.0,155.0,Orthodox,1987-01-21,http://ufcstats.com/fighter-details/784285b7ae7dd85f
Charlie Campbell,72.0,72.0,155.0,Orthodox,1995-07-03,http://ufcstats.com/fighter-details/b39f7a6c2be17ee8
Kitt Campbell,73.0,73.0,170.0,Orthodox,1994-06-26,http://ufcstats.com/fighter-details/903ef36a6adc09a3
Kurtis Campbell,69.0,72.0,145.0,Switch,2002-07-29,http://ufcstats.com/fighter-details/9d51798e61f2e0c7
John Campetella,69.0,,235.0,Orthodox,,http://ufcstats.com/fighter-details/31bbd46d57dfbcb7
Wagner Campos,66.0,,145.0,Southpaw,1981-07-31,http://ufcstats.com/fighter-details/db6d5f691aea3fd3
Derek Campos,69.0,,155.0,,1988-04-01,http://ufcstats.com/fighter-details/aa8dc72b3a1f761c
Will Campuzano,69.0,70.0,125.0,Orthodox,1986-05-27,http://ufcstats.com/fighter-details/901cddcbfa079097
Aleksa Camur,73.0,74.0,205.0,Orthodox,1995-09-25,http://ufcstats.com/fighter-details/c2a670b22d2e196f
Chico Camus,66.0,66.0,125.0,Orthodox,1985-01-26,http://ufcstats.com/fighter-details/32be4b7f7de1c905
Asbel Cancio,70.0,,225.0,,,http://ufcstats.com/fighter-details/2a7afe14b3a0a058
Carlos Candelario,68.0,68.0,125.0,Southpaw,1991-06-04,http://ufcstats.com/fighter-details/760a55d5b6098cbe
Ronaldo Candido,66.0,,125.0,Southpaw,1989-04-24,http://ufcstats.com/fighter-details/23fbe02caabcd214
Luiz Cane,74.0,77.0,185.0,Southpaw,1981-04-24,http://ufcstats.com/fighter-details/24b033b3daf1c9df
Guido Cannetti,66.0,68.0,135.0,Southpaw,1979-12-19,http://ufcstats.com/fighter-details/d05412b513b19621
Jared Cannonier,71.0,77.0,185.0,Switch,1984-03-16,http://ufcstats.com/fighter-details/13a0275fa13c4d26
Jose Canseco,76.0,,240.0,Orthodox,1964-07-02,http://ufcstats.com/fighter-details/03da33a102d9a45f
Cody Canterbury,68.0,,155.0,,,http://ufcstats.com/fighter-details/23100e8f71f25a4a
Bo Cantrell,74.0,,235.0,Orthodox,1969-02-08,http://ufcstats.com/fighter-details/6750e338922a099d
Steve Cantwell,74.0,75.0,185.0,Orthodox,1986-12-08,http://ufcstats.com/fighter-details/f1f9e48a0d150757
Paul Capaldo,67.0,,135.0,,1996-12-27,http://ufcstats.com/fighter-details/83b8fe74224dd642
Phil Caracappa,68.0,70.0,135.0,Orthodox,1992-06-05,http://ufcstats.com/fighter-details/bd81a97864acf098
Frank Caracci,,,,,,http://ufcstats.com/fighter-details/44f9c777fed7ca03
Gina Carano,68.0,,145.0,Orthodox,1982-04-16,http://ufcstats.com/fighter-details/899eaba48fa864a6
Dos Caras Jr.,76.0,,225.0,Orthodox,1977-05-25,http://ufcstats.com/fighter-details/155a02a8b4311057
Bryan Caraway,68.0,68.0,135.0,Orthodox,1984-08-04,http://ufcstats.com/fighter-details/5ef0088c1b19beeb
Remo Cardarelli,,,135.0,,,http://ufcstats.com/fighter-details/e5512a6aed150d8f
Phil Cardella,71.0,,155.0,,1976-07-09,http://ufcstats.com/fighter-details/f6a7b02c42e9fc5b
Edgar Cardenas,,,145.0,,,http://ufcstats.com/fighter-details/99a86b134dccc166
Chris Cariaso,63.0,64.0,125.0,Southpaw,1981-05-27,http://ufcstats.com/fighter-details/b2e3aca4cd363477
Ronald Carillo,,,125.0,,,http://ufcstats.com/fighter-details/cbd022eaf2ac546a
Rafael Carino,80.0,,245.0,Orthodox,,http://ufcstats.com/fighter-details/08a7080ff5904661
Don Carlo-Clauss,,,170.0,,,http://ufcstats.com/fighter-details/f59a6de8a5dfe297
Antonio Carlos Junior,74.0,79.0,185.0,Orthodox,1990-03-16,http://ufcstats.com/fighter-details/52e76bb4b3e852f3
Spike Carlyle,68.0,71.0,145.0,Switch,1993-05-06,http://ufcstats.com/fighter-details/be68b375707dcb85
Francis Carmont,75.0,78.0,205.0,Orthodox,1981-10-11,http://ufcstats.com/fighter-details/3591d0d5d382a381
Liz Carmouche,66.0,66.0,125.0,Orthodox,1984-02-19,http://ufcstats.com/fighter-details/51a0c09cbe9b8472
Roan Carneiro,71.0,76.0,170.0,Orthodox,1978-06-02,http://ufcstats.com/fighter-details/1c86754617d9813a
Ariane Carnelossi,62.0,61.0,115.0,Orthodox,1992-11-17,http://ufcstats.com/fighter-details/c0d5c0c95c59050b
Luana Carolina,66.0,69.0,135.0,Orthodox,1993-06-11,http://ufcstats.com/fighter-details/528b071cf3da7c56
Tim Caron,73.0,,185.0,Orthodox,1987-07-24,http://ufcstats.com/fighter-details/b80ea4880f25c187
Clayton Carpenter,66.0,66.0,125.0,Orthodox,1996-06-09,http://ufcstats.com/fighter-details/b62d5280966b2460
Gabriel Carrasco,66.0,,135.0,,,http://ufcstats.com/fighter-details/89ed44801968b8e3
Cody Carrillo,70.0,,155.0,,,http://ufcstats.com/fighter-details/9346efb4bbaedd08
Cain Carrizosa,68.0,,155.0,Orthodox,1986-07-22,http://ufcstats.com/fighter-details/064b7dc68d786254
Roger Carroll,70.0,,170.0,,,http://ufcstats.com/fighter-details/572a89dbe1f76761
Jonny Carson,70.0,,155.0,,,http://ufcstats.com/fighter-details/0d49ddc07bd8c747
Scott Carson,74.0,,215.0,,,http://ufcstats.com/fighter-details/1e3302f9ab6f549a
Shonie Carter,70.0,,170.0,Southpaw,1972-05-03,http://ufcstats.com/fighter-details/7b6e40a73b567072
Jack Cartwright,69.0,68.0,135.0,Orthodox,1994-05-26,http://ufcstats.com/fighter-details/1f592bfefb0d62a3
Bruno Carvalho,68.0,,154.0,,1982-06-07,http://ufcstats.com/fighter-details/456c02115efc4a01
Antonio Carvalho,69.0,70.0,145.0,Orthodox,1979-05-30,http://ufcstats.com/fighter-details/fef3d17e27e916e7
Rafael Carvalho,75.0,,185.0,,1986-07-27,http://ufcstats.com/fighter-details/620d8710e89cfeae
Shane Carwin,74.0,80.0,265.0,Orthodox,1975-01-04,http://ufcstats.com/fighter-details/68dd7b3783c19f9c
Johnny Case,70.0,72.0,155.0,Orthodox,1989-06-28,http://ufcstats.com/fighter-details/1f4b04a926ef1287
Kevin Casey,71.0,77.0,185.0,Southpaw,1981-06-15,http://ufcstats.com/fighter-details/8d9586726252dbf7
Cortney Casey,67.0,67.0,125.0,Orthodox,1987-05-05,http://ufcstats.com/fighter-details/5f179af5fffeb9f6
Brandon Cash,77.0,,255.0,Orthodox,,http://ufcstats.com/fighter-details/3993f7dcb7caf42a
Bendy Casimir,65.0,,145.0,Southpaw,1980-06-10,http://ufcstats.com/fighter-details/ec7ac09293d26c05
Dwayne Cason,70.0,,212.0,Orthodox,,http://ufcstats.com/fighter-details/31c01fbc2586a5eb
Joe Cason,75.0,,205.0,,1988-01-19,http://ufcstats.com/fighter-details/2b1c6f28039efe36
John Castaneda,66.0,71.0,135.0,Switch,1991-12-18,http://ufcstats.com/fighter-details/5fa2974cbd18e05c
Eric Castile,68.0,,145.0,,,http://ufcstats.com/fighter-details/a0a69dc9914ef6e1
Gil Castillo,69.0,,170.0,Southpaw,1965-10-21,http://ufcstats.com/fighter-details/31ceaf0e670c1578
Danny Castillo,69.0,71.0,155.0,Orthodox,1979-08-25,http://ufcstats.com/fighter-details/d1e7fc58d4225cdf
Raul Castillo,71.0,,185.0,Orthodox,,http://ufcstats.com/fighter-details/feeae92f951f49a9
Jenna Castillo,62.0,,125.0,,1982-05-05,http://ufcstats.com/fighter-details/e680418329c84ec4
Tim Catalfo,71.0,,235.0,Orthodox,,http://ufcstats.com/fighter-details/6ca68b636fbc1f18
Nick Catone,72.0,72.0,185.0,Southpaw,1981-09-01,http://ufcstats.com/fighter-details/f8fe2053d73d7bcf
Luke Caudillo,67.0,,155.0,Orthodox,1980-11-30,http://ufcstats.com/fighter-details/68d76fd9ecf7431d
Gesias Cavalcante,68.0,71.0,155.0,Orthodox,1983-07-06,http://ufcstats.com/fighter-details/2a74bbba57058f12
Rafael Cavalcante,73.0,74.0,205.0,Orthodox,1980-04-14,http://ufcstats.com/fighter-details/5c1ca0c72b599a3c
Jacqueline Cavalcanti,68.0,70.0,135.0,Orthodox,1997-08-29,http://ufcstats.com/fighter-details/e3964ece586e0635
Igor Cavalcanti,71.0,79.0,170.0,Orthodox,1997-10-10,http://ufcstats.com/fighter-details/9c3de7f8966326de
Magnus Cedenblad,77.0,79.0,185.0,Orthodox,1982-04-10,http://ufcstats.com/fighter-details/0e21976afc92e4d1
Yosdenis Cedeno,68.0,69.0,155.0,Orthodox,1985-02-12,http://ufcstats.com/fighter-details/3e61082025db8137
Henry Cejudo,64.0,64.0,135.0,Orthodox,1987-02-09,http://ufcstats.com/fighter-details/056c493bbd76a918
Adam Cella,74.0,,170.0,,1985-06-26,http://ufcstats.com/fighter-details/b27b8881d7444114
Vinicius Cenci,73.0,74.0,155.0,Orthodox,1995-11-24,http://ufcstats.com/fighter-details/f21a152aaa3e95c6
Katlyn Cerminara,69.0,68.0,125.0,Orthodox,1988-12-28,http://ufcstats.com/fighter-details/e872e9a9a902c045
Rafael Cerqueira,75.0,76.0,205.0,Southpaw,1990-03-15,http://ufcstats.com/fighter-details/09a4447655fd4b7b
Donald Cerrone,73.0,73.0,155.0,Orthodox,1983-03-29,http://ufcstats.com/fighter-details/1d00756835ca67c9
Jared Chaffee,70.0,,155.0,,1984-12-15,http://ufcstats.com/fighter-details/fdf59144e535bc38
Luan Chagas,72.0,75.0,170.0,Orthodox,1993-06-17,http://ufcstats.com/fighter-details/9ccf8371fd80d45d
Edgar Chairez,67.0,71.0,125.0,Orthodox,1996-01-27,http://ufcstats.com/fighter-details/5ef94841c4bc3f86
Ansar Chalangov,69.0,,170.0,Orthodox,1979-10-30,http://ufcstats.com/fighter-details/7342fcc41a4817fa
Alex Chambers,63.0,63.0,115.0,Southpaw,1978-10-25,http://ufcstats.com/fighter-details/26b63bc5c0c1f65d
Michael Chandler,68.0,71.0,155.0,Orthodox,1986-04-24,http://ufcstats.com/fighter-details/4b93a88f3b1de35b
Chelsea Chandler,68.0,68.0,135.0,Southpaw,1990-11-23,http://ufcstats.com/fighter-details/af9efbfd63d39734
Eduardo Chapolin,67.0,67.0,125.0,Orthodox,1995-11-23,http://ufcstats.com/fighter-details/62f3039da2f92a8c
Donnie Chappell,71.0,,178.0,Southpaw,,http://ufcstats.com/fighter-details/8788beb528894f33
Joe Charles,73.0,,260.0,Southpaw,,http://ufcstats.com/fighter-details/19ffeb5e3fffd6d5
Dan Charles,74.0,,228.0,,1985-09-24,http://ufcstats.com/fighter-details/32a4f1235f0dad73
Morgan Charriere,68.0,69.0,145.0,Orthodox,1995-10-26,http://ufcstats.com/fighter-details/5b03b61f9d90125e
Jeisla Chaves,66.0,68.0,125.0,Orthodox,1997-02-02,http://ufcstats.com/fighter-details/8061a3136026a673
Ernest Chavez,68.0,70.0,145.0,Orthodox,1983-06-27,http://ufcstats.com/fighter-details/b406da701c479076
Emilio Chavez,69.0,,145.0,,,http://ufcstats.com/fighter-details/84e8920e59ff14a7
Danny Chavez,68.0,67.0,145.0,Orthodox,1987-03-14,http://ufcstats.com/fighter-details/0de720c0f1d4ab9c
Gabriel Checco,73.0,,185.0,Switch,1986-04-03,http://ufcstats.com/fighter-details/9c5f7d5c6d084b35
Albert Cheng,71.0,,170.0,Orthodox,1985-02-07,http://ufcstats.com/fighter-details/d8d7b24d276c8cb0
Fabio Cherant,73.0,74.0,205.0,Southpaw,1994-11-25,http://ufcstats.com/fighter-details/78a68f1dade6aaf7
Ion Cherdivara,,,205.0,,,http://ufcstats.com/fighter-details/c713a845360d604b
Mark Cherico,67.0,69.0,145.0,Orthodox,1986-05-12,http://ufcstats.com/fighter-details/79a193111e3bc99b
Macy Chiasson,71.0,72.0,135.0,Orthodox,1991-07-27,http://ufcstats.com/fighter-details/9cdd2da1a9104a0b
Michael Chiesa,73.0,75.0,170.0,Southpaw,1987-12-07,http://ufcstats.com/fighter-details/c58f51dedb310998
Giga Chikadze,72.0,74.0,145.0,Orthodox,1988-08-25,http://ufcstats.com/fighter-details/9560ff14eb3129f7
Khamzat Chimaev,74.0,75.0,185.0,Orthodox,1994-05-01,http://ufcstats.com/fighter-details/767755fd74662dbf
Sako Chivitchian,71.0,,155.0,Orthodox,1984-03-11,http://ufcstats.com/fighter-details/9f7787e56a6bc0f4
Mu Bae Choi,74.0,,230.0,Orthodox,1970-06-27,http://ufcstats.com/fighter-details/371a1c91b24dec2b
Hong Man Choi,86.0,,330.0,Orthodox,1980-10-30,http://ufcstats.com/fighter-details/2c104b7e59a72629
Dooho Choi,70.0,70.0,145.0,Orthodox,1991-04-10,http://ufcstats.com/fighter-details/e93b04e308913c2e
SeungWoo Choi,72.0,74.0,145.0,Orthodox,1992-11-03,http://ufcstats.com/fighter-details/a68575214ecad140
SeungGuk Choi,66.0,64.0,125.0,Orthodox,1996-12-26,http://ufcstats.com/fighter-details/adccbc19b22e19af
DongHun Choi,65.0,66.0,125.0,Switch,1999-01-02,http://ufcstats.com/fighter-details/3be16d817b36098b
Mark Choinski,68.0,69.0,155.0,Orthodox,1995-10-22,http://ufcstats.com/fighter-details/001eb2ab0f30e7ea
John Cholish,71.0,74.0,155.0,Orthodox,1983-12-17,http://ufcstats.com/fighter-details/03c9994c5b8958ec
Ryo Chonan,69.0,70.0,170.0,Orthodox,1976-10-08,http://ufcstats.com/fighter-details/55a7b2d4e54ffac9
Will Chope,76.0,,145.0,Switch,1990-09-08,http://ufcstats.com/fighter-details/db5dc7cb80d7d418
Cody Chovancek,68.0,67.0,135.0,Switch,1998-07-24,http://ufcstats.com/fighter-details/3c4320a1b6106611
Joachim Christensen,75.0,76.0,205.0,Orthodox,1978-11-07,http://ufcstats.com/fighter-details/2d447cc91bdaa545
Kevin Christian,79.0,80.0,205.0,Orthodox,1995-01-21,http://ufcstats.com/fighter-details/7e9b36a9847db116
Dan Christison,80.0,,265.0,Orthodox,1972-04-26,http://ufcstats.com/fighter-details/b369533a577fa97c
Anthony Christodoulou,69.0,,155.0,Orthodox,1987-07-30,http://ufcstats.com/fighter-details/4f11e9ce318ffbcb
Murad Chunkaiev,71.0,,185.0,Orthodox,,http://ufcstats.com/fighter-details/d4a12dfa4067742f
Cameron Church,71.0,72.0,155.0,Orthodox,1990-09-27,http://ufcstats.com/fighter-details/f197ce0cbe69996d
Steven Ciaccio,72.0,,170.0,,,http://ufcstats.com/fighter-details/eaebaa6801338ea1
Mike Ciesnolevicz,72.0,,235.0,Orthodox,1979-10-28,http://ufcstats.com/fighter-details/51b0bb73a1da34bc
Hannah Cifers,61.0,62.0,115.0,Orthodox,1992-06-26,http://ufcstats.com/fighter-details/2244d9a2b64b8c3b
Branko Cikatic,73.0,,215.0,Orthodox,1954-10-03,http://ufcstats.com/fighter-details/4e5bbc4566049cbf
Nikolajus Cilkinas,,,,Orthodox,,http://ufcstats.com/fighter-details/3f3550bf126a5721
Misha Cirkunov,75.0,77.0,205.0,Orthodox,1987-02-27,http://ufcstats.com/fighter-details/67f272324a030d00
Johnny Cisneros,71.0,,170.0,,1980-02-05,http://ufcstats.com/fighter-details/42611508ba8c3298
Laverne Clark,71.0,,170.0,Orthodox,1973-12-02,http://ufcstats.com/fighter-details/1c2f2571b18791b6
Logan Clark,74.0,,185.0,Orthodox,1985-02-16,http://ufcstats.com/fighter-details/6776260cb0aef647
Mychal Clark,75.0,,224.0,Orthodox,,http://ufcstats.com/fighter-details/69108cb8b32efe04
Dominic Clark,70.0,,155.0,,1985-08-01,http://ufcstats.com/fighter-details/8a64b3f87ad29d1e
Heather Clark,66.0,64.0,115.0,Orthodox,1980-09-19,http://ufcstats.com/fighter-details/dd4c16777fb2ccf9
Devin Clark,72.0,75.0,205.0,Orthodox,1990-04-12,http://ufcstats.com/fighter-details/cc7040fe76f0ef91
Jessica-Rose Clark,65.0,64.0,135.0,Orthodox,1987-11-28,http://ufcstats.com/fighter-details/6c8072b61c276e67
Shannon Clark,65.0,64.0,125.0,Orthodox,1992-07-07,http://ufcstats.com/fighter-details/7ae36b3791e0969a
John Clarke,,,170.0,,1977-08-15,http://ufcstats.com/fighter-details/a77c71a574132188
Mitch Clarke,70.0,73.0,155.0,Orthodox,1985-11-24,http://ufcstats.com/fighter-details/c76ec2bc3a57666a
Rich Clementi,69.0,72.0,155.0,Southpaw,1976-03-31,http://ufcstats.com/fighter-details/7d21de9c6d7c98b2
Chris Clements,70.0,70.0,170.0,Orthodox,1976-02-09,http://ufcstats.com/fighter-details/e5ecaf884b6da2bc
RJ Clifford,,,160.0,,,http://ufcstats.com/fighter-details/8e32bfcff3ec1717
Mark Climaco,64.0,65.0,125.0,Southpaw,1997-11-06,http://ufcstats.com/fighter-details/60098849c703e389
Josh Clopton,66.0,,145.0,Orthodox,1981-07-11,http://ufcstats.com/fighter-details/48e96d9cea6d4ab0
Brian Cobb,71.0,,155.0,Orthodox,,http://ufcstats.com/fighter-details/3138fab619faf4d1
Darryl Cobb,69.0,,185.0,,1980-08-04,http://ufcstats.com/fighter-details/dc6d8256ee3dfba5
Dave Cochran,66.0,,155.0,,1973-05-10,http://ufcstats.com/fighter-details/6dbb1107de9a4a08
Dakota Cochrane,68.0,,155.0,,1986-05-01,http://ufcstats.com/fighter-details/8fa7e0bc052185ce
Marloes Coenen,69.0,67.0,145.0,,1981-03-31,http://ufcstats.com/fighter-details/0b77a05bcbd2de74
Marc Cofer,,,185.0,,1972-03-03,http://ufcstats.com/fighter-details/e90d9d0681270953
John Cofer,69.0,,155.0,Southpaw,1984-04-29,http://ufcstats.com/fighter-details/8b260672a21d1fd6
Chris Coggins,,,,,,http://ufcstats.com/fighter-details/a0c29b13f7a5df32
Felipe Colares,68.0,69.0,145.0,Orthodox,1994-03-31,http://ufcstats.com/fighter-details/dbac0a413af64bbe
Wayne Cole,73.0,,205.0,Orthodox,,http://ufcstats.com/fighter-details/2eab7a6c8b0ed8cc
Devin Cole,76.0,,240.0,Orthodox,1976-10-01,http://ufcstats.com/fighter-details/1174782eacde9b0c
Coltin Cole,,,185.0,,1989-04-24,http://ufcstats.com/fighter-details/cecd72feb0d640e3
Ivan Cole,69.0,,135.0,,1990-11-30,http://ufcstats.com/fighter-details/987b80f57190d6d0
Chandler Cole,70.0,72.0,264.0,Orthodox,1995-01-09,http://ufcstats.com/fighter-details/5d8a9c95af50280a
Mark Coleman,73.0,75.0,205.0,Orthodox,1964-12-20,http://ufcstats.com/fighter-details/21b8a0f5c231096f
Cortez Coleman,73.0,,185.0,,1982-01-28,http://ufcstats.com/fighter-details/ffb20ae0db47ebe6
Clay Collard,71.0,73.0,145.0,Orthodox,1993-03-10,http://ufcstats.com/fighter-details/cc900c6a71ed23f3
Jamie Colleen,63.0,65.0,115.0,Orthodox,1985-11-02,http://ufcstats.com/fighter-details/6b64db453edf4c50
Jake Collier,75.0,78.0,230.0,Orthodox,1988-10-25,http://ufcstats.com/fighter-details/92fa1401b7927da3
Christian Colombo,77.0,,265.0,Orthodox,1980-07-01,http://ufcstats.com/fighter-details/9123c54d0a2b72dd
Willian Colorado,70.0,72.0,135.0,,1986-06-21,http://ufcstats.com/fighter-details/dfc7f0a2d91ad337
Wes Combs,74.0,,205.0,Orthodox,1973-06-18,http://ufcstats.com/fighter-details/a85998eb79650b2c
Rose Conceicao,55.0,65.0,115.0,Orthodox,1997-05-13,http://ufcstats.com/fighter-details/a76c07e8e4c76e9a
Roque Conceicao,,,125.0,Orthodox,1999-10-27,http://ufcstats.com/fighter-details/b4ebc1539a08054b
Carlos Condit,74.0,75.0,170.0,Orthodox,1984-04-26,http://ufcstats.com/fighter-details/f9f07bb5a43535ed
Chris Condo,72.0,,335.0,Orthodox,,http://ufcstats.com/fighter-details/41e77dc504a192c6
Jack Congdon,74.0,75.0,170.0,Switch,1997-05-21,http://ufcstats.com/fighter-details/c44530d3969134a3
Tristan Connelly,70.0,68.0,145.0,Orthodox,1985-12-12,http://ufcstats.com/fighter-details/2ebfbe72ed703925
Marcos Conrado Jr.,74.0,,220.0,Orthodox,1982-03-14,http://ufcstats.com/fighter-details/d450769115a193c2
Jeremiah Constant,73.0,,240.0,Orthodox,1974-07-19,http://ufcstats.com/fighter-details/18f5669a92e99d92
Jonathan Contrestano,,,155.0,,,http://ufcstats.com/fighter-details/06d4eb8123087123
Bob Cook,69.0,,170.0,Orthodox,,http://ufcstats.com/fighter-details/1c061eb6e29eaa0a
Mike Cook,73.0,,205.0,Orthodox,,http://ufcstats.com/fighter-details/3ab0df1ddd5f1dc2
Chad Cook,74.0,,205.0,,1979-11-07,http://ufcstats.com/fighter-details/e6daf9cdbf0da889
TJ Cook,,,205.0,,1982-09-08,http://ufcstats.com/fighter-details/fa238ecfd048f7d8
Dewey Cooper,,,205.0,,,http://ufcstats.com/fighter-details/5efaaf313b652dd7
Brett Cooper,72.0,,170.0,Orthodox,1987-07-02,http://ufcstats.com/fighter-details/88ffe9745e218dd8
Bill Cooper,,,155.0,,1984-05-05,http://ufcstats.com/fighter-details/78bd6940d093fd33
Bobby Cooper,73.0,,155.0,,,http://ufcstats.com/fighter-details/1b51895e5572cfda
Amanda Cooper,63.0,64.0,115.0,Switch,1991-10-22,http://ufcstats.com/fighter-details/d4a31850a7457f1b
Kit Cope,72.0,,170.0,Orthodox,1977-03-17,http://ufcstats.com/fighter-details/ce47f49e5c386a9c
Chris Cope,72.0,72.0,170.0,Orthodox,1983-03-05,http://ufcstats.com/fighter-details/8c8c92a12621d7e0
Josh Copeland,73.0,,265.0,Orthodox,1982-10-20,http://ufcstats.com/fighter-details/3aa794cbe1e3484b
Michael Cora,73.0,77.0,170.0,Southpaw,1989-08-24,http://ufcstats.com/fighter-details/2b91eff985b532cd
Akira Corassani,68.0,68.0,145.0,Orthodox,1982-08-27,http://ufcstats.com/fighter-details/3f52ce18fb98008f
Muhsin Corbbrey,70.0,,155.0,Orthodox,1978-05-18,http://ufcstats.com/fighter-details/1f9344211ca7fd60
Alden Coria,68.0,67.0,125.0,Orthodox,1998-04-24,http://ufcstats.com/fighter-details/5e9ca8dd7d783a75
Daniel Cormier,71.0,72.0,235.0,Orthodox,1979-03-20,http://ufcstats.com/fighter-details/d967f0128c323de6
Nora Cornolle,67.0,67.0,135.0,Orthodox,1989-12-06,http://ufcstats.com/fighter-details/f2b3f4ef3f780168
Clint Coronel,,,155.0,,,http://ufcstats.com/fighter-details/fe67cd6423f7a8ad
Henry Corrales,69.0,,145.0,,,http://ufcstats.com/fighter-details/7cb0946d51b8cde7
Bethe Correia,65.0,64.0,135.0,Orthodox,1983-06-22,http://ufcstats.com/fighter-details/673ea7dcc786b1b3
Wesley Correira,75.0,,260.0,Orthodox,1978-11-11,http://ufcstats.com/fighter-details/4e9fb05d7e5e61b8
Waldo Cortes-Acosta,76.0,78.0,260.0,Orthodox,1991-10-03,http://ufcstats.com/fighter-details/fc08099550072fe4
Tracy Cortez,65.0,65.0,125.0,Orthodox,1993-12-10,http://ufcstats.com/fighter-details/68d4a891e5cf2029
Reyes Cortez Jr.,67.0,68.0,135.0,Orthodox,1992-07-31,http://ufcstats.com/fighter-details/1a7d44196949577c
Chad Corvin,77.0,,255.0,,,http://ufcstats.com/fighter-details/1267b631db78665a
Louis Cosce,69.0,71.0,170.0,Orthodox,1995-08-27,http://ufcstats.com/fighter-details/afe8d5b39ff7fca2
Orion Cosce,71.0,71.0,170.0,Switch,1994-07-15,http://ufcstats.com/fighter-details/2c010b26a3306969
Miguel Cosio,76.0,,205.0,,,http://ufcstats.com/fighter-details/d150c6fbdb7687f4
Jadson Costa,67.0,,155.0,Orthodox,,http://ufcstats.com/fighter-details/222d6b547de2e035
Guilherme Costa,,,155.0,,,http://ufcstats.com/fighter-details/28877eddb1c0b967
Paulo Costa,73.0,72.0,185.0,Orthodox,1991-04-21,http://ufcstats.com/fighter-details/2e5c2aa8e4ab9d82
Randy Costa,69.0,73.0,135.0,Switch,1994-07-06,http://ufcstats.com/fighter-details/325ad0dd9126d3df
Alessandro Costa,64.0,67.0,125.0,Orthodox,1996-01-28,http://ufcstats.com/fighter-details/3fa97913cfd205d3
Melquizael Costa,70.0,71.0,145.0,Southpaw,1996-09-14,http://ufcstats.com/fighter-details/20bccc9bb4ceb23e
Vitor Costa,74.0,75.0,185.0,Orthodox,2000-09-19,http://ufcstats.com/fighter-details/c41cbb5bf944ca54
Oscar Cota,72.0,72.0,230.0,Orthodox,1984-10-15,http://ufcstats.com/fighter-details/f584a6e0b5b74604
Patrick Cote,71.0,75.0,170.0,Orthodox,1980-02-29,http://ufcstats.com/fighter-details/9fa3bd637edd9aa2
JC Cottrell,69.0,,155.0,Orthodox,1989-11-04,http://ufcstats.com/fighter-details/3ec1e4ba98c9c85a
JR Coughran,66.0,,145.0,Orthodox,1994-05-17,http://ufcstats.com/fighter-details/8112c9a23dccc759
Rashad Coulter,71.0,76.0,205.0,Orthodox,1981-11-27,http://ufcstats.com/fighter-details/d1528ac5675558b1
Dave Courchaine,68.0,,170.0,,,http://ufcstats.com/fighter-details/79ab17db3b40831a
Randy Couture,73.0,75.0,205.0,Orthodox,1963-06-22,http://ufcstats.com/fighter-details/0aa92558424ced9e
Kim Couture,68.0,,135.0,Orthodox,1975-12-18,http://ufcstats.com/fighter-details/84c43f0d25f15b0b
Ryan Couture,70.0,73.0,155.0,Orthodox,1982-08-27,http://ufcstats.com/fighter-details/46fd223e3ced39b3
Nikk Covert,68.0,,185.0,,1969-08-04,http://ufcstats.com/fighter-details/400c7b43c86d27d3
Colby Covington,71.0,72.0,170.0,Orthodox,1988-02-22,http://ufcstats.com/fighter-details/dc9572dd6ec74859
Hailey Cowan,68.0,67.0,135.0,Southpaw,1992-02-12,http://ufcstats.com/fighter-details/3c26c420584d912d
Jeff Cox,70.0,,155.0,Orthodox,1968-08-02,http://ufcstats.com/fighter-details/c9bbf1a0285a8076
Nathan Coy,70.0,69.0,170.0,Southpaw,1978-07-24,http://ufcstats.com/fighter-details/15ec018d144710db
Andrew Craig,73.0,76.0,170.0,Orthodox,1986-01-15,http://ufcstats.com/fighter-details/8a70ceb3edbe757b
Paul Craig,75.0,76.0,205.0,Orthodox,1987-11-27,http://ufcstats.com/fighter-details/eabf206b162b3b83
Dan Cramer,74.0,,170.0,Orthodox,1985-10-31,http://ufcstats.com/fighter-details/480b702debcb5433
Alberto Crane,65.0,,155.0,Orthodox,1976-07-14,http://ufcstats.com/fighter-details/25433871e4eee0f4
Tim Credeur,75.0,75.0,185.0,Orthodox,1977-07-09,http://ufcstats.com/fighter-details/89b8d1bf1ff09d1d
Paul Creighton,66.0,,155.0,Southpaw,1970-06-04,http://ufcstats.com/fighter-details/ed73c85164a5f5a4
Helena Crevar,,,,,,http://ufcstats.com/fighter-details/a8c3ce469cb8b130
Alexander Crispim,,,145.0,,,http://ufcstats.com/fighter-details/15dedd05f8bcb475
Alex Crispin,,,155.0,,,http://ufcstats.com/fighter-details/8944a0f9b2f0ce6d
Melissa Croden,,,135.0,,1991-04-12,http://ufcstats.com/fighter-details/51e2f44a8dbf6984
Kevin Croom,71.0,73.0,135.0,Orthodox,1987-07-15,http://ufcstats.com/fighter-details/35b3772629e27a49
Kiefer Crosbie,71.0,70.0,170.0,Switch,1990-04-05,http://ufcstats.com/fighter-details/4729c93ba705a3bf
Ken Cross,72.0,72.0,155.0,Southpaw,1994-10-04,http://ufcstats.com/fighter-details/923767209632e08a
Jeff Crotty,,,155.0,,,http://ufcstats.com/fighter-details/98601a40e9d96047
Allen Crowder,75.0,76.0,245.0,Orthodox,1989-11-08,http://ufcstats.com/fighter-details/a9d6e047ce48ab63
Daron Cruickshank,68.0,72.0,155.0,Switch,1985-06-11,http://ufcstats.com/fighter-details/5f99b2bafb10305f
Richard Crunkilton,67.0,,155.0,Orthodox,1979-11-25,http://ufcstats.com/fighter-details/22ee260735da0d58
Jimmy Crute,74.0,74.0,205.0,Orthodox,1996-03-04,http://ufcstats.com/fighter-details/70e1f8a821b72c8b
Marcio Cruz,76.0,,232.0,Orthodox,1978-04-24,http://ufcstats.com/fighter-details/6aa1cbc1466e9a0b
Dominick Cruz,68.0,68.0,135.0,Orthodox,1985-03-09,http://ufcstats.com/fighter-details/10f3ba6cd2f44a97
Aalon Cruz,72.0,78.0,145.0,Switch,1989-09-20,http://ufcstats.com/fighter-details/003d82fa384ca1d0
Timmy Cuamba,69.0,71.0,145.0,Orthodox,1999-02-08,http://ufcstats.com/fighter-details/0e46690e55a8df75
Jay Cucciniello,67.0,,155.0,Orthodox,1986-07-23,http://ufcstats.com/fighter-details/683ea28a198936fe
Emilio Cuellar,,,125.0,,,http://ufcstats.com/fighter-details/3aeb69b4a13ff0e8
Josh Culibao,70.0,73.0,145.0,Orthodox,1994-05-24,http://ufcstats.com/fighter-details/6751eacd16bd59bc
Chris Culley,,,145.0,,1986-03-25,http://ufcstats.com/fighter-details/e59b13321562eed3
Abel Cullum,67.0,,139.0,Orthodox,1987-04-21,http://ufcstats.com/fighter-details/2f8f3c69522db931
Zak Cummings,72.0,75.0,205.0,Southpaw,1984-08-02,http://ufcstats.com/fighter-details/4ba8d454f762005d
Everett Cummings,,,205.0,,,http://ufcstats.com/fighter-details/05e4be525cb3578c
Patrick Cummins,74.0,76.0,205.0,Orthodox,1980-11-16,http://ufcstats.com/fighter-details/e51e5cb722bd47a8
Luke Cummo,72.0,74.0,170.0,Orthodox,1980-04-27,http://ufcstats.com/fighter-details/93ce4ac89e3d7652
Hugo Cunha,75.0,79.0,263.0,Orthodox,1993-02-04,http://ufcstats.com/fighter-details/46a17755f80f63e8
Alton Cunningham,74.0,77.0,205.0,Orthodox,1993-06-24,http://ufcstats.com/fighter-details/305bde44ff664788
AJ Cunningham,70.0,71.0,135.0,Orthodox,1994-09-07,http://ufcstats.com/fighter-details/d1053e55f00e53fe
Tommy Cuozzi Jr.,69.0,71.0,145.0,Orthodox,1999-08-31,http://ufcstats.com/fighter-details/eb49fe2f85ae9526
Santo Curatolo,63.0,62.0,125.0,Southpaw,1995-01-18,http://ufcstats.com/fighter-details/b8b765e320a8db39
Larry Cureton,74.0,,240.0,Orthodox,,http://ufcstats.com/fighter-details/46f11d15c0134fe3
Jeff Curran,66.0,69.0,135.0,Orthodox,1977-09-02,http://ufcstats.com/fighter-details/a8ea84cbe1655f0a
Kailin Curran,64.0,65.0,115.0,Orthodox,1991-04-11,http://ufcstats.com/fighter-details/05b43e0ead3df345
Pat Curran,69.0,,145.0,,1987-08-31,http://ufcstats.com/fighter-details/d8291d0dd63da29c
Will Currie,75.0,76.0,185.0,Switch,1998-11-12,http://ufcstats.com/fighter-details/b8ff02d5703eca3a
Chris Curtis,70.0,75.0,170.0,Orthodox,1987-07-15,http://ufcstats.com/fighter-details/5442f1bc4b47eaf3
Ion Cutelaba,73.0,75.0,205.0,Southpaw,1993-12-14,http://ufcstats.com/fighter-details/cd13728ae1151f46
Gleidson Cutis,69.0,,155.0,Orthodox,1989-02-07,http://ufcstats.com/fighter-details/44a94bbde42246e4
Sarah D'alelio,67.0,,145.0,,1980-12-13,http://ufcstats.com/fighter-details/ac45450f75d14f16
Marcos da Matta,64.0,,145.0,,1973-03-18,http://ufcstats.com/fighter-details/3b6d84343579fd33
Henrique da Silva,75.0,76.0,205.0,Orthodox,1989-09-01,http://ufcstats.com/fighter-details/b0bd0c5425668b8f
Ariane da Silva,66.0,67.0,125.0,Orthodox,1994-01-26,http://ufcstats.com/fighter-details/6551c64fbcd1a467
Alex Da Silva,68.0,73.0,155.0,Orthodox,1996-02-04,http://ufcstats.com/fighter-details/c3ded6f7155f9ea4
Radley Da Silva,69.0,71.0,145.0,Orthodox,1995-06-20,http://ufcstats.com/fighter-details/0d68c7bfdff1dc34
Henrique Da Silva Lopes,75.0,,240.0,,1985-03-08,http://ufcstats.com/fighter-details/1f8cd7634e8286ff
Deni Daffa,72.0,74.0,155.0,Orthodox,1999-09-08,http://ufcstats.com/fighter-details/d28bef63e7d8d536
Nicolas Dalby,71.0,74.0,170.0,Orthodox,1984-11-16,http://ufcstats.com/fighter-details/9d19d9e4aa2662e8
Paul Daley,69.0,76.0,170.0,Orthodox,1983-02-21,http://ufcstats.com/fighter-details/23725c826c481e7f
Dave Dalgliesh,74.0,,205.0,Orthodox,1978-04-05,http://ufcstats.com/fighter-details/ddbd0d6259ce57cc
Richard Dalton,73.0,,205.0,Orthodox,,http://ufcstats.com/fighter-details/6cd3dfc54f01287f
Aisling Daly,62.0,64.0,115.0,Orthodox,1987-12-24,http://ufcstats.com/fighter-details/e50cd77732d39967
Marko Damiani,72.0,,170.0,,,http://ufcstats.com/fighter-details/6e9b5c74c0860deb
Leonardo Damiani,70.0,69.0,170.0,Orthodox,1990-08-30,http://ufcstats.com/fighter-details/acd870570949d8a2
Rodrigo Damm,67.0,71.0,155.0,Orthodox,1980-02-03,http://ufcstats.com/fighter-details/a20d7dfaba74c067
Carina Damm,64.0,,135.0,,,http://ufcstats.com/fighter-details/033343da4c0cff8a
Batgerel Danaa,67.0,70.0,135.0,Orthodox,1989-07-04,http://ufcstats.com/fighter-details/3b0a516d2921e0d6
Cindy Dandois,67.0,,135.0,Orthodox,1984-10-26,http://ufcstats.com/fighter-details/9eef6584fab21fbb
Peter Danesoe,69.0,68.0,135.0,Orthodox,2000-09-01,http://ufcstats.com/fighter-details/5f119b24c0f9679c
Jarjis Danho,75.0,74.0,265.0,Orthodox,1983-10-15,http://ufcstats.com/fighter-details/8614b7134913f5d5
Jose Daniel Medina,72.0,74.0,185.0,Orthodox,1991-05-17,http://ufcstats.com/fighter-details/baa9be02c3e3e038
Raymond Daniels,74.0,,185.0,Southpaw,,http://ufcstats.com/fighter-details/fccb0fee256b7b4d
Marques Daniels,,,155.0,,,http://ufcstats.com/fighter-details/55a80a9365bc107d
Anvarbek Daniyalbekov,,,185.0,,1995-05-27,http://ufcstats.com/fighter-details/859e0dafd04fe1ca
Alexandre Dantas,74.0,,238.0,Orthodox,1979-03-01,http://ufcstats.com/fighter-details/8dc46e9a7895ce1a
Eduardo Dantas,70.0,,135.0,,1989-02-03,http://ufcstats.com/fighter-details/676a2e5ec4d7338c
Mac Danzig,68.0,70.0,155.0,Orthodox,1980-01-02,http://ufcstats.com/fighter-details/86f582852a5b240a
Karen Darabedyan,67.0,68.0,155.0,Orthodox,1986-12-18,http://ufcstats.com/fighter-details/d2fa318f34d0aadc
Beneil Dariush,70.0,72.0,155.0,Southpaw,1989-05-06,http://ufcstats.com/fighter-details/08af939f41b5a57b
Sean Daugherty,72.0,,175.0,,1975-12-04,http://ufcstats.com/fighter-details/a683f9ddb70aa4bd
Kyle Daukaus,74.0,76.0,185.0,Southpaw,1993-02-27,http://ufcstats.com/fighter-details/d6c0cdd7e467c440
Chris Daukaus,75.0,76.0,205.0,Orthodox,1989-09-25,http://ufcstats.com/fighter-details/d0aaedcf7ccd0b45
Brian Davidson,66.0,,145.0,,,http://ufcstats.com/fighter-details/42775dc893603154
Rick Davis,69.0,,155.0,Orthodox,,http://ufcstats.com/fighter-details/2549d63da9c456cb
Marcus Davis,70.0,70.0,170.0,Southpaw,1973-08-24,http://ufcstats.com/fighter-details/b7d524c77c27389b
LC Davis,68.0,69.0,135.0,Southpaw,1980-10-28,http://ufcstats.com/fighter-details/6dab8ce5e4bffe77
Phil Davis,74.0,79.0,205.0,Orthodox,1984-09-25,http://ufcstats.com/fighter-details/902ab9197b83d0db
Lemont Davis,68.0,,170.0,Orthodox,,http://ufcstats.com/fighter-details/a993ef2dd36cea5f
Mike Davis,,,,,,http://ufcstats.com/fighter-details/c8661e204c66f325
Justin Davis,71.0,,205.0,,1983-04-01,http://ufcstats.com/fighter-details/20697b334f6c0a45
Alexis Davis,66.0,68.0,135.0,Orthodox,1984-10-04,http://ufcstats.com/fighter-details/4c2d90e335e6df19
Danny Davis,74.0,,170.0,,1982-07-28,http://ufcstats.com/fighter-details/570d40f993171b19
Brandon Davis,70.0,72.0,135.0,Orthodox,1990-05-08,http://ufcstats.com/fighter-details/cc351e408bbb7d43
Hakeem Dawodu,68.0,73.0,145.0,Orthodox,1991-07-02,http://ufcstats.com/fighter-details/2c9d00968f818270
Grant Dawson,70.0,72.0,155.0,Switch,1994-02-20,http://ufcstats.com/fighter-details/99bd51917728c25d
Jason Day,72.0,72.0,185.0,Orthodox,1981-05-19,http://ufcstats.com/fighter-details/a6fd2173d5e2d7f0
Martin Day,70.0,73.0,145.0,Orthodox,1988-11-10,http://ufcstats.com/fighter-details/ea3dcc417c322064
Angel De Anda,69.0,,225.0,Orthodox,1985-05-28,http://ufcstats.com/fighter-details/4b450aa602611baa
Yorgan De Castro,72.0,74.0,250.0,Orthodox,1986-12-19,http://ufcstats.com/fighter-details/1eff7bc0f815b270
Geraldo de Freitas,67.0,72.0,135.0,Orthodox,1991-09-30,http://ufcstats.com/fighter-details/9cfbfae5fa1fdd93
Philip De Fries,77.0,79.0,250.0,Orthodox,1986-04-21,http://ufcstats.com/fighter-details/6ef65b6a152e49d5
Chris de la Rocha,75.0,80.0,250.0,Orthodox,1979-05-15,http://ufcstats.com/fighter-details/e51ee8ded927fc51
Montana De La Rosa,67.0,68.0,125.0,Orthodox,1995-02-14,http://ufcstats.com/fighter-details/80d8aed0ca9b00f3
Mark De La Rosa,66.0,65.0,135.0,Orthodox,1994-08-31,http://ufcstats.com/fighter-details/f57dd0bfa8c17813
Mike de la Torre,71.0,71.0,145.0,Orthodox,1986-09-22,http://ufcstats.com/fighter-details/1971869b7e054261
Rodrigo de Lima,67.0,,155.0,Orthodox,1991-03-12,http://ufcstats.com/fighter-details/a4dc47001f202bcd
Edilberto de Oliveira,72.0,,170.0,Orthodox,1982-11-22,http://ufcstats.com/fighter-details/afdb76fbd86f6d11
Johil de Oliveira,66.0,,170.0,Orthodox,,http://ufcstats.com/fighter-details/f9aa6376ae16bfb4
Jorge de Oliveira,68.0,,155.0,Orthodox,1980-01-22,http://ufcstats.com/fighter-details/ddf3e0ea10ea6d8c
Jair De Oliveira,69.0,69.0,205.0,,1996-05-09,http://ufcstats.com/fighter-details/f14fbb2e55da044c
Isabela de Padua,63.0,64.0,125.0,Orthodox,1991-09-04,http://ufcstats.com/fighter-details/e0f959f65d0406b4
Gloria de Paula,65.0,67.0,115.0,Orthodox,1995-06-10,http://ufcstats.com/fighter-details/5dd180c8b3196786
Germaine de Randamie,69.0,71.0,135.0,Orthodox,1984-04-24,http://ufcstats.com/fighter-details/1d239d571e342453
Reinier de Ridder,76.0,78.0,185.0,Southpaw,1990-09-07,http://ufcstats.com/fighter-details/d549cefc7c54ab78
Crezio de Souza,,,170.0,Orthodox,,http://ufcstats.com/fighter-details/3746e21bb508391a
Carl Deaton,67.0,69.0,155.0,Orthodox,1989-11-24,http://ufcstats.com/fighter-details/914a897455693650
Tom DeBlass,72.0,,185.0,Orthodox,1982-05-14,http://ufcstats.com/fighter-details/0bcfe2513cb3bc39
Issac DeJesus,,,145.0,,,http://ufcstats.com/fighter-details/0e2c2daf11b5d8f2
RafaelDel Real,71.0,,225.0,,,http://ufcstats.com/fighter-details/e82b2adcaeff71ec
Shane del Rosario,76.0,,250.0,Southpaw,1983-09-23,http://ufcstats.com/fighter-details/85980f5da429c0a6
Wallen Del Rosario,64.0,67.0,125.0,Orthodox,1993-03-18,http://ufcstats.com/fighter-details/a62f85f6a6c19a4c
Yadier del Valle,69.0,69.0,145.0,Southpaw,1996-07-29,http://ufcstats.com/fighter-details/70380ccdc81915b8
Jose Delano,68.0,70.0,145.0,Orthodox,1996-09-11,http://ufcstats.com/fighter-details/d7c4956d61ae76a9
Humberto DeLeon,,,135.0,,1989-11-12,http://ufcstats.com/fighter-details/bfaf4c87936b4fae
Rolando Delgado,75.0,77.0,155.0,Orthodox,1981-11-22,http://ufcstats.com/fighter-details/37b1696e6d115957
Israel Delgado,70.0,,155.0,,,http://ufcstats.com/fighter-details/01f4bcd26ac08ad5
Jose Delgado,71.0,74.0,145.0,Switch,1998-04-21,http://ufcstats.com/fighter-details/7d6ceff6747f2de2
Ante Delija,75.0,78.0,239.0,Orthodox,1990-08-07,http://ufcstats.com/fighter-details/7d8435c56043b0ae
Jack Della Maddalena,71.0,73.0,170.0,Switch,1996-09-10,http://ufcstats.com/fighter-details/6b453bc35a823c3f
Roland Delorme,69.0,71.0,135.0,Orthodox,1983-12-18,http://ufcstats.com/fighter-details/173acb3f920082b8
Jon Delos Reyes,66.0,67.0,125.0,Orthodox,1987-08-19,http://ufcstats.com/fighter-details/0d0351c20169a499
Jason DeLucia,71.0,,190.0,Southpaw,1969-07-24,http://ufcstats.com/fighter-details/6ceff86fae4f6b3b
Justin DeMoney,,,170.0,,1985-07-01,http://ufcstats.com/fighter-details/985bca5a097fb3f4
Vanessa Demopoulos,62.0,59.0,125.0,Orthodox,1988-09-22,http://ufcstats.com/fighter-details/2c483cf443f38ece
Chris Dempsey,70.0,72.0,185.0,Orthodox,1987-09-08,http://ufcstats.com/fighter-details/dfae5da5676e4194
Nick Denis,67.0,,135.0,Orthodox,1983-10-11,http://ufcstats.com/fighter-details/e4aaaa34535e32b6
Thomas Denny,70.0,,170.0,Orthodox,1971-04-19,http://ufcstats.com/fighter-details/a11a6ee8eeb03c18
Robert Densley,69.0,,155.0,,,http://ufcstats.com/fighter-details/b72f3cafa6376e35
Jason Dent,70.0,71.0,155.0,Orthodox,1980-06-12,http://ufcstats.com/fighter-details/fa8b9e6b0c2269f8
Mackenzie Dern,64.0,63.0,115.0,Orthodox,1993-03-24,http://ufcstats.com/fighter-details/7447e9f28508106a
Booker DeRousse,74.0,,205.0,,1981-03-23,http://ufcstats.com/fighter-details/f2c91b67f71bbeab
Tony DeSouza,72.0,70.0,170.0,Southpaw,1974-07-26,http://ufcstats.com/fighter-details/6ad9058b7c7898b0
Robelis Despaigne,79.0,84.0,265.0,Orthodox,1988-09-09,http://ufcstats.com/fighter-details/140567899d98978a
Cory Devela,60.0,,185.0,Orthodox,,http://ufcstats.com/fighter-details/48544433372ecfa6
John Devine,,,,,,http://ufcstats.com/fighter-details/2bcc39af95d6f2e8
Edwin DeWees,73.0,,185.0,Orthodox,1982-08-07,http://ufcstats.com/fighter-details/75bbd2206a15319f
Alessio Di Chirico,72.0,74.0,185.0,Orthodox,1989-12-12,http://ufcstats.com/fighter-details/77d7295d1b22c694
Micol Di Segni,63.0,60.0,115.0,Orthodox,1987-12-29,http://ufcstats.com/fighter-details/8126e4dff0cdf69e
Cyrille Diabate,78.0,81.0,205.0,Southpaw,1973-10-06,http://ufcstats.com/fighter-details/43563a32c3f10e95
Thomas Diagne,73.0,,154.0,,1983-09-03,http://ufcstats.com/fighter-details/8567466ae167216b
Marc Diakiese,70.0,73.0,155.0,Orthodox,1993-03-16,http://ufcstats.com/fighter-details/32c355b04fc57f3a
Tyler Diamond,67.0,69.0,145.0,Orthodox,1991-03-18,http://ufcstats.com/fighter-details/f5f6419c5f00abad
Blood Diamond,71.0,76.0,170.0,Switch,1988-07-10,http://ufcstats.com/fighter-details/9edf2c9082cc2cd8
Eldo Xavier Dias,71.0,,180.0,,1964-07-16,http://ufcstats.com/fighter-details/ee5df903f80c6816
Rafael Dias,69.0,,145.0,Orthodox,1979-10-20,http://ufcstats.com/fighter-details/b5abaa65f87938eb
Hacran Dias,68.0,69.0,155.0,Orthodox,1984-06-16,http://ufcstats.com/fighter-details/ed209f6618c82e41
Victor Dias,66.0,69.0,125.0,Orthodox,1990-12-26,http://ufcstats.com/fighter-details/f7202b3130421d27
Magno Dias,65.0,67.0,135.0,,1995-11-30,http://ufcstats.com/fighter-details/270e84d8174721d2
Nick Diaz,73.0,76.0,170.0,Southpaw,1983-08-02,http://ufcstats.com/fighter-details/f57a8a52ca401ed9
Nate Diaz,72.0,76.0,170.0,Southpaw,1985-04-16,http://ufcstats.com/fighter-details/8355922d564b152c
Michael Diaz,,,260.0,,,http://ufcstats.com/fighter-details/5e7a48e469770615
Ryan Diaz,,,145.0,,,http://ufcstats.com/fighter-details/ceee5dd37253199a
Adrian Diaz,70.0,,145.0,Southpaw,1988-04-26,http://ufcstats.com/fighter-details/bfa8f263815cfa2e
Ozzy Diaz,76.0,79.0,185.0,Orthodox,1990-11-22,http://ufcstats.com/fighter-details/6967153c7edb4d87
Juan Diaz,,,135.0,,1998-06-03,http://ufcstats.com/fighter-details/74939a16c7b56f33
Mark Dickman,69.0,,145.0,,1984-07-19,http://ufcstats.com/fighter-details/2482ef3331a82e75
Josh Diekmann,64.0,,246.0,,1976-10-09,http://ufcstats.com/fighter-details/414bddf0c80c41e1
Kyle Dietz,68.0,,135.0,Orthodox,1986-04-29,http://ufcstats.com/fighter-details/31da66df48c0c1a0
Seth Dikun,70.0,69.0,135.0,Orthodox,1980-08-05,http://ufcstats.com/fighter-details/eb42d4febfafefd1
TJ Dillashaw,66.0,67.0,135.0,Orthodox,1986-02-07,http://ufcstats.com/fighter-details/c849740a3ff51931
Ralph Dillon,74.0,,205.0,Orthodox,,http://ufcstats.com/fighter-details/b4f7a2d8ecc5e0c3
Drew Dimanlig,,,185.0,,,http://ufcstats.com/fighter-details/cc2ad11b1f9d818b
Ding Meng,74.0,73.0,170.0,Orthodox,1994-09-27,http://ufcstats.com/fighter-details/e0664abaa023fd6f
Rodolfo Marques Diniz,66.0,,135.0,,1984-01-23,http://ufcstats.com/fighter-details/2d2239d0f6fa83dd
Jhonata Diniz,76.0,79.0,254.0,Orthodox,1991-06-23,http://ufcstats.com/fighter-details/25f9a5f3e8a52618
Helio Dipp,77.0,,185.0,Orthodox,,http://ufcstats.com/fighter-details/73eb2a552c92a821
Rico DiSciullo,68.0,,135.0,Orthodox,1986-10-12,http://ufcstats.com/fighter-details/ec7f7263bf36579b
Matt Dixon,70.0,75.0,170.0,Switch,1995-10-09,http://ufcstats.com/fighter-details/1db445a4468447d0
John Dixson,72.0,,275.0,Orthodox,,http://ufcstats.com/fighter-details/ad4e9055bf8cd04d
Anthony Do,64.0,,125.0,,,http://ufcstats.com/fighter-details/7c9aeba0c4d4bd78
Russell Doane,67.0,70.0,135.0,Orthodox,1986-08-13,http://ufcstats.com/fighter-details/f50d95223751e6ca
Drew Dober,68.0,70.0,155.0,Southpaw,1988-10-19,http://ufcstats.com/fighter-details/519e4fe37ce9ff75
Shana Dobson,66.0,69.0,125.0,Orthodox,1989-03-30,http://ufcstats.com/fighter-details/122ac9b816d8b71c
AJ Dobson,73.0,76.0,185.0,Orthodox,1992-01-18,http://ufcstats.com/fighter-details/009c4420727149ea
David Dodd,74.0,,200.0,Orthodox,1973-09-22,http://ufcstats.com/fighter-details/c2a7623f398d9bd7
John Dodson,63.0,66.0,135.0,Orthodox,1984-09-26,http://ufcstats.com/fighter-details/99506df1af6c8b3b
Joe Doerksen,72.0,75.0,185.0,Orthodox,1977-10-09,http://ufcstats.com/fighter-details/dbaaf42313af90fa
Mike Dolce,71.0,,185.0,,1976-04-15,http://ufcstats.com/fighter-details/29b5791e51e7e832
Roman Dolidze,74.0,76.0,185.0,Orthodox,1988-07-15,http://ufcstats.com/fighter-details/327d5f279895110d
Cameron Dollar,71.0,,155.0,Orthodox,1987-05-12,http://ufcstats.com/fighter-details/3bbcd63a016d9715
CB Dollaway,74.0,76.0,185.0,Orthodox,1983-08-10,http://ufcstats.com/fighter-details/5d7bdab5e03e3216
Dennis Dombrow,,,145.0,,1986-03-17,http://ufcstats.com/fighter-details/4145caa2c999fbac
OJ Dominguez,,,,,,http://ufcstats.com/fighter-details/1a50e734bb54861a
John Donaldson,68.0,,145.0,,1992-07-09,http://ufcstats.com/fighter-details/1c610f900f9884ab
Daniil Donchenko,71.0,71.0,170.0,Orthodox,2001-08-04,http://ufcstats.com/fighter-details/70dd69b6a703257e
Dong Huaxiang,63.0,61.0,115.0,Switch,1998-08-21,http://ufcstats.com/fighter-details/bad82b681819b272
Cody Donovan,75.0,74.0,205.0,Orthodox,1981-02-20,http://ufcstats.com/fighter-details/7bc96507e4b38d3b
Houston Dorr,73.0,,210.0,Orthodox,,http://ufcstats.com/fighter-details/312f47c3d2f83ffa
Rafael Dos Anjos,68.0,70.0,170.0,Southpaw,1984-10-26,http://ufcstats.com/fighter-details/6a2f7c151031653d
Junior Dos Santos,76.0,77.0,238.0,Orthodox,1984-01-30,http://ufcstats.com/fighter-details/63def5a5662a6917
Geronimo dos Santos,75.0,,264.0,Orthodox,1980-08-17,http://ufcstats.com/fighter-details/b51f6791c794e289
Antonio Dos Santos,70.0,,185.0,Orthodox,1988-07-21,http://ufcstats.com/fighter-details/81b8b3fb019dc69d
Anderson Dos Santos,65.0,70.0,135.0,Orthodox,1985-07-24,http://ufcstats.com/fighter-details/bbc9ab95fa766493
Acacio Dos Santos,76.0,79.0,205.0,Orthodox,1991-09-29,http://ufcstats.com/fighter-details/957562fdf68a725a
Rayanne dos Santos,62.0,62.0,115.0,Orthodox,1995-06-08,http://ufcstats.com/fighter-details/02bb48869eb7ac8f
Felipe dos Santos,67.0,70.0,125.0,Orthodox,2000-09-11,http://ufcstats.com/fighter-details/5cdf5339728f580d
Tiago dos Santos e Silva,69.0,70.0,145.0,Orthodox,1987-04-12,http://ufcstats.com/fighter-details/8ce87f7e3a9baed2
Oleksandr Doskalchuk,66.0,,125.0,Southpaw,1990-03-13,http://ufcstats.com/fighter-details/86cb6f5b1ca98dc0
David Douglas,71.0,,155.0,,1981-08-16,http://ufcstats.com/fighter-details/7cf0944b88966118
Damion Douglas,,,170.0,,,http://ufcstats.com/fighter-details/ce3b669e39418414
Lerryan Douglas,69.0,72.0,145.0,Orthodox,1995-04-27,http://ufcstats.com/fighter-details/640a0f838f057a81
Cedric Doumbe,70.0,,170.0,,1992-08-13,http://ufcstats.com/fighter-details/5159e6ee100c717e
John Dowdy,,,,,,http://ufcstats.com/fighter-details/e780ccc79a209985
Jordan Dowdy,,,170.0,,,http://ufcstats.com/fighter-details/0d9312337fdce39a
Danny Downes,72.0,72.0,155.0,Orthodox,1986-04-08,http://ufcstats.com/fighter-details/a66395395b5f1394
Derek Downey,73.0,,185.0,Orthodox,1980-04-27,http://ufcstats.com/fighter-details/b05086131c6f5dc5
John Doyle,71.0,,205.0,Orthodox,1976-11-21,http://ufcstats.com/fighter-details/0509b954421bb327
Edson Drago,76.0,,220.0,Orthodox,1977-08-29,http://ufcstats.com/fighter-details/f9c7fe2682af3802
Jimmy Drago,70.0,71.0,170.0,Orthodox,1995-02-18,http://ufcstats.com/fighter-details/cb4bf812d9cb78b4
Anthony Drilich,65.0,65.0,125.0,Southpaw,1994-03-17,http://ufcstats.com/fighter-details/c2c4052f58f54988
Kyle Driscoll,71.0,74.0,145.0,Orthodox,1994-09-23,http://ufcstats.com/fighter-details/e5e148d4363deff8
Chris Drumm,68.0,,145.0,,,http://ufcstats.com/fighter-details/5fd834edd92c9e50
Tomasz Drwal,73.0,76.0,205.0,Orthodox,1982-01-22,http://ufcstats.com/fighter-details/679a9054e2815943
Robert Drysdale,75.0,,205.0,Orthodox,1981-10-05,http://ufcstats.com/fighter-details/d2a9be6bf2de624c
Dricus Du Plessis,73.0,76.0,185.0,Switch,1994-01-14,http://ufcstats.com/fighter-details/0d7b51c9d2649a6e
Hugo Duarte,72.0,,240.0,Orthodox,1968-08-09,http://ufcstats.com/fighter-details/706404da0775dcbc
Antonio Duarte,67.0,,135.0,,,http://ufcstats.com/fighter-details/29b5d32584e02d8d
Joe Duarte,,,155.0,,1977-01-25,http://ufcstats.com/fighter-details/454c3e9d4cd4a1b3
Yuneisy Duben,64.0,65.0,125.0,Orthodox,1996-07-08,http://ufcstats.com/fighter-details/c3d2b9bcb4cead6b
Matthieu Duclos,75.0,77.0,185.0,Orthodox,1995-04-04,http://ufcstats.com/fighter-details/ec322adbabbfa6e7
Emily Ducote,62.0,63.0,115.0,Orthodox,1994-01-01,http://ufcstats.com/fighter-details/02f8fedc18cbd26c
Viktoriia Dudakova,65.0,67.0,115.0,Orthodox,1999-01-26,http://ufcstats.com/fighter-details/6c9b66b43663f2f7
Milana Dudieva,63.0,,135.0,Orthodox,1989-08-04,http://ufcstats.com/fighter-details/072a10e85f7d4bff
Adin Duenas,66.0,,145.0,,1988-07-02,http://ufcstats.com/fighter-details/cb6c45b26b0a877a
Todd Duffee,75.0,78.0,260.0,Orthodox,1985-12-06,http://ufcstats.com/fighter-details/bda04c573563cc2e
Joe Duffy,70.0,73.0,155.0,Orthodox,1988-02-18,http://ufcstats.com/fighter-details/654ae722109a0d31
Jack Duffy,67.0,69.0,125.0,Switch,1995-10-02,http://ufcstats.com/fighter-details/cea51876d8a514a0
Alexis Dufresne,69.0,,135.0,Orthodox,1990-08-31,http://ufcstats.com/fighter-details/4ae4049426e0161d
Jessamyn Duke,71.0,73.0,135.0,Orthodox,1986-06-24,http://ufcstats.com/fighter-details/a7ddae0be8b78147
Islam Dulatov,75.0,75.0,170.0,Orthodox,1998-08-02,http://ufcstats.com/fighter-details/e803242fb2e41112
Isaac Dulgarian,67.0,71.0,145.0,Orthodox,1996-07-04,http://ufcstats.com/fighter-details/a57cb948c4c70a47
Kelly Dullanty,68.0,,155.0,Orthodox,1977-11-04,http://ufcstats.com/fighter-details/1a225f04aa6e0739
Sedriques Dumas,74.0,79.0,185.0,Orthodox,1995-08-06,http://ufcstats.com/fighter-details/4e6738062d469256
Norma Dumont,67.0,67.0,135.0,Orthodox,1990-10-01,http://ufcstats.com/fighter-details/d3f5d33d61cd00c9
Chris Duncan,70.0,71.0,155.0,Orthodox,1993-05-10,http://ufcstats.com/fighter-details/fd406a32a6fb3a29
Christian Leroy Duncan,74.0,79.0,185.0,Switch,1995-07-24,http://ufcstats.com/fighter-details/a93f94c923c3a9cb
Evan Dunham,70.0,70.0,155.0,Southpaw,1981-12-18,http://ufcstats.com/fighter-details/e5c9de15bb58b1c6
Alex Dunworth,68.0,,155.0,,,http://ufcstats.com/fighter-details/31732a614e7a3d1d
Tom Duquesnoy,67.0,68.0,135.0,Orthodox,1993-06-21,http://ufcstats.com/fighter-details/e979c76341f19b22
Albert Duraev,71.0,75.0,185.0,Orthodox,1989-01-05,http://ufcstats.com/fighter-details/6b7c7460855dbbb9
Reuben Duran,67.0,71.0,135.0,Orthodox,1983-07-02,http://ufcstats.com/fighter-details/4417980b3e798abf
Cody Durden,67.0,67.0,125.0,Southpaw,1991-03-29,http://ufcstats.com/fighter-details/7f6ed67d3ed3c036
Luiz Dutra,71.0,,170.0,Orthodox,1982-05-06,http://ufcstats.com/fighter-details/2153a7f8396a46cc
Rilley Dutro,68.0,,125.0,Orthodox,1987-09-03,http://ufcstats.com/fighter-details/43db649da89fac4b
Bill Duvall,74.0,,185.0,Southpaw,,http://ufcstats.com/fighter-details/7df4d3c38792b083
Merab Dvalishvili,66.0,68.0,135.0,Orthodox,1991-01-10,http://ufcstats.com/fighter-details/c03520b5c88ed6b4
David Dvorak,65.0,68.0,125.0,Orthodox,1992-06-05,http://ufcstats.com/fighter-details/9ada30894bf04e19
Matt Dwyer,76.0,76.0,170.0,Orthodox,1989-12-17,http://ufcstats.com/fighter-details/8f0d576beba1cfcd
Rolando Dy,68.0,69.0,145.0,Orthodox,1990-08-11,http://ufcstats.com/fighter-details/55ed59d541f8b90c
Shanelle Dyer,66.0,65.0,115.0,Orthodox,2001-04-23,http://ufcstats.com/fighter-details/cfbb3edab781dfd2
Ben Earwood,68.0,,170.0,Orthodox,,http://ufcstats.com/fighter-details/ee457ef1e1c326c1
Cody East,75.0,,245.0,Orthodox,1988-06-29,http://ufcstats.com/fighter-details/5713c1d2fac539ac
Marvin Eastman,69.0,73.0,185.0,Orthodox,1971-06-08,http://ufcstats.com/fighter-details/05866d8c3a321856
Mike Easton,66.0,70.0,135.0,Southpaw,1984-01-25,http://ufcstats.com/fighter-details/bc7230f231701d66
Maurice Eazel,67.0,,135.0,,,http://ufcstats.com/fighter-details/4acb99524a9a81ab
Vincent Eazelle,71.0,,155.0,,1980-12-07,http://ufcstats.com/fighter-details/ec421d5de0aea624
Ross Ebanez,69.0,,154.0,Southpaw,1975-05-18,http://ufcstats.com/fighter-details/a5b0bd216d8ba84e
Brian Ebersole,72.0,73.0,170.0,Southpaw,1980-11-27,http://ufcstats.com/fighter-details/32ba186f4b0e3267
Roybert Echeverria,65.0,67.0,125.0,Switch,1995-08-21,http://ufcstats.com/fighter-details/20b13e96668caaa4
Mark Eddiva,68.0,68.0,145.0,Orthodox,1986-02-16,http://ufcstats.com/fighter-details/40ff198adda94b9f
Frankie Edgar,66.0,68.0,135.0,Orthodox,1981-10-16,http://ufcstats.com/fighter-details/f2688492b9a525a3
Abdul-Kerim Edilov,74.0,,205.0,Orthodox,1991-11-25,http://ufcstats.com/fighter-details/37e03538c960bac6
Johnny Eduardo,67.0,71.0,135.0,Orthodox,1978-08-03,http://ufcstats.com/fighter-details/528c24b99fbaab79
Yves Edwards,69.0,73.0,155.0,Southpaw,1976-09-30,http://ufcstats.com/fighter-details/5f04e3d58d9ce982
Justin Edwards,70.0,70.0,155.0,Orthodox,1983-01-26,http://ufcstats.com/fighter-details/e56daf7725a0b5ab
Leon Edwards,74.0,74.0,170.0,Southpaw,1991-08-25,http://ufcstats.com/fighter-details/f1fac969a1d70b08
Te Edwards,68.0,72.0,155.0,Orthodox,1990-09-11,http://ufcstats.com/fighter-details/ef44e4ea9050f2ea
Adli Edwards,,,145.0,,1989-08-28,http://ufcstats.com/fighter-details/e6904a03a66e711d
Joselyne Edwards,68.0,70.0,135.0,Orthodox,1995-09-29,http://ufcstats.com/fighter-details/f9ab66e67240db7b
Tom Egan,71.0,,170.0,Orthodox,,http://ufcstats.com/fighter-details/eae4aec1a5a8ff01
Stephanie Egger,66.0,68.0,135.0,Orthodox,1988-08-12,http://ufcstats.com/fighter-details/5e6294b37bbef029
Justin Eilers,73.0,,235.0,Orthodox,1978-06-28,http://ufcstats.com/fighter-details/27fc9218a3653e3c
Jon Olav Einemo,78.0,,253.0,Orthodox,1975-12-10,http://ufcstats.com/fighter-details/0577808d22dfe79c
Per Eklund,70.0,72.0,155.0,Orthodox,,http://ufcstats.com/fighter-details/58bc81376286b3d3
John Elam,,,,,,http://ufcstats.com/fighter-details/22d80fb67e50ab0b
Evan Elder,70.0,72.0,155.0,Switch,1997-04-11,http://ufcstats.com/fighter-details/d9a56ecb6e94f02e
Billy Elekana,75.0,77.0,205.0,Southpaw,1995-05-28,http://ufcstats.com/fighter-details/07a74004d964c7f4
John Paul Elias,76.0,,205.0,,,http://ufcstats.com/fighter-details/e873203fd50542f6
Joao Elias,63.0,64.0,125.0,Southpaw,1995-01-08,http://ufcstats.com/fighter-details/1a064688481f66e1
Saul Elizondo,67.0,,135.0,,1985-07-17,http://ufcstats.com/fighter-details/e295b96f135d758a
Darren Elkins,70.0,71.0,145.0,Orthodox,1984-05-16,http://ufcstats.com/fighter-details/92a9aa9c93192871
Jake Ellenberger,69.0,71.0,170.0,Orthodox,1985-03-28,http://ufcstats.com/fighter-details/d81ac739417d7f53
Joe Ellenberger,69.0,72.0,155.0,Orthodox,1985-03-28,http://ufcstats.com/fighter-details/8e8e4487c621aa1c
Tim Elliott,67.0,66.0,125.0,Southpaw,1986-12-24,http://ufcstats.com/fighter-details/c96d9178c9ed9e62
Oban Elliott,72.0,72.0,170.0,Orthodox,1997-12-19,http://ufcstats.com/fighter-details/6b56e94a59b7b134
Eddy Ellis,69.0,,170.0,Orthodox,,http://ufcstats.com/fighter-details/e60d773a0a42048a
Lisa Ellis,64.0,,115.0,,1982-11-15,http://ufcstats.com/fighter-details/77350fd0e6d1dba8
Elisha Ellison,72.0,78.0,238.0,Orthodox,1997-03-05,http://ufcstats.com/fighter-details/87e4a3a5080ee7ce
Anna Elmose,63.0,,115.0,Orthodox,1984-10-06,http://ufcstats.com/fighter-details/1536a25e16fc299b
Cameron Else,69.0,71.0,135.0,Switch,1987-04-27,http://ufcstats.com/fighter-details/5f3da9a9610d8969
Aaron Ely,68.0,,135.0,,1989-03-18,http://ufcstats.com/fighter-details/1741343f0ca34dd5
Sovannahry Em,64.0,,135.0,,1992-06-26,http://ufcstats.com/fighter-details/45c8fed13a62fe92
Ramazan Emeev,70.0,76.0,170.0,Southpaw,1987-05-23,http://ufcstats.com/fighter-details/abd5fb12437eda21
Aleksander Emelianenko,78.0,,255.0,Orthodox,1981-08-02,http://ufcstats.com/fighter-details/f54200f1dfb9b5d4
Fedor Emelianenko,72.0,74.0,230.0,Orthodox,1976-09-28,http://ufcstats.com/fighter-details/b8da6f5c80ae2d15
Rob Emerson,69.0,70.0,155.0,Orthodox,1981-07-30,http://ufcstats.com/fighter-details/dc0f07928009a127
Jamall Emmers,70.0,74.0,145.0,Orthodox,1989-07-24,http://ufcstats.com/fighter-details/e00a3dee329a51f7
Josh Emmett,66.0,70.0,145.0,Orthodox,1985-03-04,http://ufcstats.com/fighter-details/fba03cd6cc28dc41
Marius Enache,71.0,,155.0,,1975-10-16,http://ufcstats.com/fighter-details/e3f443e4cbc3da8f
Kevin Engel,74.0,,170.0,,,http://ufcstats.com/fighter-details/d2f310b5b072e986
Kolton Englund,70.0,69.0,155.0,Orthodox,1993-07-09,http://ufcstats.com/fighter-details/4122da4f791b2f4f
Oliver Enkamp,72.0,77.0,170.0,Switch,1991-08-10,http://ufcstats.com/fighter-details/330bafba312face4
Alex Enlund,70.0,,145.0,Orthodox,1987-05-27,http://ufcstats.com/fighter-details/d238217e0f8ea8e1
Kenny Ento,74.0,,192.0,,,http://ufcstats.com/fighter-details/daf9be103c1edbbd
Ian Entwistle,65.0,,135.0,Orthodox,1986-11-19,http://ufcstats.com/fighter-details/d7adfcfdf7c6c1f8
Andy Enz,75.0,78.0,185.0,Orthodox,1991-08-15,http://ufcstats.com/fighter-details/993d385f5a475375
Won Jin Eoh,67.0,,160.0,Orthodox,,http://ufcstats.com/fighter-details/bc7cf284c1c2f16e
Yuji Ephoevi-Ga,72.0,75.0,155.0,Switch,1999-10-19,http://ufcstats.com/fighter-details/919fc4bc3edf4de7
Josh Epps,,,130.0,,1986-08-23,http://ufcstats.com/fighter-details/984b0c4c6e773a1c
Abdellah Er-Ramy,72.0,74.0,185.0,Orthodox,1996-09-19,http://ufcstats.com/fighter-details/b593cd58b0afffb0
Steve Erceg,68.0,68.0,125.0,Orthodox,1995-07-27,http://ufcstats.com/fighter-details/32ab52e5de93092d
Tom Erikson,75.0,,280.0,Orthodox,,http://ufcstats.com/fighter-details/7b9a85e5ff31ef47
Konstantin Erokhin,71.0,,230.0,Orthodox,1983-01-31,http://ufcstats.com/fighter-details/22061ff217907c78
Julian Erosa,73.0,74.0,145.0,Southpaw,1989-07-31,http://ufcstats.com/fighter-details/902ec2cc48c8ae8a
Jarno Errens,71.0,73.0,145.0,Orthodox,1994-11-17,http://ufcstats.com/fighter-details/082eba4cd80f736f
Ivan Erslan,74.0,72.0,205.0,Orthodox,1991-11-15,http://ufcstats.com/fighter-details/64ad3e3b0efa30bb
Nick Ertl,69.0,,155.0,,,http://ufcstats.com/fighter-details/74061adb224be3cc
Chel Erwin-Davis,72.0,,170.0,,,http://ufcstats.com/fighter-details/c26ea30823f37316
Bobby Escalante,,,130.0,,,http://ufcstats.com/fighter-details/f7ede18b4ec4ec1f
Eric Esch,71.0,,350.0,Orthodox,1968-08-03,http://ufcstats.com/fighter-details/0e4daed84a8f39a6
Pro Escobedo,,,205.0,,,http://ufcstats.com/fighter-details/b36874652ed7715d
Cole Escovedo,67.0,72.0,135.0,Orthodox,1981-08-30,http://ufcstats.com/fighter-details/5df17b3620145578
Efrain Escudero,69.0,71.0,155.0,Orthodox,1986-01-15,http://ufcstats.com/fighter-details/83fd97284f4bb4a4
Evan Esguerra,,,145.0,,,http://ufcstats.com/fighter-details/ed220e87bef0cc64
Carla Esparza,61.0,63.0,115.0,Orthodox,1987-10-10,http://ufcstats.com/fighter-details/d910665038efc639
Juan Espino,75.0,80.0,255.0,Orthodox,1980-10-09,http://ufcstats.com/fighter-details/ccf5dc41417e9daf
Jordan Espinosa,66.0,69.0,125.0,Orthodox,1989-11-08,http://ufcstats.com/fighter-details/215a70f073a7b726
Jodie Esquibel,61.0,64.0,115.0,Orthodox,1986-05-07,http://ufcstats.com/fighter-details/411539901068522f
Rafael Estevam,68.0,69.0,125.0,Orthodox,1996-08-10,http://ufcstats.com/fighter-details/83455a9d17f57dae
Achilles Estremadura,70.0,68.0,155.0,Orthodox,1992-03-11,http://ufcstats.com/fighter-details/41f3cfdab0b22236
Shaun Etchell,67.0,68.0,125.0,Switch,1993-08-05,http://ufcstats.com/fighter-details/ea9bfe9c25037bba
Terry Etim,73.0,73.0,155.0,Orthodox,1986-01-11,http://ufcstats.com/fighter-details/33011768c3c4dc9a
Fred Ettish,72.0,,180.0,Southpaw,,http://ufcstats.com/fighter-details/8d5daf67983b65ba
Scott Ettling,,,135.0,,,http://ufcstats.com/fighter-details/74b5736f1df40be3
Sijara Eubanks,64.0,67.0,125.0,Orthodox,1985-04-27,http://ufcstats.com/fighter-details/4234f0097c83fa62
Billy Evangelista,68.0,68.0,155.0,Orthodox,1980-10-07,http://ufcstats.com/fighter-details/9766ed20b68c7c33
Rashad Evans,72.0,75.0,205.0,Orthodox,1979-09-25,http://ufcstats.com/fighter-details/ee779c43a8926d52
Doug Evans,69.0,,155.0,Orthodox,1980-10-10,http://ufcstats.com/fighter-details/d3de4a24f7eefac8
Ashlee Evans-Smith,68.0,67.0,135.0,Orthodox,1987-07-09,http://ufcstats.com/fighter-details/fc6e681bf6658faf
Dan Evensen,75.0,,250.0,Orthodox,1974-06-01,http://ufcstats.com/fighter-details/dd8aec6de7035943
Tonya Evinger,67.0,70.0,135.0,Orthodox,1981-06-04,http://ufcstats.com/fighter-details/b12a1d19ee383b7c
Movsar Evloev,67.0,72.0,145.0,Orthodox,1994-02-11,http://ufcstats.com/fighter-details/76e2870ffafbe38f
Andre Ewell,68.0,75.0,145.0,Southpaw,1988-01-21,http://ufcstats.com/fighter-details/5f6f049d54728e88
Chris Ewert,72.0,75.0,185.0,Orthodox,1993-09-06,http://ufcstats.com/fighter-details/54c2576b7f2f1f57
Neal Ewing,,,185.0,,1985-09-30,http://ufcstats.com/fighter-details/0798f558681d0eb5
Manuel Exposito,67.0,68.0,145.0,Orthodox,2000-05-09,http://ufcstats.com/fighter-details/a1cb266d7f44f35f
Jessica Eye,66.0,66.0,125.0,Orthodox,1986-07-27,http://ufcstats.com/fighter-details/f72465a784c1b084
Edward Faaloloto,,70.0,155.0,Orthodox,1984-07-15,http://ufcstats.com/fighter-details/6224e8d0a34264eb
Urijah Faber,66.0,67.0,135.0,Orthodox,1979-05-14,http://ufcstats.com/fighter-details/78114b7199cef90c
Melinda Fabian,66.0,66.0,125.0,Orthodox,1987-06-25,http://ufcstats.com/fighter-details/8c020156779f7888
Wagnney Fabiano,66.0,69.0,145.0,Southpaw,1975-07-14,http://ufcstats.com/fighter-details/40389d39a92f5bfa
Bartosz Fabinski,72.0,75.0,170.0,Orthodox,1986-04-26,http://ufcstats.com/fighter-details/e17ac6410c8377f4
Ron Faircloth,69.0,,205.0,Orthodox,1979-08-16,http://ufcstats.com/fighter-details/453ee00c3e1ae9dd
Jason Fairn,73.0,,230.0,,,http://ufcstats.com/fighter-details/adea9f0090aa8e14
Zarah Fairn,68.0,72.0,135.0,Orthodox,1983-12-10,http://ufcstats.com/fighter-details/862b0b3375aa4b6e
Rinat Fakhretdinov,72.0,74.0,170.0,Orthodox,1991-09-28,http://ufcstats.com/fighter-details/8f765fd5775a8873
Maiquel Falcao,71.0,,185.0,Orthodox,1981-03-08,http://ufcstats.com/fighter-details/d58478ded5534695
Pedro Falcao,66.0,66.0,135.0,Orthodox,1992-07-30,http://ufcstats.com/fighter-details/f7be1db194e03d7e
Brodie Farber,73.0,,170.0,Orthodox,1980-07-05,http://ufcstats.com/fighter-details/91d73ee59347ac16
Joao Paulo Faria,69.0,,155.0,,,http://ufcstats.com/fighter-details/04e9955f33e0c267
Kalindra Faria,67.0,,125.0,Switch,1986-07-23,http://ufcstats.com/fighter-details/27b164b0d1833df0
Jair Farias,73.0,76.0,145.0,Orthodox,1993-03-16,http://ufcstats.com/fighter-details/431262bbc69215dc
Chance Farrar,69.0,,145.0,Southpaw,1975-09-11,http://ufcstats.com/fighter-details/49c7236c737d7e59
Rico Farrington,76.0,79.0,170.0,Southpaw,1989-06-19,http://ufcstats.com/fighter-details/f89e6e66b9b112de
Kelly Faszholz,68.0,,135.0,Orthodox,1985-04-09,http://ufcstats.com/fighter-details/9c42a0de8e012870
Rodney Faverus,72.0,,215.0,Southpaw,,http://ufcstats.com/fighter-details/5af26b3201690d29
Paul Felder,71.0,70.0,155.0,Orthodox,1984-04-25,http://ufcstats.com/fighter-details/e5010b1b94ca5755
Carlos Felipe,72.0,75.0,245.0,Orthodox,1995-01-12,http://ufcstats.com/fighter-details/a2ea77e974c5889f
Luis Felipe Dias,,,185.0,,1995-01-17,http://ufcstats.com/fighter-details/33a86e839ad202d8
JP Felty,,,170.0,,1979-04-28,http://ufcstats.com/fighter-details/954e3f4e2b0e6510
Feng Pengchao,,,135.0,,,http://ufcstats.com/fighter-details/86597694317e5e1b
Feng Xiaocan,67.0,67.0,115.0,Southpaw,2001-10-27,http://ufcstats.com/fighter-details/c940b42df95bbd28
Kevin Ferguson,74.0,77.0,235.0,Orthodox,1974-02-08,http://ufcstats.com/fighter-details/27541033b97c076d
Rhadi Ferguson,67.0,,205.0,,,http://ufcstats.com/fighter-details/15f4550e017f6c7d
Tony Ferguson,71.0,76.0,170.0,Orthodox,1984-02-12,http://ufcstats.com/fighter-details/22a92d7f62195791
Josh Ferguson,65.0,,125.0,Orthodox,1988-05-13,http://ufcstats.com/fighter-details/b0f316c60f8d3b47
CJ Fernandes,74.0,,170.0,,1977-11-13,http://ufcstats.com/fighter-details/979f7edbb6980b0d
Bibiano Fernandes,67.0,,139.0,Orthodox,1980-03-30,http://ufcstats.com/fighter-details/cbc071cb20ea59c7
Gabriella Fernandes,66.0,66.0,125.0,Southpaw,1993-08-13,http://ufcstats.com/fighter-details/a6eb54ae17a551be
Kaue Fernandes,69.0,73.0,155.0,Orthodox,1995-03-17,http://ufcstats.com/fighter-details/ec13c393d029297d
Emily Fernandez,,,,,,http://ufcstats.com/fighter-details/7ee1babb99f30115
Luke Fernandez,,,205.0,Orthodox,1995-06-29,http://ufcstats.com/fighter-details/d62e280d0f7b6d6f
Lucas Fernando,75.0,80.0,185.0,,1997-01-10,http://ufcstats.com/fighter-details/3df223aeaacecf3f
Alexandre Ferreira,67.0,,205.0,Orthodox,1979-04-25,http://ufcstats.com/fighter-details/28ba5f27e473420c
Cezar Ferreira,73.0,78.0,185.0,Southpaw,1985-02-15,http://ufcstats.com/fighter-details/dbc17725b887860a
Diego Ferreira,69.0,74.0,155.0,Orthodox,1985-01-18,http://ufcstats.com/fighter-details/f53d4f21d1b5f2dc
Erisson Ferreira,66.0,70.0,125.0,Orthodox,1991-05-03,http://ufcstats.com/fighter-details/1c2a8915f8431507
Brunno Ferreira,70.0,72.0,185.0,Orthodox,1992-11-04,http://ufcstats.com/fighter-details/1e719d4b676dc19a
Scott Ferrozzo,71.0,,323.0,Orthodox,1965-04-26,http://ufcstats.com/fighter-details/977081bc01197656
Timo Feucht,75.0,79.0,205.0,Orthodox,1996-01-18,http://ufcstats.com/fighter-details/8c21eb9fd7c4c203
Andre Fialho,72.0,74.0,170.0,Orthodox,1994-04-07,http://ufcstats.com/fighter-details/33efaf2d0941cfcf
Drew Fickett,70.0,70.0,155.0,Orthodox,1979-12-14,http://ufcstats.com/fighter-details/d814f5192e58fb2f
Scott Fiedler,76.0,,235.0,Orthodox,,http://ufcstats.com/fighter-details/0ec821423baa26bd
Ron Fields,74.0,,200.0,Orthodox,1974-11-18,http://ufcstats.com/fighter-details/6e380a4d73ab4f0e
Michal Figlak,70.0,70.0,155.0,Orthodox,1996-08-15,http://ufcstats.com/fighter-details/b4c57a8c2b773e82
Deiveson Figueiredo,65.0,68.0,135.0,Orthodox,1987-12-18,http://ufcstats.com/fighter-details/aa72b0f831d0bfe5
Francisco Figueiredo,66.0,68.0,125.0,Southpaw,1989-10-23,http://ufcstats.com/fighter-details/cdadae5363b66eef
Anthony Figueroa,64.0,,135.0,Orthodox,,http://ufcstats.com/fighter-details/daff32bc96d1eabf
Edwin Figueroa,67.0,69.0,135.0,Orthodox,1984-07-31,http://ufcstats.com/fighter-details/bbfca6d5c27d9cd8
Jonathan Figueroa,,,185.0,,1995-02-05,http://ufcstats.com/fighter-details/2226445c4a196dc8
Paulo Filho,68.0,,185.0,Southpaw,1978-05-24,http://ufcstats.com/fighter-details/2abdead94ce73552
Jafel Filho,67.0,68.0,125.0,Orthodox,1993-05-05,http://ufcstats.com/fighter-details/65adf3856c4d9256
Andre Fili,71.0,74.0,145.0,Orthodox,1990-06-25,http://ufcstats.com/fighter-details/8fd808923cffff82
Mirko Filipovic,74.0,73.0,230.0,Southpaw,1974-09-10,http://ufcstats.com/fighter-details/c32fb8c0f6471a4d
Brady Fink,72.0,,183.0,Orthodox,,http://ufcstats.com/fighter-details/997b4f52f76a0b53
Jesse Finney,72.0,,170.0,,1974-07-11,http://ufcstats.com/fighter-details/0496cdac0bc9edd8
Jan Finney,68.0,,135.0,Orthodox,,http://ufcstats.com/fighter-details/3317823959d32a05
Torrez Finney,68.0,75.0,185.0,Orthodox,1998-10-24,http://ufcstats.com/fighter-details/fbb60f24af5d5a02
Luigi Fioravanti,68.0,70.0,170.0,Orthodox,1981-01-22,http://ufcstats.com/fighter-details/9583662df31d943f
Nick Fiore,70.0,72.0,155.0,Orthodox,1997-12-10,http://ufcstats.com/fighter-details/036e96c1c12b8a59
Manon Fiorot,67.0,65.0,125.0,Orthodox,1990-02-17,http://ufcstats.com/fighter-details/34ff304266360297
Luiz Firmino,66.0,,154.0,Orthodox,1982-03-18,http://ufcstats.com/fighter-details/16d09e800ad7ec79
Spencer Fisher,67.0,68.0,155.0,Southpaw,1976-05-09,http://ufcstats.com/fighter-details/f34312c2ccfa0e00
Chris Fishgold,68.0,68.0,145.0,Orthodox,1992-06-06,http://ufcstats.com/fighter-details/bebb4ae55ac2bf6f
Bryanna Fissori,64.0,,145.0,,,http://ufcstats.com/fighter-details/5517bd590dbbe1f8
Jon Fitch,72.0,74.0,170.0,Orthodox,1978-02-24,http://ufcstats.com/fighter-details/6f018c039b4d5d80
Isi Fitikefu,70.0,,205.0,,,http://ufcstats.com/fighter-details/b8dc5fbf8338adc5
Rafael Fiziev,68.0,71.0,155.0,Switch,1993-03-05,http://ufcstats.com/fighter-details/c814b4c899793af6
Colin Fletcher,74.0,,155.0,Orthodox,1983-01-08,http://ufcstats.com/fighter-details/7d09200f6a77b20e
AJ Fletcher,70.0,67.0,170.0,Switch,1997-02-18,http://ufcstats.com/fighter-details/725b1abc9a39d873
Nathan Fletcher,67.0,70.0,135.0,Orthodox,1998-01-03,http://ufcstats.com/fighter-details/a2d342ffc83913ed
Jimmy Flick,67.0,68.0,125.0,Orthodox,1990-09-07,http://ufcstats.com/fighter-details/09e62c450e754913
Luke Flores,72.0,73.0,155.0,Southpaw,1988-03-17,http://ufcstats.com/fighter-details/b5f44dcb863f595b
Ty Flores,75.0,73.0,205.0,Switch,1993-12-22,http://ufcstats.com/fighter-details/4bb0f74d5e26f89a
Alejandro Flores,70.0,73.0,145.0,Orthodox,1991-08-06,http://ufcstats.com/fighter-details/d23d5960ac5e117c
Kenny Florian,70.0,74.0,145.0,Southpaw,1976-05-26,http://ufcstats.com/fighter-details/cb139171ed1b69fe
Darrius Flowers,69.0,71.0,155.0,Orthodox,1994-08-25,http://ufcstats.com/fighter-details/65db4065e2bc107d
Cody Floyd,,,,,1988-07-18,http://ufcstats.com/fighter-details/8164250600b7c91b
Bobby Flynn,,,170.0,,,http://ufcstats.com/fighter-details/c97fc5fbf7d32b8a
Caros Fodor,69.0,74.0,155.0,Orthodox,1984-01-07,http://ufcstats.com/fighter-details/01d2ed8c502e3828
Mal Foki,67.0,,220.0,Orthodox,,http://ufcstats.com/fighter-details/fa534853eb195270
Matt Foki,67.0,,220.0,Orthodox,,http://ufcstats.com/fighter-details/5de61b03868035ff
AJ Fonseca,64.0,,145.0,,,http://ufcstats.com/fighter-details/0adf1aacda5e26ac
Rob Font,68.0,71.0,135.0,Orthodox,1987-06-25,http://ufcstats.com/fighter-details/05339613bf8e9808
Claudionor Fontinelle,65.0,,185.0,Orthodox,,http://ufcstats.com/fighter-details/7a82635ffa9b59fe
Jesse Forbes,74.0,75.0,185.0,Southpaw,1984-10-24,http://ufcstats.com/fighter-details/947eccadb72f4f6f
Sterling Ford,70.0,,155.0,,1986-03-12,http://ufcstats.com/fighter-details/a71ce6ff0b4a9dbb
Codale Ford,69.0,,170.0,,1979-05-13,http://ufcstats.com/fighter-details/5340123d826ceadb
Raheam Forest,71.0,73.0,170.0,Switch,1997-07-11,http://ufcstats.com/fighter-details/90390dd1b0791e7f
Jussier Formiga,65.0,67.0,125.0,Orthodox,1985-04-14,http://ufcstats.com/fighter-details/b102c26727306ab6
Carol Foro,62.0,61.0,115.0,Orthodox,1997-03-21,http://ufcstats.com/fighter-details/77ba5b2939c4018b
Renee Forte,67.0,71.0,155.0,Orthodox,1987-03-27,http://ufcstats.com/fighter-details/44bc27bfa76dcd9e
Brianna Fortino,60.0,62.0,115.0,Southpaw,1993-08-04,http://ufcstats.com/fighter-details/b53c46f613f6f248
Marcel Fortuna,73.0,74.0,205.0,Orthodox,1985-10-22,http://ufcstats.com/fighter-details/d761b3766e38c5db
Brian Foster,69.0,71.0,170.0,Orthodox,1984-04-03,http://ufcstats.com/fighter-details/3dc3022232b79c7a
Xavier Foupa-Pokam,73.0,,185.0,Open Stance,1982-07-03,http://ufcstats.com/fighter-details/ec33146e43e58933
Mason Fowler,71.0,,170.0,,,http://ufcstats.com/fighter-details/d745d4146be48679
Brandon Foxworth,71.0,,145.0,Orthodox,1979-04-28,http://ufcstats.com/fighter-details/f65a0eb902f9476b
Hermes Franca,66.0,71.0,155.0,Orthodox,1974-08-26,http://ufcstats.com/fighter-details/e0ec3c3b6b611f7e
Glaico Franca Moreira,72.0,77.0,155.0,Orthodox,1991-02-28,http://ufcstats.com/fighter-details/00a3ff40c4b2cf21
Francisco France,72.0,,205.0,,1983-01-21,http://ufcstats.com/fighter-details/ecfdbf38681a59ba
John Franchi,66.0,67.0,145.0,Orthodox,1982-07-16,http://ufcstats.com/fighter-details/b9532d815060de7f
Felipe Franco,73.0,76.0,205.0,Orthodox,2001-01-22,http://ufcstats.com/fighter-details/e564146b9cf6dbef
Rich Franklin,73.0,76.0,185.0,Southpaw,1974-10-05,http://ufcstats.com/fighter-details/d897897060f10a3a
Xavier Franklin,66.0,66.0,135.0,Southpaw,1996-10-15,http://ufcstats.com/fighter-details/90957a918e26bf9c
Zoila Frausto,64.0,,135.0,Orthodox,,http://ufcstats.com/fighter-details/040d3b4c735541aa
Stephanie Frausto,62.0,61.0,115.0,Orthodox,1990-09-20,http://ufcstats.com/fighter-details/fee02819a271c050
Zane Frazier,77.0,,250.0,Orthodox,,http://ufcstats.com/fighter-details/d3711d3784b76255
Gary Frazier,72.0,,245.0,Orthodox,,http://ufcstats.com/fighter-details/3beeeafcbc8b4cbc
Justin Frazier,72.0,75.0,265.0,Southpaw,1989-06-15,http://ufcstats.com/fighter-details/78863e4a28204a6b
Ian Freeman,71.0,,225.0,Orthodox,1966-11-10,http://ufcstats.com/fighter-details/b4bc2e3353a770b5
Jason Freeman,74.0,,225.0,,1976-09-02,http://ufcstats.com/fighter-details/5870bd1eadf4f322
Kennedy Freeman,,,125.0,,1996-11-26,http://ufcstats.com/fighter-details/63d071997c75e3fd
Denzel Freeman,,,265.0,,,http://ufcstats.com/fighter-details/b5c19c34f12c917e
Willamy Freire,68.0,,155.0,Orthodox,1987-07-28,http://ufcstats.com/fighter-details/f1f37d667bcd0d27
Patricio Freire,66.0,67.0,145.0,Orthodox,1987-07-07,http://ufcstats.com/fighter-details/98a58c26c5b1ed17
Patricky Freire,67.0,71.0,155.0,,1986-06-01,http://ufcstats.com/fighter-details/90e6dde9113830bd
JeremyFreitag,73.0,,205.0,,,http://ufcstats.com/fighter-details/a47e9ec288c91067
Rafael Freitas,,,205.0,Orthodox,,http://ufcstats.com/fighter-details/14b9e0f2679a2205
Donavon Frelow,67.0,,135.0,Orthodox,1985-01-20,http://ufcstats.com/fighter-details/9aa56f004b2bca07
Josh Fremd,76.0,76.0,185.0,Orthodox,1994-01-15,http://ufcstats.com/fighter-details/ca43de99b07b6b40
Clay French,67.0,,161.0,Southpaw,1980-10-07,http://ufcstats.com/fighter-details/73321668ff977f1b
Mike French,70.0,,145.0,,1975-05-29,http://ufcstats.com/fighter-details/756f45905fb20cb5
Matt Frevola,69.0,71.0,155.0,Orthodox,1990-06-11,http://ufcstats.com/fighter-details/dccb63727f2f5f74
Jinh Yu Frey,63.0,65.0,115.0,Southpaw,1985-05-20,http://ufcstats.com/fighter-details/d05cb1e8d1b885d8
Artem Frolov,70.0,,185.0,,1991-09-07,http://ufcstats.com/fighter-details/ee704df0afd74558
Sarah Frota,66.0,69.0,125.0,Southpaw,1987-04-14,http://ufcstats.com/fighter-details/1641ef250e9de19b
Daniel Frunza,73.0,73.0,170.0,Orthodox,1994-04-13,http://ufcstats.com/fighter-details/7cec3c4a5e7b6d68
Don Frye,73.0,,219.0,Orthodox,1965-11-23,http://ufcstats.com/fighter-details/271fe91f4ba9d2c5
Allen Frye Jr.,,,265.0,,1998-04-15,http://ufcstats.com/fighter-details/73a78713bd899f4c
Tony Fryklund,72.0,,185.0,Orthodox,1971-03-26,http://ufcstats.com/fighter-details/253de74457bd6374
Adam Fugitt,73.0,77.0,170.0,Southpaw,1989-01-12,http://ufcstats.com/fighter-details/a01a62132460a98d
Jesse Fujarczyk,76.0,,225.0,Southpaw,1983-01-28,http://ufcstats.com/fighter-details/c3c38c86f5ab9b5c
Katsuhisa Fujii,72.0,,205.0,Orthodox,1972-08-15,http://ufcstats.com/fighter-details/d71d968dc6ecfdaf
Megumi Fujii,63.0,,113.0,,1974-04-26,http://ufcstats.com/fighter-details/fb6c531726447ff3
Kazuyuki Fujita,72.0,,235.0,Orthodox,1970-10-16,http://ufcstats.com/fighter-details/b1605ea39fba6af6
Keisuke Fujiwara,66.0,,139.0,Switch,,http://ufcstats.com/fighter-details/ccd58ff71e260ed5
Riki Fukuda,72.0,73.0,185.0,Southpaw,1981-01-06,http://ufcstats.com/fighter-details/7c35f869033901ae
Masio Fullen,70.0,70.0,145.0,Orthodox,1986-10-06,http://ufcstats.com/fighter-details/4638cc6479cc0afe
Travis Fulton,72.0,,240.0,Orthodox,1977-05-29,http://ufcstats.com/fighter-details/911fb265462f0d94
Sam Fulton,,,,,,http://ufcstats.com/fighter-details/1f5f75658551f2d3
Masakatsu Funaki,72.0,,185.0,Southpaw,1969-03-13,http://ufcstats.com/fighter-details/aa3153a9941b4d44
Ricardo Funch,70.0,74.0,170.0,Southpaw,1980-08-14,http://ufcstats.com/fighter-details/e9e1acc96536bb4f
Katsuaki Furuki,72.0,,168.0,,1980-11-10,http://ufcstats.com/fighter-details/c3e2eca94b2320bc
James Gabert,,,178.0,,,http://ufcstats.com/fighter-details/fcd8b623892b9a10
Gustavo Gabriel,66.0,,125.0,Orthodox,1994-04-01,http://ufcstats.com/fighter-details/fe98f86284a6eeb3
Claudia Gadelha,64.0,63.0,115.0,Orthodox,1988-12-07,http://ufcstats.com/fighter-details/ec34349e7dffcde7
Alavutdin Gadjiev,74.0,,185.0,Orthodox,1982-06-23,http://ufcstats.com/fighter-details/a7a79b8efbceaaac
Magomed Gadzhiyasulov,74.0,75.0,205.0,Orthodox,1993-11-04,http://ufcstats.com/fighter-details/6e344b71421103da
Justin Gaethje,71.0,70.0,155.0,Orthodox,1988-11-14,http://ufcstats.com/fighter-details/9e8f6c728eb01124
Sheila Gaff,65.0,,135.0,Orthodox,1989-12-29,http://ufcstats.com/fighter-details/837d30395faca41e
Muin Gafurov,67.0,68.0,135.0,Orthodox,1996-05-17,http://ufcstats.com/fighter-details/a54660deb6a8489c
Mitch Gagnon,65.0,65.0,135.0,Southpaw,1984-10-10,http://ufcstats.com/fighter-details/b8592b4a383696cd
Brandon Gaines,75.0,,185.0,,,http://ufcstats.com/fighter-details/8e6cfbd455f0f9c2
Travis Galbraith,72.0,,170.0,Orthodox,1981-05-18,http://ufcstats.com/fighter-details/06dc1a58663579d2
Dave Galera,71.0,,135.0,Orthodox,1978-01-12,http://ufcstats.com/fighter-details/0876d21328cf4a45
Zelg Galesic,74.0,,185.0,Orthodox,1979-02-16,http://ufcstats.com/fighter-details/8a1b4330c7957961
Mickey Gall,74.0,74.0,170.0,Switch,1992-01-22,http://ufcstats.com/fighter-details/9e50097a89442158
Daniel Gallemore,77.0,,265.0,,,http://ufcstats.com/fighter-details/96706c75a2b14164
Tom Gallicchio,70.0,,170.0,Southpaw,1986-09-23,http://ufcstats.com/fighter-details/cc81c92fe2254935
Turrell Galloway,63.0,,145.0,,,http://ufcstats.com/fighter-details/7e654edcddd71550
Eric Galvan,,,155.0,,,http://ufcstats.com/fighter-details/ad3fdba28a7540cf
Andre Galvao,67.0,,168.0,Orthodox,1982-09-29,http://ufcstats.com/fighter-details/45fe6765c56d8018
Marcos Galvao,67.0,,135.0,Orthodox,1981-06-23,http://ufcstats.com/fighter-details/e15d0a2519d6a0b5
Lucas Gamaza,,,170.0,,,http://ufcstats.com/fighter-details/289a3b69b85da7cd
Joey Gambino,67.0,,145.0,Orthodox,1988-10-26,http://ufcstats.com/fighter-details/10559c53de0b950e
Manvel Gamburyan,65.0,67.0,135.0,Orthodox,1981-05-08,http://ufcstats.com/fighter-details/cc6f9d1e89f3449a
Mateusz Gamrot,70.0,70.0,155.0,Southpaw,1990-12-11,http://ufcstats.com/fighter-details/72db2a14ffa73ece
Shamil Gamzatov,74.0,76.0,205.0,Orthodox,1990-08-09,http://ufcstats.com/fighter-details/0d980975001ae3d8
Ryan Gandra,73.0,74.0,185.0,Orthodox,1995-05-08,http://ufcstats.com/fighter-details/e463ce0a2ca474f4
Ariel Gandulla,71.0,,205.0,Orthodox,1968-05-07,http://ufcstats.com/fighter-details/41904fc4d3f5bffc
Ciryl Gane,76.0,81.0,245.0,Orthodox,1990-04-12,http://ufcstats.com/fighter-details/787bb1f087ccff8a
Sean Gannon,75.0,,265.0,Southpaw,,http://ufcstats.com/fighter-details/6d7886b094b471ac
Tommy Gantt,71.0,76.0,155.0,Orthodox,1993-01-09,http://ufcstats.com/fighter-details/de83f920fd302871
Junye Gao,,,125.0,,,http://ufcstats.com/fighter-details/8b27d25ce0221d60
Eduardo Garagorri,69.0,70.0,145.0,Orthodox,1989-05-28,http://ufcstats.com/fighter-details/7bde387d50829adf
Cody Garbrandt,68.0,65.0,135.0,Orthodox,1991-07-07,http://ufcstats.com/fighter-details/d8c7c61b176e3994
Leonard Garcia,70.0,68.0,145.0,Orthodox,1979-07-14,http://ufcstats.com/fighter-details/917e53fa0adea0d3
Edgar Garcia,70.0,71.0,170.0,Orthodox,1984-02-22,http://ufcstats.com/fighter-details/8d49545dadf9b919
Alejandro Garcia,67.0,,145.0,,,http://ufcstats.com/fighter-details/e5dc36e0aba7e9da
Alex Garcia,69.0,72.0,170.0,Orthodox,1987-07-14,http://ufcstats.com/fighter-details/a2b12c3f3d60ff69
Nick Garcia,64.0,,125.0,,,http://ufcstats.com/fighter-details/8a04d94dfcfab159
Steve Garcia,72.0,75.0,145.0,Southpaw,1992-05-22,http://ufcstats.com/fighter-details/97cf1a2c7c5e7889
Elias Garcia,65.0,67.0,125.0,Southpaw,1992-09-13,http://ufcstats.com/fighter-details/ac5a7400da3a9a41
Rafa Garcia,67.0,70.0,155.0,Orthodox,1994-08-05,http://ufcstats.com/fighter-details/e132d47bd9efbbe0
Fernie Garcia,67.0,67.0,135.0,Orthodox,1992-04-12,http://ufcstats.com/fighter-details/9e92e1ca498d7244
Rulon Gardner,75.0,,265.0,Orthodox,1971-08-16,http://ufcstats.com/fighter-details/4f7e290e71d60f87
David Gardner,71.0,,155.0,Orthodox,1977-05-17,http://ufcstats.com/fighter-details/70167689d6a01793
Pablo Garza,73.0,73.0,145.0,Orthodox,1983-09-16,http://ufcstats.com/fighter-details/8e5bfd4e82352340
Azamat Gashimov,66.0,,125.0,Orthodox,1990-04-07,http://ufcstats.com/fighter-details/a1b0715c4fd2dbd3
Brian Gassaway,73.0,,170.0,Orthodox,1972-08-07,http://ufcstats.com/fighter-details/e4770d5ed44a3970
Kelvin Gastelum,69.0,71.0,185.0,Southpaw,1991-10-24,http://ufcstats.com/fighter-details/8c0580d4fff106c1
Willie Gates,68.0,72.0,125.0,Orthodox,1987-01-21,http://ufcstats.com/fighter-details/6ded9184b2284645
Melissa Gatto,65.0,69.0,135.0,Orthodox,1996-05-02,http://ufcstats.com/fighter-details/a4a80dd7336ffd59
Sean Gauci,65.0,64.0,125.0,Switch,1996-10-07,http://ufcstats.com/fighter-details/d758f272d94f5866
Louis Gaudinot,63.0,63.0,125.0,Orthodox,1984-08-28,http://ufcstats.com/fighter-details/b72a60a0cadff408
Ateba Gautier,76.0,81.0,185.0,Switch,2002-04-10,http://ufcstats.com/fighter-details/2f815ed5f8278ba6
Manuel Gaxhja,68.0,,155.0,Switch,1997-07-23,http://ufcstats.com/fighter-details/618643d0d5c0631d
Shamil Gaziev,76.0,78.0,265.0,Orthodox,1990-02-10,http://ufcstats.com/fighter-details/6747ccd6d1acd266
Charlene Gellner,62.0,,125.0,,,http://ufcstats.com/fighter-details/effd0b70e6749ab2
Chad George,66.0,68.0,135.0,Southpaw,1982-04-30,http://ufcstats.com/fighter-details/14e797332ea32cdb
Paul Georgieff,74.0,,170.0,Orthodox,1982-09-22,http://ufcstats.com/fighter-details/2f1700b3a4a09bc7
Brian Geraghty,67.0,,155.0,Orthodox,1980-11-04,http://ufcstats.com/fighter-details/15edcf67ccf5be84
Derek Getzel,72.0,,155.0,,,http://ufcstats.com/fighter-details/42883268854b78be
Karine Gevorgyan,64.0,63.0,125.0,,1989-03-09,http://ufcstats.com/fighter-details/2db0c114414d4f06
Yanis Ghemmouri,69.0,69.0,135.0,Orthodox,1995-01-24,http://ufcstats.com/fighter-details/eb70e786bbdf1d16
Darrel Gholar,68.0,,194.0,Orthodox,,http://ufcstats.com/fighter-details/a24e080000fa7a35
Tiki Ghosn,70.0,,170.0,Orthodox,1977-02-09,http://ufcstats.com/fighter-details/cb6783c39c01d896
Christos Giagos,70.0,71.0,155.0,Orthodox,1990-01-23,http://ufcstats.com/fighter-details/de45aaae23dfa392
Joe Giannetti,72.0,74.0,155.0,Southpaw,1995-07-05,http://ufcstats.com/fighter-details/946db8a378903cc3
Nick Gibbons,70.0,,155.0,,,http://ufcstats.com/fighter-details/96a221341035b701
James Giboo,71.0,,170.0,Orthodox,1978-01-06,http://ufcstats.com/fighter-details/f74e037b97917027
Lance Gibson,69.0,,185.0,Orthodox,1970-11-20,http://ufcstats.com/fighter-details/63eedfcc73071d41
Lee Gibson,67.0,,155.0,,,http://ufcstats.com/fighter-details/69db199087a1a792
Cody Gibson,70.0,71.0,135.0,Orthodox,1987-09-11,http://ufcstats.com/fighter-details/700a674c042b7a96
Chase Gibson,70.0,72.0,155.0,Orthodox,1990-02-07,http://ufcstats.com/fighter-details/09439946214993bc
Kenny Giddens,71.0,,155.0,,,http://ufcstats.com/fighter-details/db8b800176d26f6e
Thomas Gifford,73.0,75.0,155.0,Orthodox,1992-07-26,http://ufcstats.com/fighter-details/e7f51d9f9e9259e7
Joseph Gigliotti,71.0,,185.0,Orthodox,1993-08-13,http://ufcstats.com/fighter-details/83825fad27ab3581
Joey Gilbert,71.0,,155.0,Orthodox,1976-06-05,http://ufcstats.com/fighter-details/6bb1d2b714d4b3bc
Trevin Giles,72.0,74.0,170.0,Orthodox,1992-08-06,http://ufcstats.com/fighter-details/b27a1fcb56a3035a
Kultar Gill,72.0,,154.0,Orthodox,1979-03-24,http://ufcstats.com/fighter-details/42c96a9c4802e2e1
Jesse Gillespie,,,185.0,,,http://ufcstats.com/fighter-details/160b931119c1bf91
Gregor Gillespie,67.0,71.0,155.0,Orthodox,1986-11-13,http://ufcstats.com/fighter-details/84ff027394f7e470
Jason Gilliam,72.0,,170.0,Orthodox,,http://ufcstats.com/fighter-details/91720876db0ee468
Micheal Gillmore,71.0,72.0,170.0,Orthodox,1987-03-28,http://ufcstats.com/fighter-details/ce175eaafe867d1f
Krishaun Gilmore,,,,,,http://ufcstats.com/fighter-details/10ccdcd14c3dfcf1
Alex Gilpin,67.0,,145.0,Orthodox,1992-03-26,http://ufcstats.com/fighter-details/762c69860eef65d8
Bob Gilstrap,75.0,,200.0,Orthodox,,http://ufcstats.com/fighter-details/c96518b7f6881004
Eperaim Ginting,64.0,64.0,135.0,Orthodox,1995-11-30,http://ufcstats.com/fighter-details/bad8ed7d714f1493
Demetrius Gioulacos,71.0,,185.0,,,http://ufcstats.com/fighter-details/a58114c6dd0add64
Billy Giovanella,68.0,,125.0,,1985-08-20,http://ufcstats.com/fighter-details/c1ea31a904fe08a9
He-Man Gipson,,,,,,http://ufcstats.com/fighter-details/3e03cec9767d37e6
Israel Giron,68.0,,155.0,,1974-01-16,http://ufcstats.com/fighter-details/4b4f6abdce986be6
Brandon Girtz,67.0,,155.0,,1985-03-06,http://ufcstats.com/fighter-details/81f1810f72df8f25
Jason Glaza,72.0,,230.0,,,http://ufcstats.com/fighter-details/fda067e842b07466
Mike Glenn,,,205.0,,1977-10-09,http://ufcstats.com/fighter-details/ed133185689088b3
Ricky Glenn,72.0,70.0,170.0,Southpaw,1989-04-12,http://ufcstats.com/fighter-details/814ff3018127e8fc
Ivan Gnizditskiy,,,205.0,,1996-05-10,http://ufcstats.com/fighter-details/057a241e4ba90c4d
Mark Godbeer,76.0,77.0,240.0,Orthodox,1983-11-22,http://ufcstats.com/fighter-details/ad56b3f00ca38dfd
Clint Godfrey,66.0,,135.0,Southpaw,1982-10-21,http://ufcstats.com/fighter-details/bd85ca0bb4f26cfc
Loopy Godinez,62.0,61.0,115.0,Orthodox,1993-09-06,http://ufcstats.com/fighter-details/8e5d953bdb9ae5e7
Jason Godsey,74.0,,230.0,Orthodox,,http://ufcstats.com/fighter-details/5ca158b1cc9cb242
Allan Goes,72.0,,205.0,Orthodox,1971-04-20,http://ufcstats.com/fighter-details/e62b36885ecdac27
Billy Ray Goff,70.0,72.0,170.0,Switch,1998-06-18,http://ufcstats.com/fighter-details/fa07345cc9db5cc9
Amiran Gogoladze,73.0,74.0,170.0,Switch,1997-12-09,http://ufcstats.com/fighter-details/5d1636b6c1688502
Jonny Goh,71.0,,155.0,,,http://ufcstats.com/fighter-details/e86af30738a5452a
Hannah Goldy,64.0,61.0,115.0,Orthodox,1992-05-18,http://ufcstats.com/fighter-details/26e3f3928b1891d9
Marcelo Golm,75.0,75.0,249.0,Orthodox,1992-09-15,http://ufcstats.com/fighter-details/ac29d508d78384c9
Denise Gomes,62.0,63.0,115.0,Orthodox,1999-12-30,http://ufcstats.com/fighter-details/cffb87059e645bd1
Sergio Gomez,66.0,,155.0,Orthodox,1982-04-29,http://ufcstats.com/fighter-details/af1e5c64b8663aa0
Frank Gomez,70.0,67.0,135.0,Orthodox,1986-03-31,http://ufcstats.com/fighter-details/a0a680fe2f6cc8e6
Alan Gomez,,,155.0,,,http://ufcstats.com/fighter-details/0a66de3a797cf73a
David Gomez,,,155.0,,1983-08-08,http://ufcstats.com/fighter-details/489413d3be819647
Ulysses Gomez,66.0,,125.0,Orthodox,1983-05-25,http://ufcstats.com/fighter-details/1e35aa8955794580
Joey Gomez,70.0,73.0,135.0,Orthodox,1986-07-21,http://ufcstats.com/fighter-details/0778f94eb5d588a5
Luis Gomez,67.0,68.0,145.0,Orthodox,1995-01-28,http://ufcstats.com/fighter-details/513e84bfe65ff509
Edson Gomez,68.0,69.0,170.0,Switch,1991-02-23,http://ufcstats.com/fighter-details/e90f4291f93708e6
Silvana Gomez Juarez,63.0,65.0,115.0,Orthodox,1984-12-06,http://ufcstats.com/fighter-details/b4880ef2f838d4e1
Takanori Gomi,67.0,70.0,155.0,Southpaw,1978-09-22,http://ufcstats.com/fighter-details/3be081c29bf734d9
William Gomis,72.0,73.0,145.0,Southpaw,1997-06-13,http://ufcstats.com/fighter-details/e1d40e8782d80bc2
Akihiro Gono,67.0,68.0,170.0,Switch,1974-10-07,http://ufcstats.com/fighter-details/b2acebbef8da14ea
Gabriel Gonzaga,74.0,76.0,242.0,Orthodox,1979-05-18,http://ufcstats.com/fighter-details/270b89c00ef0c55c
Justin Gonzales,69.0,72.0,145.0,Orthodox,1991-04-28,http://ufcstats.com/fighter-details/94535f76f43b466a
Fernando Gonzalez,69.0,68.0,170.0,Southpaw,1983-09-15,http://ufcstats.com/fighter-details/be5aab761c40ef35
Nick Gonzalez,66.0,,155.0,Orthodox,1981-03-03,http://ufcstats.com/fighter-details/28d8638ea0a71908
Fabian Gonzalez,70.0,,135.0,,,http://ufcstats.com/fighter-details/69c071bc2621e8b0
Lewis Gonzalez,70.0,,170.0,Orthodox,1987-09-19,http://ufcstats.com/fighter-details/2ff2e6e5abea3e53
Jason Gonzalez,74.0,74.0,155.0,Southpaw,1990-02-28,http://ufcstats.com/fighter-details/e45cfa47f504033a
Pearl Gonzalez,64.0,,115.0,Orthodox,1986-08-12,http://ufcstats.com/fighter-details/1ebdcb7488d0ebee
Jorge Gonzalez,74.0,76.0,205.0,Orthodox,1984-02-29,http://ufcstats.com/fighter-details/ff175a137b395e2b
Mikey Gonzalez,71.0,74.0,155.0,Orthodox,1985-08-13,http://ufcstats.com/fighter-details/de47c33e48b0ce38
Erick Gonzalez,71.0,75.0,155.0,Orthodox,1992-01-20,http://ufcstats.com/fighter-details/a2ccf35a88346a91
Jennifer Gonzalez,62.0,,125.0,,1986-03-22,http://ufcstats.com/fighter-details/4f1a48f4e6ffb007
Kier Gooch,,,155.0,,1986-04-21,http://ufcstats.com/fighter-details/1bda4867f1baceac
Lyman Good,72.0,74.0,170.0,Orthodox,1985-05-26,http://ufcstats.com/fighter-details/4e0692ad070976e4
Jared Gooden,72.0,77.0,170.0,Orthodox,1993-12-05,http://ufcstats.com/fighter-details/c730a0be691dc081
Gary Goodridge,75.0,,249.0,Orthodox,1966-01-17,http://ufcstats.com/fighter-details/fbbde91f7bc2d3c5
Jordan Goodwin,,,155.0,,,http://ufcstats.com/fighter-details/7f98d9d5a10fa25c
Gerard Gordeau,77.0,,216.0,Orthodox,1959-03-30,http://ufcstats.com/fighter-details/279093302a6f44b3
Eddie Gordon,72.0,76.0,185.0,Orthodox,1983-07-22,http://ufcstats.com/fighter-details/8cad40a75e5c97f5
Jared Gordon,69.0,68.0,155.0,Orthodox,1988-09-06,http://ufcstats.com/fighter-details/7026eca45f65377b
Tebaris Gordon,73.0,,265.0,Orthodox,1988-07-19,http://ufcstats.com/fighter-details/68c4ca70067bf282
Malcolm Gordon,67.0,71.0,125.0,Switch,1990-05-19,http://ufcstats.com/fighter-details/dee294e9717012c2
Tresean Gore,72.0,75.0,185.0,Switch,1994-06-21,http://ufcstats.com/fighter-details/147e70aa6cc48cfc
Alex Gorgees,74.0,74.0,155.0,Switch,1995-08-11,http://ufcstats.com/fighter-details/803bebcfb6d6f506
Themba Gorimbo,73.0,77.0,170.0,Orthodox,1991-01-23,http://ufcstats.com/fighter-details/40f3cb27fc7305a1
Tim Gorman,65.0,,135.0,Southpaw,1983-04-29,http://ufcstats.com/fighter-details/c10eb2f12c489f6d
Chase Gormley,75.0,,265.0,Orthodox,,http://ufcstats.com/fighter-details/052ceb8976695342
Jonathan Goulet,72.0,73.0,170.0,Orthodox,1979-07-13,http://ufcstats.com/fighter-details/fb1538b46877a695
Thibault Gouti,70.0,72.0,155.0,Orthodox,1987-02-27,http://ufcstats.com/fighter-details/51e86de150ee8be6
Wilson Gouveia,73.0,76.0,185.0,Orthodox,1978-10-03,http://ufcstats.com/fighter-details/af5b208e97f5d382
Todd Gouwenberg,73.0,,205.0,Orthodox,1974-09-25,http://ufcstats.com/fighter-details/c44acf87e376c62b
Hugo Govea,,,,,,http://ufcstats.com/fighter-details/2391a73686200c5d
Justin Governale,,,145.0,,,http://ufcstats.com/fighter-details/ae954fd497025462
Damian Grabowski,73.0,75.0,241.0,Orthodox,1980-05-12,http://ufcstats.com/fighter-details/3f11b5d4bd76a6d9
Patryk Grabowski,,,205.0,,1995-11-12,http://ufcstats.com/fighter-details/4e163b53d1de1fbc
Royce Gracie,73.0,,175.0,Southpaw,1966-12-12,http://ufcstats.com/fighter-details/429e7d3725852ce9
Crosley Gracie,69.0,,190.0,Orthodox,1979-07-18,http://ufcstats.com/fighter-details/52d92050a046bc17
Daniel Gracie,74.0,,225.0,Orthodox,,http://ufcstats.com/fighter-details/82d6a9ae41aac3f7
Ralph Gracie,69.0,,183.0,Orthodox,,http://ufcstats.com/fighter-details/a9c45a8b21eabadc
Renzo Gracie,70.0,,185.0,Orthodox,1967-03-11,http://ufcstats.com/fighter-details/aae0897825336b1a
Rickson Gracie,70.0,,185.0,Switch,1958-11-20,http://ufcstats.com/fighter-details/194fc025f9355db6
Rodrigo Gracie,72.0,,183.0,Orthodox,1975-04-11,http://ufcstats.com/fighter-details/36877f0e62b25b96
Royler Gracie,68.0,,150.0,Southpaw,1965-12-06,http://ufcstats.com/fighter-details/b807814d977682eb
Ryan Gracie,69.0,,200.0,Orthodox,1974-08-14,http://ufcstats.com/fighter-details/0c3838c8f7c620c2
Ralek Gracie,74.0,,210.0,Orthodox,1985-10-04,http://ufcstats.com/fighter-details/84283233ec42be5f
Rolles Gracie,76.0,,242.0,Orthodox,1978-07-14,http://ufcstats.com/fighter-details/e4a9dbade7c7e1a7
Cesar Gracie,70.0,,181.0,Orthodox,,http://ufcstats.com/fighter-details/079488710f012779
Roger Gracie,76.0,79.0,185.0,Orthodox,1981-09-26,http://ufcstats.com/fighter-details/a6bbd3df469c6bea
Igor Gracie,71.0,,170.0,,1980-02-04,http://ufcstats.com/fighter-details/722b870449243083
Neiman Gracie,72.0,,170.0,,,http://ufcstats.com/fighter-details/12d855d12a624da2
Kron Gracie,69.0,70.0,145.0,Southpaw,1988-07-11,http://ufcstats.com/fighter-details/242d36d241b43c12
Bogdan Grad,68.0,70.0,145.0,Orthodox,1995-09-28,http://ufcstats.com/fighter-details/fb37795db81f93f3
Steven Graham,73.0,,290.0,Orthodox,,http://ufcstats.com/fighter-details/3e514f437c51ce0a
Scott Graham,76.0,,185.0,Orthodox,,http://ufcstats.com/fighter-details/6e4acc2c115215b5
Miranda Granger,67.0,68.0,115.0,Orthodox,1992-04-13,http://ufcstats.com/fighter-details/7559395ad833c074
TJ Grant,70.0,72.0,155.0,Orthodox,1984-02-26,http://ufcstats.com/fighter-details/a26198ba5093147e
Davey Grant,68.0,69.0,135.0,Orthodox,1985-12-18,http://ufcstats.com/fighter-details/113df4fde64735c6
Dwight Grant,73.0,76.0,185.0,Switch,1984-09-14,http://ufcstats.com/fighter-details/8be158ca1e5ea6a0
Alexa Grasso,65.0,66.0,125.0,Orthodox,1993-08-09,http://ufcstats.com/fighter-details/e8b731feff72294b
Tony Gravely,65.0,69.0,135.0,Orthodox,1991-09-28,http://ufcstats.com/fighter-details/601964f9654f911a
Michael Graves,70.0,71.0,170.0,Orthodox,1991-01-08,http://ufcstats.com/fighter-details/3f1d23b01c552a13
Shelton Graves,74.0,76.0,255.0,Southpaw,1985-10-23,http://ufcstats.com/fighter-details/642862d6d63605cd
James Gray,69.0,,135.0,Orthodox,1987-10-25,http://ufcstats.com/fighter-details/2db65fc038c0018e
Kevin Gray,64.0,67.0,125.0,Orthodox,1985-05-03,http://ufcstats.com/fighter-details/bb0d290026d7681d
Sam Greco,74.0,,205.0,Orthodox,1967-05-03,http://ufcstats.com/fighter-details/6d12031661db8ac8
King Green,70.0,71.0,155.0,Orthodox,1986-09-09,http://ufcstats.com/fighter-details/887961364be5ceb3
Desmond Green,70.0,73.0,155.0,Southpaw,1989-10-11,http://ufcstats.com/fighter-details/f046d724d2a84ac5
Gabe Green,70.0,73.0,155.0,Switch,1993-05-02,http://ufcstats.com/fighter-details/5eb50529a8418b77
Maurice Greene,79.0,80.0,258.0,Orthodox,1986-07-05,http://ufcstats.com/fighter-details/068f8a189a47fea6
Matt Grice,68.0,70.0,145.0,Orthodox,1981-07-29,http://ufcstats.com/fighter-details/bfc2fc38a0e20211
Forrest Griffin,75.0,77.0,205.0,Orthodox,1979-03-16,http://ufcstats.com/fighter-details/fcffee71cff5530e
Tyson Griffin,66.0,68.0,145.0,Orthodox,1984-04-20,http://ufcstats.com/fighter-details/20205040232ed0f3
Max Griffin,71.0,76.0,170.0,Orthodox,1985-11-29,http://ufcstats.com/fighter-details/b0d6a1d8ac3d563d
Jordan Griffin,70.0,73.0,145.0,Southpaw,1990-02-28,http://ufcstats.com/fighter-details/ebef46976554f975
Chad Griggs,73.0,73.0,205.0,Orthodox,1978-05-15,http://ufcstats.com/fighter-details/fdf18227faa596dd
Charalampos Grigoriou,67.0,67.0,135.0,Orthodox,1992-03-31,http://ufcstats.com/fighter-details/68b8ebdfce9dbb61
Chuck Grigsby,78.0,,205.0,Orthodox,,http://ufcstats.com/fighter-details/7fb4234670271505
Rodrigo Gripp de Sousa,71.0,,205.0,Orthodox,,http://ufcstats.com/fighter-details/dde70a112e053a6c
Maxim Grishin,75.0,78.0,205.0,Orthodox,1984-05-02,http://ufcstats.com/fighter-details/950d0ef5c17157c5
Josh Grispi,71.0,74.0,145.0,Orthodox,1988-10-14,http://ufcstats.com/fighter-details/60ba33c3f555a7a3
Garrett Gross,69.0,,155.0,Orthodox,1988-08-08,http://ufcstats.com/fighter-details/6741218640534d8b
Kendall Grove,78.0,79.0,185.0,Orthodox,1982-11-12,http://ufcstats.com/fighter-details/234f3767ff0e5701
Neil Grove,78.0,,265.0,Orthodox,1971-01-18,http://ufcstats.com/fighter-details/36a432f22144843e
Chris Gruetzemacher,68.0,68.0,155.0,Orthodox,1986-06-16,http://ufcstats.com/fighter-details/feaf00f3373435d6
Vik Grujic,71.0,73.0,170.0,Orthodox,1977-02-06,http://ufcstats.com/fighter-details/1e7483dbff40b84b
Mike Grundy,67.0,72.0,145.0,Orthodox,1987-01-03,http://ufcstats.com/fighter-details/56fcb2c4d99f9d1b
Wang Guan,69.0,71.0,145.0,Orthodox,1986-03-14,http://ufcstats.com/fighter-details/dd12382f28296f7b
Anthony Guarascio,74.0,72.0,233.0,Orthodox,1994-02-26,http://ufcstats.com/fighter-details/dc052ab64be66e1d
Nandor Guelmino,75.0,,230.0,,1975-12-20,http://ufcstats.com/fighter-details/1abfb658cd4f8533
Fabricio Guerreiro,70.0,,145.0,,1990-07-24,http://ufcstats.com/fighter-details/2963369e327e1979
Rainn Guerrero,66.0,65.0,125.0,Orthodox,1992-05-13,http://ufcstats.com/fighter-details/8300a47f6fd6fe4f
Shannon Gugerty,70.0,71.0,155.0,Orthodox,1981-12-30,http://ufcstats.com/fighter-details/9f1641c08cf8fbe2
Clay Guida,67.0,70.0,155.0,Orthodox,1981-12-08,http://ufcstats.com/fighter-details/c47df9303d318c67
Jason Guida,70.0,,214.0,,1977-08-04,http://ufcstats.com/fighter-details/ce25b4ed82b1811b
Melvin Guillard,69.0,71.0,155.0,Orthodox,1983-03-30,http://ufcstats.com/fighter-details/ccd1299e0345e0ce
Chris Guillen,72.0,,240.0,Orthodox,1972-12-09,http://ufcstats.com/fighter-details/da0f33e4255f99eb
Marcelo Guimaraes,72.0,73.0,185.0,Orthodox,1983-06-25,http://ufcstats.com/fighter-details/0c9c0a43d3f3f49d
Leonardo Guimaraes,72.0,,185.0,Orthodox,1982-04-15,http://ufcstats.com/fighter-details/cc98d857b148e33a
Brad Gumm,71.0,,170.0,Orthodox,,http://ufcstats.com/fighter-details/4d74641fac830182
John Gunderson,69.0,69.0,155.0,Orthodox,1979-01-05,http://ufcstats.com/fighter-details/a0c139b34f11421a
John Gunther,69.0,72.0,155.0,Orthodox,1985-11-24,http://ufcstats.com/fighter-details/3956bdc8ab2e54b3
Jorge Gurgel,67.0,69.0,155.0,Orthodox,1977-01-25,http://ufcstats.com/fighter-details/04d5718ed2661e8c
Fabio Gurgel,72.0,,205.0,Orthodox,,http://ufcstats.com/fighter-details/8377c5572cb356f3
Luis Gurule,65.0,64.0,125.0,Orthodox,1993-11-16,http://ufcstats.com/fighter-details/29162be25ebef5f0
Bogdan Guskov,75.0,76.0,205.0,Orthodox,1992-09-12,http://ufcstats.com/fighter-details/ef5dcb10d2bd4b0f
Gugun Gusman,67.0,68.0,135.0,Orthodox,1990-03-03,http://ufcstats.com/fighter-details/e34e3b1fffa13a6a
Andre Gusmao,72.0,,205.0,Orthodox,1977-05-19,http://ufcstats.com/fighter-details/cc300e9aa3063431
Alexander Gustafsson,77.0,79.0,205.0,Orthodox,1987-01-15,http://ufcstats.com/fighter-details/3c6976f8182d9527
Andreas Gustafsson,73.0,73.0,170.0,Orthodox,1991-02-20,http://ufcstats.com/fighter-details/2caf993f53541fa1
Justin Guthrie,73.0,,170.0,,1981-01-19,http://ufcstats.com/fighter-details/a789defa9086da46
Horacio Gutierrez,70.0,,145.0,,1990-09-15,http://ufcstats.com/fighter-details/cd85b48dc880fabd
Chris Gutierrez,69.0,67.0,135.0,Orthodox,1991-04-22,http://ufcstats.com/fighter-details/45f0cc9d18f35137
Mando Gutierrez,66.0,70.0,135.0,Southpaw,1997-02-24,http://ufcstats.com/fighter-details/5f33ae0620e050c5
Mike Guymon,72.0,74.0,170.0,Orthodox,1974-09-17,http://ufcstats.com/fighter-details/eaea0fc7b76525a8
Chelsea Hackett,64.0,66.0,125.0,Switch,1998-08-16,http://ufcstats.com/fighter-details/184b7a36d50dcc5e
Keith Hackney,71.0,,200.0,Sideways,,http://ufcstats.com/fighter-details/bf12aca029bfcc47
Cody Haddon,67.0,69.0,135.0,Orthodox,1998-09-08,http://ufcstats.com/fighter-details/8e6654e9f0461b8f
Jake Hadley,67.0,70.0,135.0,Southpaw,1996-08-03,http://ufcstats.com/fighter-details/60a42bf82447c919
Steve Hadsel,68.0,,170.0,,,http://ufcstats.com/fighter-details/99793cf88c5adeee
Damir Hadzovic,69.0,70.0,155.0,Orthodox,1986-08-08,http://ufcstats.com/fighter-details/38c626ca912c7bac
Bassil Hafez,71.0,72.0,170.0,Orthodox,1992-01-31,http://ufcstats.com/fighter-details/f4d92416da98804b
Tim Hague,76.0,76.0,260.0,Orthodox,1983-05-09,http://ufcstats.com/fighter-details/219a254e15d60135
Theo Haig,74.0,77.0,185.0,Orthodox,1996-08-23,http://ufcstats.com/fighter-details/8a213af406eb2dd4
Yazan Hajeh,69.0,,145.0,Orthodox,1992-09-04,http://ufcstats.com/fighter-details/4955c524c2a71469
Stoney Hale,72.0,,,,1979-10-18,http://ufcstats.com/fighter-details/206a7d47eb62170e
Kevin Haley,74.0,,205.0,,,http://ufcstats.com/fighter-details/439d4bbefd4e6940
Mark Hall,72.0,,190.0,Orthodox,,http://ufcstats.com/fighter-details/18524b46c570730b
Uriah Hall,72.0,79.0,185.0,Orthodox,1984-07-31,http://ufcstats.com/fighter-details/65578a75fa7900e3
Ryan Hall,70.0,70.0,145.0,Southpaw,1985-02-22,http://ufcstats.com/fighter-details/8866c6f509c19089
Dennis Hallman,69.0,72.0,155.0,Orthodox,1975-12-02,http://ufcstats.com/fighter-details/8a8a84b743ae7699
Piotr Hallmann,69.0,71.0,155.0,Orthodox,1987-08-25,http://ufcstats.com/fighter-details/a3be148af5c7b088
Tony Halme,75.0,,300.0,Orthodox,1963-01-06,http://ufcstats.com/fighter-details/bad28b7b34f334de
Brandon Halsey,72.0,,185.0,,1986-09-16,http://ufcstats.com/fighter-details/e763679f15326ae1
John Halverson,69.0,,155.0,Southpaw,1972-09-08,http://ufcstats.com/fighter-details/88c8f47241d90040
Seo Hee Ham,62.0,62.0,115.0,Southpaw,1987-03-08,http://ufcstats.com/fighter-details/165c244bcca3ed26
Frank Hamaker,,,,,,http://ufcstats.com/fighter-details/c3c23c99477c041b
Kazuhiro Hamanaka,72.0,,185.0,Southpaw,1978-10-24,http://ufcstats.com/fighter-details/1b4d6971bb18b82c
Rami Hamed,73.0,71.0,170.0,Orthodox,1991-04-25,http://ufcstats.com/fighter-details/a59017211b775b5d
Matt Hamill,73.0,76.0,205.0,Orthodox,1976-10-05,http://ufcstats.com/fighter-details/98b80a717b9bda17
Jeremy Hamilton,,,185.0,,1984-11-14,http://ufcstats.com/fighter-details/7ada6ea792a34424
Anthony Hamilton,77.0,76.0,260.0,Orthodox,1980-04-14,http://ufcstats.com/fighter-details/c727c7d31c50c4cf
CJ Hamilton,67.0,68.0,125.0,Switch,1986-10-07,http://ufcstats.com/fighter-details/7da5839b223f3728
Jared Hamman,75.0,75.0,185.0,Orthodox,1982-03-07,http://ufcstats.com/fighter-details/23459ee7e373b98f
James Hammortree,75.0,,185.0,Orthodox,1983-11-29,http://ufcstats.com/fighter-details/1f77fce698e80488
Dean Hancock,,,155.0,,,http://ufcstats.com/fighter-details/24e9d6b0a24cff9d
Chad Hanekom,76.0,74.0,185.0,Orthodox,1990-04-20,http://ufcstats.com/fighter-details/98533a2738124a0d
Joachim Hansen,67.0,,150.0,Southpaw,1979-05-26,http://ufcstats.com/fighter-details/86e388ed20761ad9
Kay Hansen,62.0,63.0,115.0,Orthodox,1999-08-14,http://ufcstats.com/fighter-details/4100c7a09497ad41
Nasrat Haqparast,70.0,72.0,155.0,Southpaw,1995-08-22,http://ufcstats.com/fighter-details/b7b84ccd221be298
Shin Haraguchi,65.0,68.0,145.0,Switch,1998-11-27,http://ufcstats.com/fighter-details/05b17ae24e6bba81
Janay Harding,,,135.0,,,http://ufcstats.com/fighter-details/b9c3ee342eb72100
Antoni Hardonk,76.0,78.0,245.0,Orthodox,1976-02-05,http://ufcstats.com/fighter-details/69b69c0178c4004d
George Hardwick,70.0,72.0,155.0,Orthodox,1996-12-06,http://ufcstats.com/fighter-details/f55a6807b6bb853d
Harry Hardwick,68.0,71.0,155.0,Switch,1994-09-29,http://ufcstats.com/fighter-details/2dbc60c52de126d8
Dan Hardy,72.0,74.0,170.0,Orthodox,1982-05-17,http://ufcstats.com/fighter-details/473ce3aa581251a2
Veronica Hardy,64.0,64.0,125.0,Southpaw,1995-10-30,http://ufcstats.com/fighter-details/4798e823ada58fe9
Greg Hardy,77.0,80.0,265.0,Orthodox,1988-07-28,http://ufcstats.com/fighter-details/85073dbd1be65ed9
Tobias Harila,,,,,1994-01-13,http://ufcstats.com/fighter-details/4d1e92b61bcef308
Baru Harn,,,265.0,,,http://ufcstats.com/fighter-details/848809f3986b4977
Scott Harper,72.0,,185.0,Orthodox,1972-04-14,http://ufcstats.com/fighter-details/14a433bccba87016
Josiah Harrell,67.0,68.0,170.0,Southpaw,1998-11-13,http://ufcstats.com/fighter-details/e5864a42c80294f6
Gerry Harris,80.0,,270.0,Orthodox,,http://ufcstats.com/fighter-details/30cd319d39ee689b
Gerald Harris,71.0,77.0,185.0,Southpaw,1979-11-19,http://ufcstats.com/fighter-details/c4b81cdecd5d6abe
Phil Harris,64.0,65.0,125.0,Orthodox,1983-09-04,http://ufcstats.com/fighter-details/ba043b03eb799063
Walt Harris,77.0,77.0,250.0,Southpaw,1983-06-10,http://ufcstats.com/fighter-details/03f982ca3735070c
Dhafir Harris,,,257.0,,1977-08-04,http://ufcstats.com/fighter-details/0e96af5220d27ed4
Trevor Harris,66.0,,145.0,,,http://ufcstats.com/fighter-details/0e98b05d3cf6d271
Carlston Harris,72.0,76.0,170.0,Orthodox,1987-07-09,http://ufcstats.com/fighter-details/a53d30163304aa6e
Kayla Harrison,68.0,66.0,135.0,Southpaw,1990-07-02,http://ufcstats.com/fighter-details/1af1170ed937cba7
Collin Hart,73.0,,185.0,Orthodox,1989-10-12,http://ufcstats.com/fighter-details/16bf6a73bdd302cd
Joey Hart,75.0,79.0,170.0,Orthodox,1997-06-24,http://ufcstats.com/fighter-details/6412da484125716b
Dale Hartt,70.0,69.0,155.0,Orthodox,1979-04-04,http://ufcstats.com/fighter-details/058e4e08a1ad8aba
Luke Hartwig,,,,,,http://ufcstats.com/fighter-details/34f3869747bf8fa9
Clay Harvison,73.0,74.0,170.0,Orthodox,1980-09-25,http://ufcstats.com/fighter-details/83a477a7dba1ca58
Hidehiko Hasegawa,69.0,,170.0,,1978-07-13,http://ufcstats.com/fighter-details/2a2eeee20ef049cf
Chris Haseman,71.0,,205.0,Orthodox,1969-06-02,http://ufcstats.com/fighter-details/5bd533d50c8e7b8a
Takayo Hashi,64.0,,135.0,Orthodox,1977-10-02,http://ufcstats.com/fighter-details/ae4343d29c68e9d0
Tomohiko Hashimoto,72.0,,250.0,Orthodox,,http://ufcstats.com/fighter-details/a890f9a791ed615d
Justin Haskins,70.0,,170.0,Orthodox,1979-08-30,http://ufcstats.com/fighter-details/77940e45bc86208e
Hayder Hassan,70.0,,170.0,,1982-10-20,http://ufcstats.com/fighter-details/cf615eb4b7862c76
Ahmad Hassanzada,73.0,75.0,155.0,Orthodox,1996-11-20,http://ufcstats.com/fighter-details/bf7a64d9ae343e86
Daiki Hata,66.0,,139.0,Orthodox,1982-08-24,http://ufcstats.com/fighter-details/c76ceda100ac0fad
John Hathaway,73.0,75.0,170.0,Orthodox,1987-07-23,http://ufcstats.com/fighter-details/28f3c2258a1d8874
Phil Hawes,72.0,77.0,185.0,Orthodox,1989-01-08,http://ufcstats.com/fighter-details/547afe1017e72dbe
Justin Hawes,71.0,,205.0,,1979-01-13,http://ufcstats.com/fighter-details/5c7fc58e782b6842
Chris Hawk,73.0,,205.0,,,http://ufcstats.com/fighter-details/9460c867aae1987e
Del Hawkins,65.0,,135.0,Orthodox,,http://ufcstats.com/fighter-details/885e7f70dcac0007
Tommy Hayden,69.0,,145.0,Southpaw,1986-03-11,http://ufcstats.com/fighter-details/0871254cd790c250
Mike Hayes,76.0,,230.0,Orthodox,,http://ufcstats.com/fighter-details/0cfbbfa0ba6d9855
Ryan Hayes,,,,,,http://ufcstats.com/fighter-details/a620638435de0628
Gerric Hayes,70.0,,,,,http://ufcstats.com/fighter-details/7d6a3546c988cdc0
Josh Haynes,69.0,,170.0,Orthodox,1977-07-30,http://ufcstats.com/fighter-details/6ef58dabef8beb15
Dustin Hazelett,73.0,76.0,170.0,Orthodox,1986-04-29,http://ufcstats.com/fighter-details/a149d6bc670cdb60
James Head,73.0,73.0,170.0,Orthodox,1984-02-09,http://ufcstats.com/fighter-details/19a8cce18a1cef9e
Pat Healy,72.0,72.0,155.0,Orthodox,1983-07-20,http://ufcstats.com/fighter-details/50d2f0018bcf9eef
Ryan Healy,73.0,,155.0,Orthodox,1983-07-20,http://ufcstats.com/fighter-details/f3eb664db7fb1df3
Spencer Hearns,71.0,,185.0,,,http://ufcstats.com/fighter-details/d85cf12439945941
David Heath,71.0,72.0,205.0,Orthodox,1976-02-10,http://ufcstats.com/fighter-details/4f95f74620a6b7a4
Chris Heatherly,69.0,,155.0,Orthodox,1987-11-24,http://ufcstats.com/fighter-details/bad8be5827ea1bf1
Jake Hecht,72.0,73.0,170.0,Orthodox,1984-02-09,http://ufcstats.com/fighter-details/e57fdbea1b828202
Donavon Hedrick,,,185.0,Orthodox,1997-03-21,http://ufcstats.com/fighter-details/1004099ab87faa8d
Nick Hein,66.0,66.0,155.0,Southpaw,1984-04-24,http://ufcstats.com/fighter-details/2816ced060a21be3
Ian Heinisch,71.0,72.0,185.0,Orthodox,1988-08-05,http://ufcstats.com/fighter-details/2e585c701f72fe55
Marcin Held,69.0,71.0,155.0,Orthodox,1992-01-18,http://ufcstats.com/fighter-details/bf43fed8f29e1671
Delson Heleno,71.0,,185.0,Orthodox,1977-11-16,http://ufcstats.com/fighter-details/970beed85bc46b63
Matt Helm,,,155.0,,,http://ufcstats.com/fighter-details/cacfd51b8e97ace0
Elisha Helsper,66.0,,135.0,Orthodox,1983-02-06,http://ufcstats.com/fighter-details/0971be7d94e109e1
Dan Henderson,71.0,74.0,185.0,Orthodox,1970-08-24,http://ufcstats.com/fighter-details/1ccf4e7caff270df
Benson Henderson,69.0,70.0,170.0,Southpaw,1983-11-16,http://ufcstats.com/fighter-details/2676b28836a5a836
Ron Henderson,70.0,,125.0,,,http://ufcstats.com/fighter-details/498f0d066396ec59
Josh Hendricks,74.0,,235.0,Southpaw,1976-08-28,http://ufcstats.com/fighter-details/7649c4c95b824488
Johny Hendricks,69.0,69.0,185.0,Southpaw,1983-09-12,http://ufcstats.com/fighter-details/0941df56f6ac954b
Cory Hendricks,75.0,,205.0,Switch,1988-05-10,http://ufcstats.com/fighter-details/9ab9912e0f8fa6d6
Luis Henrique,74.0,74.0,243.0,Orthodox,1993-08-21,http://ufcstats.com/fighter-details/e5bda12faabfc850
Jose Henrique,75.0,79.0,170.0,Orthodox,2002-05-23,http://ufcstats.com/fighter-details/20a0e4cc5227c117
Paulo Henrique,67.0,69.0,125.0,,2002-07-03,http://ufcstats.com/fighter-details/3fe8ad7e1594537a
Diego Henrique da Silva,74.0,,185.0,Orthodox,1986-08-22,http://ufcstats.com/fighter-details/1649770c649db6a5
Danny Henry,72.0,73.0,145.0,Orthodox,1988-07-17,http://ufcstats.com/fighter-details/f7d73e452b064bf2
Victor Henry,67.0,68.0,135.0,Switch,1987-05-04,http://ufcstats.com/fighter-details/eb8d8c2a95cfccb8
TJ Hepburn,67.0,,155.0,,,http://ufcstats.com/fighter-details/e1acbb6352ca3551
Jai Herbert,73.0,77.0,155.0,Orthodox,1988-05-13,http://ufcstats.com/fighter-details/4c88a1db5a46c6a4
Ed Herman,73.0,77.0,205.0,Orthodox,1980-10-02,http://ufcstats.com/fighter-details/06f36cf4bd97ec77
Dave Herman,76.0,77.0,242.0,Orthodox,1984-10-03,http://ufcstats.com/fighter-details/cbd6f1abf955e628
Jack Hermansson,73.0,77.0,185.0,Orthodox,1988-06-10,http://ufcstats.com/fighter-details/0a1942069c9ad6b6
Noe Hernandez,,,,Orthodox,,http://ufcstats.com/fighter-details/df2cf66d8c0123db
Joe Hernandez,,,,,,http://ufcstats.com/fighter-details/4a76daef28549957
Ramiro Hernandez,69.0,,135.0,Orthodox,1986-07-22,http://ufcstats.com/fighter-details/915c8d39d4a0e7d1
Alexander Hernandez,69.0,72.0,155.0,Orthodox,1992-10-01,http://ufcstats.com/fighter-details/262a7d06203657e6
Anthony Hernandez,72.0,75.0,185.0,Orthodox,1993-10-18,http://ufcstats.com/fighter-details/093e1f5bb73850be
Nohelin Hernandez,70.0,71.0,135.0,Orthodox,1994-03-01,http://ufcstats.com/fighter-details/f97c5433c77522d3
Carlos Hernandez,68.0,67.0,125.0,Orthodox,1993-10-25,http://ufcstats.com/fighter-details/798e48f9e7f6ba22
Leslie Hernandez,63.0,64.0,115.0,Orthodox,1997-12-29,http://ufcstats.com/fighter-details/fc8610cc15674ae2
Paul Herrera,70.0,,185.0,Orthodox,,http://ufcstats.com/fighter-details/440c9dbab63528fb
Chris Herrera,70.0,,185.0,,,http://ufcstats.com/fighter-details/f71028a6e5128856
Geane Herrera,65.0,66.0,125.0,Orthodox,1990-05-27,http://ufcstats.com/fighter-details/c169545ab0825f44
Alvaro Herrera Mendoza,72.0,74.0,155.0,Orthodox,1990-05-14,http://ufcstats.com/fighter-details/74d35fbc9c6a61bd
Felice Herrig,64.0,65.0,115.0,Orthodox,1984-09-18,http://ufcstats.com/fighter-details/b6850671a008bf9a
Heath Herring,76.0,78.0,250.0,Orthodox,1978-03-02,http://ufcstats.com/fighter-details/7450525c7ba032a0
Jon Hess,79.0,,295.0,,,http://ufcstats.com/fighter-details/32a3025d5db456ae
Clint Hester,74.0,77.0,205.0,Orthodox,1986-11-21,http://ufcstats.com/fighter-details/92b62174c175ce19
Brandon Hester,73.0,,205.0,,,http://ufcstats.com/fighter-details/13150cf89a5b81e0
Jimy Hettes,69.0,71.0,145.0,Southpaw,1987-06-09,http://ufcstats.com/fighter-details/893d51aaf024eddd
Conor Heun,70.0,,155.0,Orthodox,1979-02-11,http://ufcstats.com/fighter-details/fdb02029556ff4ed
Marcus Hicks,66.0,64.0,155.0,Southpaw,1975-11-25,http://ufcstats.com/fighter-details/e69c5ce12f4e762b
Jay Hieron,72.0,75.0,170.0,Orthodox,1976-07-29,http://ufcstats.com/fighter-details/5bb0a618ad03ac64
Brady Hiestand,68.0,71.0,135.0,Orthodox,1999-04-30,http://ufcstats.com/fighter-details/7af33fc4435017f1
Lee Higgins,,,155.0,,1980-07-14,http://ufcstats.com/fighter-details/88432fe79d5091d9
Jason High,68.0,73.0,155.0,Southpaw,1981-10-12,http://ufcstats.com/fighter-details/e5d03e4d966126bd
Richie Hightower,68.0,,170.0,Orthodox,1974-11-26,http://ufcstats.com/fighter-details/318e629d1eb7aa49
Alex Higley,70.0,,145.0,,,http://ufcstats.com/fighter-details/2af2d675f7d847e3
Corey Hill,76.0,80.0,155.0,Orthodox,1978-10-03,http://ufcstats.com/fighter-details/abbc737317f66b81
Isaiah Hill,70.0,,155.0,,,http://ufcstats.com/fighter-details/86b30a86664cb6e4
Angela Hill,63.0,64.0,115.0,Orthodox,1985-01-12,http://ufcstats.com/fighter-details/f0feeb2192937424
Tyler Hill,75.0,,170.0,Switch,1991-08-10,http://ufcstats.com/fighter-details/006efbb0c1621fd7
Jamahal Hill,76.0,79.0,205.0,Southpaw,1991-05-19,http://ufcstats.com/fighter-details/5444c5a201d3ee5a
Kailan Hill,73.0,77.0,185.0,Southpaw,1994-12-01,http://ufcstats.com/fighter-details/bc7efc037c5f6550
Alvin Hines,74.0,74.0,265.0,Orthodox,1991-10-20,http://ufcstats.com/fighter-details/ab2a4b5e04dc5fe9
Branden Lee Hinkle,75.0,,235.0,Orthodox,1973-07-29,http://ufcstats.com/fighter-details/06f0ffa6446c5b6d
Hatsu Hioki,71.0,73.0,145.0,Orthodox,1983-07-18,http://ufcstats.com/fighter-details/ef7fa30364cbe7f2
Alan Hiro,65.0,,135.0,Orthodox,1986-04-04,http://ufcstats.com/fighter-details/483b3170b3c05cf0
Kuniyoshi Hironaka,70.0,70.0,168.0,Orthodox,1976-06-17,http://ufcstats.com/fighter-details/9d4522df6fc49a47
Mizuto Hirota,67.0,67.0,155.0,Orthodox,1981-05-05,http://ufcstats.com/fighter-details/35faad160d346839
Yuji Hisamatsu,70.0,,185.0,,1971-09-18,http://ufcstats.com/fighter-details/8332a607df696345
An Tuan Ho,66.0,66.0,125.0,Switch,2000-09-27,http://ufcstats.com/fighter-details/6c9384138c82962f
Kwan Ho Kwak,65.0,,135.0,Switch,1989-06-18,http://ufcstats.com/fighter-details/c13042265355a290
Matt Hobar,70.0,70.0,135.0,Southpaw,1987-01-07,http://ufcstats.com/fighter-details/b57edace7b647f07
Bobby Hoffman,74.0,,245.0,Orthodox,1968-10-28,http://ufcstats.com/fighter-details/afaad7d6a581e307
Chris Hofmann,72.0,72.0,170.0,Orthodox,1989-11-18,http://ufcstats.com/fighter-details/33fb306278dbb3e5
Sam Hoger,74.0,,205.0,Orthodox,1980-06-28,http://ufcstats.com/fighter-details/84a067c46306a737
Josh Hokit,73.0,73.0,238.0,Orthodox,1997-11-12,http://ufcstats.com/fighter-details/955da1675ad58a50
Andrew Holbrook,71.0,70.0,155.0,Southpaw,1986-02-06,http://ufcstats.com/fighter-details/66ab58d0b3783607
Sean Holden,70.0,,170.0,,1984-09-17,http://ufcstats.com/fighter-details/acbb9c76f5894e36
Chris Holdsworth,71.0,,135.0,,1987-10-24,http://ufcstats.com/fighter-details/fc60ecf0671b9489
Kevin Holland,75.0,81.0,170.0,Orthodox,1992-11-05,http://ufcstats.com/fighter-details/3a46b268013afede
Roger Hollett,71.0,,205.0,Orthodox,1978-10-08,http://ufcstats.com/fighter-details/27d65e9d0fba61ea
Max Holloway,71.0,69.0,145.0,Orthodox,1991-12-04,http://ufcstats.com/fighter-details/150ff4cc642270b9
Gabrielle Holloway,63.0,,145.0,,1990-04-15,http://ufcstats.com/fighter-details/e30715382f42b772
Jeremie Holloway,72.0,,170.0,,1984-09-29,http://ufcstats.com/fighter-details/ee28aa7f1043756c
Holly Holm,68.0,69.0,135.0,Southpaw,1981-10-17,http://ufcstats.com/fighter-details/634e2fb70bde3fd5
Rex Holman,75.0,,205.0,Southpaw,,http://ufcstats.com/fighter-details/b5ea750025697880
Joseph Holmes,76.0,80.0,185.0,Orthodox,1995-07-04,http://ufcstats.com/fighter-details/8d20d76af3f213ce
Brandon Holmes,74.0,74.0,185.0,Orthodox,1997-02-05,http://ufcstats.com/fighter-details/f295d50c56339ab6
Kurt Holobaugh,71.0,70.0,155.0,Orthodox,1986-09-08,http://ufcstats.com/fighter-details/a7151778b3381036
Paddy Holohan,70.0,69.0,125.0,Orthodox,1988-05-03,http://ufcstats.com/fighter-details/6e7c758f5cdec01a
Ben Holscher,71.0,,155.0,,,http://ufcstats.com/fighter-details/6070f16bcfd89fcf
Mark Holst,72.0,,155.0,Orthodox,1985-08-14,http://ufcstats.com/fighter-details/c11f50e9c1513ce9
Scott Holtzman,69.0,69.0,155.0,Orthodox,1983-09-30,http://ufcstats.com/fighter-details/df1eb4354d18a906
Sabah Homasi,72.0,72.0,170.0,Orthodox,1988-10-19,http://ufcstats.com/fighter-details/71f048adbfed5b49
Mark Hominick,68.0,68.0,145.0,Orthodox,1982-07-22,http://ufcstats.com/fighter-details/0a97691039c4bbfb
Barb Honchak,64.0,65.0,125.0,Orthodox,1979-08-30,http://ufcstats.com/fighter-details/472f6f6e6d962f40
Chris Honeycutt,70.0,73.0,170.0,,1988-07-25,http://ufcstats.com/fighter-details/4d2e3320d815f687
JunYoung Hong,69.0,69.0,145.0,Orthodox,1990-12-18,http://ufcstats.com/fighter-details/b24666e26bd750a3
SeongChan Hong,67.0,69.0,155.0,Orthodox,1989-11-28,http://ufcstats.com/fighter-details/10d4575f497face4
Satoshi Honma,73.0,,205.0,Orthodox,1968-05-19,http://ufcstats.com/fighter-details/d2b1c1317a39f6c6
David Hood,72.0,,200.0,,,http://ufcstats.com/fighter-details/5af480a3b2e1726b
Lorenzo Hood,75.0,80.0,265.0,Southpaw,1989-03-02,http://ufcstats.com/fighter-details/7f9abc4db2d05764
Dan Hooker,72.0,75.0,155.0,Switch,1990-02-13,http://ufcstats.com/fighter-details/193b9d1858bc4df3
Chase Hooper,73.0,74.0,155.0,Southpaw,1999-09-13,http://ufcstats.com/fighter-details/971246648e162f0d
Darrell Horcher,70.0,70.0,155.0,Southpaw,1987-07-28,http://ufcstats.com/fighter-details/18e8b7070228e728
Moti Horenstein,76.0,,230.0,Orthodox,,http://ufcstats.com/fighter-details/baf942f4bcb09894
Yoshinori Horie,68.0,70.0,145.0,Orthodox,1995-05-10,http://ufcstats.com/fighter-details/3fa7688bfe48a493
Kyoji Horiguchi,65.0,66.0,125.0,Orthodox,1990-10-12,http://ufcstats.com/fighter-details/98aa60cf58071fd6
Yuma Horiuchi,66.0,67.0,125.0,Switch,1997-09-22,http://ufcstats.com/fighter-details/f6c1ce7cfd600662
Jeremy Horn,73.0,74.0,185.0,Orthodox,1975-08-25,http://ufcstats.com/fighter-details/8d26912cd2aeb366
Matt Horning,64.0,,125.0,,,http://ufcstats.com/fighter-details/21632ba272c0785a
Chris Horodecki,69.0,69.0,155.0,Orthodox,1987-09-24,http://ufcstats.com/fighter-details/e29cf523ebd155c5
Jamey-Lyn Horth,67.0,66.0,125.0,Orthodox,1990-03-30,http://ufcstats.com/fighter-details/5c637af9472ae7cc
Matt Horwich,73.0,,185.0,Orthodox,1978-10-02,http://ufcstats.com/fighter-details/049d698d773eb3e1
John Hosman,70.0,,135.0,Southpaw,1980-11-13,http://ufcstats.com/fighter-details/57591bbf1623574e
Saeed Hosseini,,,,,,http://ufcstats.com/fighter-details/21f2974fd08085e3
Jeff Hougland,67.0,68.0,135.0,Orthodox,1978-08-02,http://ufcstats.com/fighter-details/97a8f39186f489db
Trey Houston,71.0,,185.0,,,http://ufcstats.com/fighter-details/c6668eeb261588d3
Jamie Houston,,,185.0,,,http://ufcstats.com/fighter-details/4b1896310a907656
Brian Houston,74.0,,185.0,Orthodox,1981-04-26,http://ufcstats.com/fighter-details/36fbaa49a09ff997
Harold Howard,74.0,,240.0,Orthodox,,http://ufcstats.com/fighter-details/a2b06ca02bca14c0
John Howard,67.0,72.0,170.0,Orthodox,1983-03-01,http://ufcstats.com/fighter-details/fc31f896cde2bc2e
Shane Howell,68.0,,125.0,Orthodox,1983-11-28,http://ufcstats.com/fighter-details/a7de976620f2ed13
Hu Yaozong,75.0,72.0,185.0,Orthodox,1995-04-07,http://ufcstats.com/fighter-details/f1175ea3aafbf351
Carlos Huachin,64.0,67.0,135.0,Southpaw,1996-06-04,http://ufcstats.com/fighter-details/225def29ecfe0fc1
Brady Huang,69.0,69.0,135.0,Orthodox,1992-12-16,http://ufcstats.com/fighter-details/1ec1b6a7a29ffc71
Yuele Huang,,,145.0,,2000-07-04,http://ufcstats.com/fighter-details/1c8b9f4d89b92e1b
Huang Feier,65.0,65.0,115.0,Orthodox,1994-03-12,http://ufcstats.com/fighter-details/e71c75f533a30daa
Austin Hubbard,70.0,71.0,155.0,Orthodox,1991-12-22,http://ufcstats.com/fighter-details/d2cd7a69cc55e7ed
Collin Huckbody,75.0,76.0,185.0,Orthodox,1994-09-29,http://ufcstats.com/fighter-details/f372a848d250e006
Alex Huddleston,79.0,,254.0,,1986-08-11,http://ufcstats.com/fighter-details/8b9197746bd3e005
Roger Huerta,69.0,70.0,155.0,Orthodox,1983-05-20,http://ufcstats.com/fighter-details/daf1b84aebd6602b
Casey Huffman,75.0,,185.0,,,http://ufcstats.com/fighter-details/737d93a42b8c2e94
Matt Hughes,69.0,73.0,170.0,Switch,1973-10-13,http://ufcstats.com/fighter-details/621a6c59f88a44fe
Mark Hughes,69.0,,205.0,Southpaw,1973-10-13,http://ufcstats.com/fighter-details/d62bb4d84a7267ba
Jeff Hughes,74.0,77.0,250.0,Orthodox,1988-05-17,http://ufcstats.com/fighter-details/6a11e325aa60ad02
Sam Hughes,65.0,64.0,115.0,Orthodox,1992-06-28,http://ufcstats.com/fighter-details/e94085e821bd81de
Victor Hugo,67.0,71.0,135.0,Orthodox,1992-11-22,http://ufcstats.com/fighter-details/f264ba50b007f39e
David Hulett,70.0,,170.0,,1980-09-07,http://ufcstats.com/fighter-details/b0718335e9868cfd
Dominik Humburger,,,185.0,,1996-01-03,http://ufcstats.com/fighter-details/e4cbc82c36e47299
Bryan Humes,,,265.0,,,http://ufcstats.com/fighter-details/b9c75e7fc910f587
Abongo Humphrey,71.0,,205.0,Orthodox,,http://ufcstats.com/fighter-details/cb1b4d237b0079e6
Harry Hunsucker,74.0,75.0,205.0,Orthodox,1989-01-03,http://ufcstats.com/fighter-details/f703250471acaf96
Mark Hunt,70.0,72.0,265.0,Orthodox,1974-03-23,http://ufcstats.com/fighter-details/eef9b891edbd4604
Alex Hunter,69.0,,226.0,Orthodox,,http://ufcstats.com/fighter-details/baa5358456803df8
Adam Hunter,73.0,,185.0,Orthodox,1983-10-16,http://ufcstats.com/fighter-details/edc9eb3051f444fa
Joe Hurley,68.0,,155.0,,1978-06-24,http://ufcstats.com/fighter-details/21b54430c8eeb9cc
Solomon Hutcherson,71.0,,185.0,Southpaw,1972-08-31,http://ufcstats.com/fighter-details/155bfc7ed36622df
Young Hwang,69.0,,135.0,,1988-09-02,http://ufcstats.com/fighter-details/8588d14c4952b9fa
In Su Hwang,71.0,74.0,185.0,Orthodox,1994-01-18,http://ufcstats.com/fighter-details/1c01d986283e6acb
Al Iaquinta,70.0,70.0,155.0,Orthodox,1987-04-30,http://ufcstats.com/fighter-details/59279a7c978f7da0
Khadis Ibragimov,75.0,78.0,205.0,Orthodox,1995-05-21,http://ufcstats.com/fighter-details/c3218c810959d279
Minoki Ichihara,67.0,,178.0,Orthodox,,http://ufcstats.com/fighter-details/4565d435005319c0
Alibi Idiris,66.0,68.0,125.0,Orthodox,1994-10-22,http://ufcstats.com/fighter-details/30cad5a751adcb48
Dan Ige,67.0,71.0,145.0,Orthodox,1991-08-06,http://ufcstats.com/fighter-details/82a5152216251682
Valeri Ignatov,69.0,,170.0,Orthodox,,http://ufcstats.com/fighter-details/7b6ce3a9460565b5
Sergey Ignatov,69.0,,210.0,Orthodox,,http://ufcstats.com/fighter-details/df9e9c1f65805d29
Fabiano Iha,68.0,,155.0,Orthodox,1970-07-28,http://ufcstats.com/fighter-details/263ebd4a669e1e98
Seichi Ikemoto,71.0,,168.0,Orthodox,1975-08-24,http://ufcstats.com/fighter-details/81f38d1640c4e70d
Mikhail Iloukhine,69.0,,205.0,Orthodox,1966-11-21,http://ufcstats.com/fighter-details/b71667c778b6d9e5
Zelim Imadaev,72.0,76.0,170.0,Orthodox,1995-01-25,http://ufcstats.com/fighter-details/7f0f171414d0a287
Yusuke Imamura,68.0,,220.0,Orthodox,,http://ufcstats.com/fighter-details/2ce6541127b0e232
Masakazu Imanari,64.0,,139.0,Southpaw,1976-02-10,http://ufcstats.com/fighter-details/a4dd5c9a75763295
Nassourdine Imavov,75.0,75.0,185.0,Orthodox,1996-03-01,http://ufcstats.com/fighter-details/881bf86d4cba8578
Brad Imes,79.0,,265.0,Orthodox,1977-03-13,http://ufcstats.com/fighter-details/4908c5ee68a50ee5
Michael Imperato,67.0,66.0,135.0,Switch,1989-09-01,http://ufcstats.com/fighter-details/59e52d56bab2b1ee
Rui Imura,70.0,69.0,135.0,Southpaw,1999-03-24,http://ufcstats.com/fighter-details/bb56173e2275e622
Chris Indich,70.0,,170.0,,1987-04-22,http://ufcstats.com/fighter-details/d5b7fac960e58920
Chris Inman,,,,,,http://ufcstats.com/fighter-details/f0a381ba65d2a933
Guto Inocente,75.0,,205.0,Orthodox,1986-05-29,http://ufcstats.com/fighter-details/e7fe5315b1efeb92
Enson Inoue,70.0,,210.0,Orthodox,1967-04-15,http://ufcstats.com/fighter-details/0cf935519d439ba6
Egan Inoue,69.0,,190.0,Southpaw,1965-07-04,http://ufcstats.com/fighter-details/37a6c95201592fea
Katsuya Inoue,69.0,,168.0,Southpaw,1979-08-10,http://ufcstats.com/fighter-details/b5882371e2a3900d
Takeshi Inoue,68.0,,145.0,,1980-03-18,http://ufcstats.com/fighter-details/a61a0cd2829e5d4e
Naoki Inoue,69.0,71.0,125.0,Orthodox,1997-06-14,http://ufcstats.com/fighter-details/199eb7cf6ae90294
Jorge Interiano,73.0,,205.0,,,http://ufcstats.com/fighter-details/1e75e6c9de99fa76
Jason Ireland,69.0,,161.0,Southpaw,1979-12-30,http://ufcstats.com/fighter-details/05a0556072931f01
James Irvin,74.0,75.0,205.0,Orthodox,1978-09-12,http://ufcstats.com/fighter-details/a7f4d0902bb64092
Eric Irvin,68.0,,155.0,,1986-01-10,http://ufcstats.com/fighter-details/a47c2a6e24757932
Issa Isakov,69.0,70.0,155.0,Orthodox,1989-10-22,http://ufcstats.com/fighter-details/e9095aeb36f2aeb8
Mitsuhiro Ishida,66.0,,154.0,Southpaw,1978-12-29,http://ufcstats.com/fighter-details/82f5c81f4e3c3eb5
Teruto Ishihara,67.0,69.0,135.0,Southpaw,1991-07-23,http://ufcstats.com/fighter-details/88cd34d836b4ebcd
Satoshi Ishii,71.0,,240.0,Orthodox,1986-12-19,http://ufcstats.com/fighter-details/c8a49ff2acb6f3c5
Yuki Ishikawa,71.0,,205.0,Orthodox,,http://ufcstats.com/fighter-details/119ebea97e914dcf
Eiji Ishikawa,70.0,,170.0,,1979-10-12,http://ufcstats.com/fighter-details/eb89dc31949a1427
Tokimitsu Ishizawa,72.0,,185.0,Orthodox,1968-08-05,http://ufcstats.com/fighter-details/f3155a94ca420126
Damir Ismagulov,70.0,74.0,155.0,Orthodox,1991-02-03,http://ufcstats.com/fighter-details/135d124172a0bea3
Wallid Ismail,67.0,,205.0,Orthodox,1968-02-23,http://ufcstats.com/fighter-details/da6dfd09cca1d705
Leandro Issa,67.0,69.0,135.0,Orthodox,1983-09-19,http://ufcstats.com/fighter-details/d1e1fdcea7c8a90a
Kuya Ito,65.0,66.0,135.0,Orthodox,1996-10-07,http://ufcstats.com/fighter-details/f647247f0d9f3b50
Blagoy Ivanov,71.0,73.0,250.0,Southpaw,1986-10-09,http://ufcstats.com/fighter-details/1788eee370f077b7
Anthony Ivy,74.0,74.0,185.0,Orthodox,1990-01-23,http://ufcstats.com/fighter-details/3c5005b66696d790
Tomomi Iwama,63.0,,155.0,Orthodox,,http://ufcstats.com/fighter-details/ac5f67109accb482
Tatsuya Iwasaki,69.0,,205.0,Orthodox,,http://ufcstats.com/fighter-details/243b07fc65ccbb16
Taiga Iwasaki,73.0,73.0,185.0,Orthodox,1997-07-07,http://ufcstats.com/fighter-details/5b08af4fbc987f9c
Saygid Izagakhmaev,,,170.0,,1994-09-03,http://ufcstats.com/fighter-details/de26d906f2874dd4
Yoislandy Izquierdo,71.0,,155.0,Southpaw,1984-01-09,http://ufcstats.com/fighter-details/afc2a7ce0c763bd5
Hiroshi Izumi,,,205.0,Orthodox,1982-06-22,http://ufcstats.com/fighter-details/53e4e21f4c688801
Yves Jabouin,67.0,68.0,135.0,Orthodox,1979-05-30,http://ufcstats.com/fighter-details/b4eeac608fc82f88
Kevin Jackson,70.0,,199.0,Switch,,http://ufcstats.com/fighter-details/13b2f59210dda9cc
Eugene Jackson,68.0,,185.0,Orthodox,1966-09-23,http://ufcstats.com/fighter-details/ce783bf73b5131f9
Quinton Jackson,73.0,73.0,205.0,Orthodox,1978-06-20,http://ufcstats.com/fighter-details/ffc088e64fab57e9
Jeremy Jackson,70.0,,170.0,Orthodox,1982-09-19,http://ufcstats.com/fighter-details/ad32471f01e7b1a5
Damon Jackson,71.0,71.0,155.0,Switch,1988-08-08,http://ufcstats.com/fighter-details/29af297d9f1de0f8
Kenyon Jackson,72.0,,185.0,,,http://ufcstats.com/fighter-details/56c5132870a526d5
Mike Jackson,74.0,74.0,170.0,Orthodox,1985-03-22,http://ufcstats.com/fighter-details/0641c21bec209472
Jason Jackson,73.0,78.0,170.0,Orthodox,1990-10-30,http://ufcstats.com/fighter-details/ca8da445dfa82d56
Montel Jackson,70.0,75.0,135.0,Southpaw,1992-04-24,http://ufcstats.com/fighter-details/cc1a8b4b38b92c6d
Eric Jacob,,,155.0,,,http://ufcstats.com/fighter-details/ba17afef01ed78b6
Richard Jacobi,76.0,75.0,260.0,Orthodox,1993-09-28,http://ufcstats.com/fighter-details/46f557bd44da630e
Dustin Jacoby,75.0,76.0,205.0,Orthodox,1988-04-04,http://ufcstats.com/fighter-details/e4277e87a789d687
Justin James,70.0,,155.0,Orthodox,1976-11-08,http://ufcstats.com/fighter-details/1ea8df62b3f8fea6
Nate James,72.0,,185.0,,1978-05-29,http://ufcstats.com/fighter-details/a34fecf2f4e5a317
Virna Jandiroba,63.0,64.0,115.0,Orthodox,1988-05-30,http://ufcstats.com/fighter-details/7dda2cf308f24a02
Ryan Janes,75.0,76.0,185.0,Orthodox,1981-08-22,http://ufcstats.com/fighter-details/b59037262c8fe060
YunSeong Jang,72.0,72.0,170.0,Orthodox,2002-11-04,http://ufcstats.com/fighter-details/c7b0081edfef4bc7
Josh Janousek,71.0,,185.0,Orthodox,1980-09-25,http://ufcstats.com/fighter-details/8f7380fb0916dc77
Dave Jansen,69.0,73.0,155.0,Orthodox,1979-08-21,http://ufcstats.com/fighter-details/335ad945324c3a2e
Jaime Jara,73.0,,205.0,Southpaw,1969-08-02,http://ufcstats.com/fighter-details/805ad1801eb26abb
Gigo Jara,69.0,,145.0,,,http://ufcstats.com/fighter-details/99d5cf1eda8b25c1
Keith Jardine,74.0,76.0,185.0,Orthodox,1975-10-31,http://ufcstats.com/fighter-details/b9d0fd83bb8a147a
Brock Jardine,71.0,,170.0,Orthodox,1985-07-10,http://ufcstats.com/fighter-details/64959f90b6dd9759
Josh Jarvis,,,,,,http://ufcstats.com/fighter-details/32e8e0e8498f03c2
Rony Jason,67.0,73.0,145.0,Orthodox,1984-03-21,http://ufcstats.com/fighter-details/b71ce838b01f2cad
Jasmine Jasudavicius,67.0,68.0,125.0,Orthodox,1989-03-01,http://ufcstats.com/fighter-details/a9e260472d321361
Louis Jauregui,67.0,,170.0,,,http://ufcstats.com/fighter-details/0e8744ded08ee5fb
Yazmin Jauregui,63.0,64.0,115.0,Orthodox,1999-02-28,http://ufcstats.com/fighter-details/40cb680ae1cd331f
Justin Jaynes,67.0,68.0,145.0,Orthodox,1989-08-10,http://ufcstats.com/fighter-details/304a21d0595e1a08
Joanna Jedrzejczyk,66.0,65.0,115.0,Orthodox,1987-08-18,http://ufcstats.com/fighter-details/3d6749c4267da18f
Aaron Jeffery,74.0,73.0,185.0,Orthodox,1992-11-14,http://ufcstats.com/fighter-details/ccdcb20370be62a3
Trent Jenkins,74.0,,185.0,,,http://ufcstats.com/fighter-details/02fc8f50f56eb307
Bubba Jenkins,67.0,,145.0,,1988-02-05,http://ufcstats.com/fighter-details/5e841bb3752b6e86
Adrienna Jenkins,68.0,,145.0,,1981-07-22,http://ufcstats.com/fighter-details/dae85a6a83f53215
Brandon Jenkins,72.0,71.0,155.0,Switch,1991-09-30,http://ufcstats.com/fighter-details/6a8928652fc01bee
Jack Jenkins,67.0,68.0,145.0,Switch,1993-11-03,http://ufcstats.com/fighter-details/a9da3158dd2c2b5a
Steve Jennum,70.0,,215.0,Orthodox,,http://ufcstats.com/fighter-details/ad047e3073a775f3
Ryan Jensen,73.0,76.0,185.0,Orthodox,1977-09-20,http://ufcstats.com/fighter-details/aae99701b21554e4
Kyle Jensen,69.0,,170.0,Orthodox,1979-07-20,http://ufcstats.com/fighter-details/aec273fcb765330d
Chan-Mi Jeon,65.0,,115.0,Orthodox,1997-08-28,http://ufcstats.com/fighter-details/24174a3f44ce8e03
Maciej Jewtuszko,72.0,,155.0,Southpaw,1981-01-31,http://ufcstats.com/fighter-details/6b5b9be990774f0e
Ronald Jhun,71.0,,170.0,Orthodox,1970-09-21,http://ufcstats.com/fighter-details/b9e871af730f826c
Baergeng Jieleyisi,69.0,71.0,145.0,Orthodox,1995-11-24,http://ufcstats.com/fighter-details/8677e67a75d65b8e
Gilbert Jimenez,,,155.0,,,http://ufcstats.com/fighter-details/59d36ddfcb27b7dc
Ramiro Jimenez,69.0,73.0,145.0,Southpaw,1999-01-16,http://ufcstats.com/fighter-details/1c02b964466c10e4
Art Jimmerson,73.0,,196.0,Orthodox,1963-08-04,http://ufcstats.com/fighter-details/a5c53b3ddb31cc7d
Ryan Jimmo,73.0,73.0,205.0,Orthodox,1981-11-27,http://ufcstats.com/fighter-details/bc3ec52ef70fc155
Jinensibieke Asikeerbai,66.0,69.0,155.0,Orthodox,1988-07-10,http://ufcstats.com/fighter-details/4eccb78d628b2238
Jiniushiyue,66.0,68.0,125.0,Southpaw,2000-12-09,http://ufcstats.com/fighter-details/c14a683dac2ebc4c
Sung Bin Jo,72.0,72.0,145.0,Orthodox,1992-07-17,http://ufcstats.com/fighter-details/6e0e977beb909837
Carls John De Tomas,65.0,71.0,125.0,Southpaw,1996-08-28,http://ufcstats.com/fighter-details/2a4200ead401a9ce
Phil Johns,62.0,,170.0,Southpaw,1968-10-22,http://ufcstats.com/fighter-details/a8fa0c4e95512806
Brett Johns,67.0,71.0,135.0,Orthodox,1992-02-21,http://ufcstats.com/fighter-details/ec52462a1b41f714
Miles Johns,67.0,68.0,135.0,Orthodox,1994-03-30,http://ufcstats.com/fighter-details/46e0d677f91bacc0
Anthony Johnson,74.0,78.0,205.0,Orthodox,1984-03-06,http://ufcstats.com/fighter-details/365fee2da473b177
DaMarques Johnson,73.0,75.0,170.0,Orthodox,1982-06-28,http://ufcstats.com/fighter-details/322a56923b396b4d
Devin Johnson,,,,,,http://ufcstats.com/fighter-details/22f4b6cb6b1bd7fd
Travis Johnson,,,205.0,,,http://ufcstats.com/fighter-details/443835675e8fc6ca
Ricky Johnson,68.0,,145.0,Orthodox,,http://ufcstats.com/fighter-details/fa2fca260beeb9c0
Tony Johnson,74.0,76.0,205.0,Orthodox,1983-05-02,http://ufcstats.com/fighter-details/3641a0d117e9bc6c
Lavar Johnson,76.0,82.0,240.0,Orthodox,1977-06-11,http://ufcstats.com/fighter-details/e6c5908910cc26e4
Demetrious Johnson,63.0,66.0,125.0,Orthodox,1986-08-13,http://ufcstats.com/fighter-details/8a304bfd6bf04a57
Michael Johnson,70.0,73.0,155.0,Southpaw,1986-06-04,http://ufcstats.com/fighter-details/511e82663651438d
Deshaun Johnson,,,167.0,,,http://ufcstats.com/fighter-details/bf97ad31eae89429
Kajan Johnson,71.0,75.0,155.0,Orthodox,1984-04-21,http://ufcstats.com/fighter-details/633a45d131192ffe
Dashon Johnson,67.0,,145.0,Orthodox,1988-01-25,http://ufcstats.com/fighter-details/36207c58e854cae5
Timothy Johnson,75.0,77.0,265.0,Southpaw,1985-03-13,http://ufcstats.com/fighter-details/cc900af167fbedfd
Jordan Johnson,74.0,79.0,205.0,Orthodox,1988-11-18,http://ufcstats.com/fighter-details/99bcdf5eac39898f
Taylor Johnson,72.0,74.0,185.0,Switch,1990-11-09,http://ufcstats.com/fighter-details/552b09cbf13b6328
Chad Johnson,74.0,80.0,230.0,Orthodox,1986-07-22,http://ufcstats.com/fighter-details/6ce9a012e4c6020c
Jose Johnson,72.0,71.0,125.0,Orthodox,1995-05-20,http://ufcstats.com/fighter-details/84f727cf0166d6f2
Charles Johnson,69.0,70.0,125.0,Switch,1991-01-10,http://ufcstats.com/fighter-details/814e5233e2acf2ee
Donte Johnson,68.0,74.0,185.0,Southpaw,1999-01-25,http://ufcstats.com/fighter-details/ad5cb64af10fc946
Brian Johnston,75.0,,230.0,Orthodox,,http://ufcstats.com/fighter-details/1c3f5e85b59ec710
Liana Jojua,64.0,62.0,125.0,Orthodox,1995-03-22,http://ufcstats.com/fighter-details/eebc23626e38f5dc
Nikola Joksovic,,,170.0,,1994-09-11,http://ufcstats.com/fighter-details/a6aa3157e1a1d104
Daniel Jolly,73.0,75.0,205.0,Orthodox,1984-09-03,http://ufcstats.com/fighter-details/eeabcd4dc6619129
Paul Jones,69.0,,199.0,Orthodox,1963-06-16,http://ufcstats.com/fighter-details/f341f9551ba744e2
Jon Jones,76.0,84.0,248.0,Orthodox,1987-07-19,http://ufcstats.com/fighter-details/07f72a2a7591b409
Nathan Jones,83.0,,345.0,Orthodox,1970-08-21,http://ufcstats.com/fighter-details/f54fb3b9c4228142
Marcus Jones,78.0,,265.0,Orthodox,1973-08-15,http://ufcstats.com/fighter-details/8fa2b06572365321
Carlton Jones,73.0,,225.0,Orthodox,,http://ufcstats.com/fighter-details/f117c3e8c1aa7b9e
Jesse Jones,69.0,,170.0,,,http://ufcstats.com/fighter-details/bc0f994de0521926
Tito Jones,68.0,,145.0,Southpaw,1981-07-31,http://ufcstats.com/fighter-details/7b223a22a6c26868
Roy Jones,,,205.0,,1983-10-26,http://ufcstats.com/fighter-details/be8dfcf0442812b1
Justin Jones,71.0,,185.0,Orthodox,1987-09-06,http://ufcstats.com/fighter-details/9b75954db8db2a08
Ben Jones,,,185.0,,,http://ufcstats.com/fighter-details/329aff8e958a2997
Victor Jones,,,145.0,,,http://ufcstats.com/fighter-details/04f0471f221db717
Chris Jones,69.0,,149.0,,1981-11-16,http://ufcstats.com/fighter-details/509319d35664369e
Roshaun Jones,68.0,,135.0,,,http://ufcstats.com/fighter-details/8a9f54b9056b07f5
Jamelle Jones,72.0,75.0,205.0,Orthodox,1988-01-31,http://ufcstats.com/fighter-details/1dda22d0ac3d1271
Antonio Jones,71.0,,185.0,Orthodox,1985-04-12,http://ufcstats.com/fighter-details/f1fd494586ab8d5f
Trevin Jones,67.0,70.0,135.0,Southpaw,1990-08-04,http://ufcstats.com/fighter-details/ec23c1be628d8057
Mason Jones,70.0,74.0,155.0,Orthodox,1995-04-26,http://ufcstats.com/fighter-details/f6ad6a1e4d600e0d
Craig Jones,,,205.0,,1991-07-17,http://ufcstats.com/fighter-details/e947b563eb744a21
Jacobi Jones,69.0,72.0,155.0,Orthodox,1996-05-24,http://ufcstats.com/fighter-details/08b01ed84044c6bc
Jocelyn Jones-Lybarger,67.0,64.0,115.0,Orthodox,1985-10-04,http://ufcstats.com/fighter-details/1a98c9dbb7fc3959
Kevin Jordan,75.0,,245.0,Orthodox,1970-12-31,http://ufcstats.com/fighter-details/02e52b3a595f0786
Joe Jordan,66.0,,155.0,Orthodox,1978-07-27,http://ufcstats.com/fighter-details/712c4db78b9373d1
Shawn Jordan,72.0,75.0,260.0,Southpaw,1984-10-21,http://ufcstats.com/fighter-details/ca2efc9d7d523c43
Ivan Jorge,69.0,73.0,155.0,Orthodox,1980-11-07,http://ufcstats.com/fighter-details/19db7ac26308178f
Scott Jorgensen,65.0,66.0,135.0,Orthodox,1982-09-17,http://ufcstats.com/fighter-details/0b64d0fed453ef7f
Gareth Joseph,,,205.0,,,http://ufcstats.com/fighter-details/8ecb9f42da5ef5ac
Dwight Joseph,66.0,,135.0,Switch,1989-08-16,http://ufcstats.com/fighter-details/34ca93f1791a5c50
Jeff Joslin,72.0,,170.0,Orthodox,1975-04-30,http://ufcstats.com/fighter-details/388abbf8832b5adf
Krzysztof Jotko,73.0,77.0,185.0,Southpaw,1989-08-19,http://ufcstats.com/fighter-details/4e06913c91da5200
Alan Jouban,72.0,73.0,170.0,Southpaw,1981-11-25,http://ufcstats.com/fighter-details/cf65d56b0755ed3b
Charles Jourdain,69.0,69.0,135.0,Switch,1995-11-27,http://ufcstats.com/fighter-details/f1d64ae34e088832
Louis Jourdain,69.0,69.0,135.0,Orthodox,1997-03-13,http://ufcstats.com/fighter-details/91cd52cb92dfdd52
Kevin Jousset,74.0,75.0,170.0,Orthodox,1993-05-02,http://ufcstats.com/fighter-details/dda15dbfafb792df
Mike Joy,66.0,,155.0,Southpaw,1985-07-18,http://ufcstats.com/fighter-details/35080a7f406f9ab3
Dustin Joynson,78.0,78.0,244.0,Orthodox,1985-10-14,http://ufcstats.com/fighter-details/791367e8c35cfb6a
Tony Juarez,,,155.0,,,http://ufcstats.com/fighter-details/97f3692d5444a80a
Jesse Juarez,73.0,,170.0,Orthodox,1981-05-08,http://ufcstats.com/fighter-details/cd039ff136d89ded
Ernie Juarez,68.0,70.0,145.0,,1998-01-12,http://ufcstats.com/fighter-details/410898e8dd6ca9b6
Anshul Jubli,72.0,69.0,155.0,Switch,1995-01-13,http://ufcstats.com/fighter-details/a72a2a769fa5a2be
Carli Judice,67.0,68.0,125.0,Southpaw,1999-03-02,http://ufcstats.com/fighter-details/f1ab6f37492c630a
Steve Judson,71.0,,230.0,Orthodox,,http://ufcstats.com/fighter-details/6ece1d2ab1bed31d
Luke Jumeau,71.0,72.0,170.0,Orthodox,1988-02-12,http://ufcstats.com/fighter-details/4c288a2b250bb576
Bu-Kyung Jung,67.0,,154.0,Orthodox,1978-05-26,http://ufcstats.com/fighter-details/b35d1650c78c2948
Chan Sung Jung,67.0,72.0,145.0,Orthodox,1987-03-17,http://ufcstats.com/fighter-details/c451d67c09c55418
Young Sam Jung,68.0,,139.0,Orthodox,1985-10-27,http://ufcstats.com/fighter-details/13104eaed3ae96c3
Da Woon Jung,76.0,78.0,205.0,Orthodox,1993-12-07,http://ufcstats.com/fighter-details/74f9448b97bf8bec
Scott Junk,73.0,,265.0,Orthodox,1978-12-17,http://ufcstats.com/fighter-details/ac70a4f1db1b8c40
Myles Jury,70.0,73.0,145.0,Orthodox,1988-10-31,http://ufcstats.com/fighter-details/08e908ed6d18d6a0
Cristiane Justino,68.0,68.0,145.0,Orthodox,1985-07-09,http://ufcstats.com/fighter-details/634bb0de2eb043b4
Patrick Kaase,69.0,,185.0,,,http://ufcstats.com/fighter-details/b180f05acb24d430
Emily Kagan,63.0,,115.0,,1981-07-14,http://ufcstats.com/fighter-details/c1ea9d56cd953586
Oron Kahlon,68.0,70.0,135.0,Orthodox,1984-11-04,http://ufcstats.com/fighter-details/00a35c92b03992b0
Kaiwen,68.0,71.0,145.0,Switch,1995-10-16,http://ufcstats.com/fighter-details/0565706b1e7f7e7c
Sirwan Kakai,65.0,,135.0,Orthodox,1989-10-03,http://ufcstats.com/fighter-details/2525a853486ee670
Saidyokub Kakhramonov,68.0,69.0,135.0,Orthodox,1995-11-14,http://ufcstats.com/fighter-details/50a28b9f8314e008
Geza Kalman,73.0,,200.0,,,http://ufcstats.com/fighter-details/304fcd812f12c589
Bryson Kamaka,71.0,,170.0,Orthodox,,http://ufcstats.com/fighter-details/9336e86cfd4ceaa1
Kai Kamaka,67.0,69.0,145.0,Orthodox,1995-01-05,http://ufcstats.com/fighter-details/eee0ef3e2b14816b
Shah Kamali,,,265.0,,1998-10-25,http://ufcstats.com/fighter-details/a46ab6c64d321c2d
Shuya Kamikubo,65.0,68.0,135.0,Switch,1993-04-12,http://ufcstats.com/fighter-details/a46fa1c7972548d0
Daichi Kamiya,68.0,68.0,155.0,Southpaw,1999-04-19,http://ufcstats.com/fighter-details/a497e228cce8a64f
Martin Kampmann,72.0,72.0,170.0,Orthodox,1982-04-17,http://ufcstats.com/fighter-details/8b69839f3555a67b
Koya Kanda,69.0,75.0,145.0,Southpaw,1995-12-20,http://ufcstats.com/fighter-details/b42d3a1469dab722
Bharat Kandare,67.0,72.0,135.0,Orthodox,1987-06-20,http://ufcstats.com/fighter-details/efd2b3e9bb7965a4
Hiromitsu Kanehara,70.0,,200.0,Orthodox,1970-10-05,http://ufcstats.com/fighter-details/eda579d906cf0ca2
Masanori Kanehara,67.0,67.0,135.0,Orthodox,1982-11-19,http://ufcstats.com/fighter-details/f3a078277b3b8ff4
Ken Kaneko,72.0,,161.0,Orthodox,,http://ufcstats.com/fighter-details/5345f86680378fc1
Denis Kang,71.0,77.0,185.0,Orthodox,1977-09-17,http://ufcstats.com/fighter-details/3c241737a6069b9f
Kyung Ho Kang,69.0,73.0,135.0,Orthodox,1987-09-09,http://ufcstats.com/fighter-details/a7897d200692ab64
Manel Kape,65.0,68.0,125.0,Southpaw,1993-11-14,http://ufcstats.com/fighter-details/5d1b7e3dd9e11074
David Kaplan,67.0,,155.0,Orthodox,1979-11-16,http://ufcstats.com/fighter-details/5669b828e7e11329
Kai Kara-France,64.0,69.0,125.0,Orthodox,1993-03-26,http://ufcstats.com/fighter-details/853eb0dd5c0e2149
Georgi Karakhanyan,68.0,,145.0,,1985-05-29,http://ufcstats.com/fighter-details/43292ecf0e72c143
Alex Karalexis,68.0,66.0,155.0,Orthodox,1977-09-20,http://ufcstats.com/fighter-details/e361e5c858af6ff1
Ernesta Kareckaite,69.0,71.0,125.0,Orthodox,1998-07-05,http://ufcstats.com/fighter-details/e4faa79383c9f214
Impa Kasanganay,71.0,75.0,170.0,Orthodox,1994-01-17,http://ufcstats.com/fighter-details/257b0c8d6f199895
Jinnosuke Kashimura,67.0,71.0,155.0,Southpaw,2001-08-12,http://ufcstats.com/fighter-details/4a9120fa47bafef0
Nadia Kassem,65.0,66.0,125.0,Southpaw,1995-11-15,http://ufcstats.com/fighter-details/6e7506127408aa9e
Yusuke Kasuya,67.0,,155.0,Southpaw,1989-11-16,http://ufcstats.com/fighter-details/3058888c33149a53
Tetsuji Kato,,,155.0,Orthodox,,http://ufcstats.com/fighter-details/542db012217ecb83
Hisaki Kato,72.0,,185.0,,1982-09-17,http://ufcstats.com/fighter-details/ebf1c247b2cba375
Brad Katona,66.0,64.0,135.0,Orthodox,1991-12-19,http://ufcstats.com/fighter-details/7b433309b0fd12aa
Calvin Kattar,71.0,72.0,145.0,Orthodox,1988-03-26,http://ufcstats.com/fighter-details/751de04455cfaac0
Sarah Kaufman,65.0,66.0,135.0,Orthodox,1985-09-20,http://ufcstats.com/fighter-details/36df8e119aec6175
Lone'er Kavanagh,66.0,67.0,125.0,Orthodox,1999-06-09,http://ufcstats.com/fighter-details/bb2c3c3a466224af
Yusuke Kawaguchi,72.0,,255.0,,1980-08-14,http://ufcstats.com/fighter-details/fa2320781bfe4f49
Canaan Kawaihae,72.0,71.0,145.0,Southpaw,1997-08-26,http://ufcstats.com/fighter-details/58d42b9e920b25fc
Tatsuya Kawajiri,67.0,69.0,145.0,Orthodox,1978-05-08,http://ufcstats.com/fighter-details/80d918336163b80c
Ryo Kawamura,71.0,,205.0,Orthodox,1981-06-29,http://ufcstats.com/fighter-details/9e91d7fd2720e241
Masuto Kawana,66.0,69.0,145.0,Orthodox,1995-01-30,http://ufcstats.com/fighter-details/49f4171f14f54220
Doug Kay,,,,,,http://ufcstats.com/fighter-details/547c5611bd366988
Toshiomi Kazama,67.0,69.0,135.0,Orthodox,1997-05-15,http://ufcstats.com/fighter-details/148bb103cfbf123e
Julie Kedzie,65.0,,135.0,Orthodox,1981-03-18,http://ufcstats.com/fighter-details/981ab7a0576f76a0
Ryan Keenan,70.0,,170.0,,1985-06-15,http://ufcstats.com/fighter-details/a72b20136239ba39
Losene Keita,68.0,72.0,145.0,Orthodox,1997-12-30,http://ufcstats.com/fighter-details/5b43d68174b6e2ab
CJ Keith,72.0,,155.0,Orthodox,1986-08-09,http://ufcstats.com/fighter-details/c0eecd851dbf3146
Chris Kelades,67.0,68.0,125.0,Orthodox,1981-02-21,http://ufcstats.com/fighter-details/56c9acc4e86046a2
Brian Kelleher,66.0,66.0,135.0,Switch,1986-08-19,http://ufcstats.com/fighter-details/7be14eaed4c74856
Mayana Kellem,65.0,,135.0,Orthodox,1981-07-07,http://ufcstats.com/fighter-details/c788481ae19e798d
Tony Kelley,69.0,70.0,135.0,Switch,1987-01-21,http://ufcstats.com/fighter-details/1a08b01fdabb6ae2
Paul Kelly,69.0,70.0,155.0,Orthodox,1984-09-12,http://ufcstats.com/fighter-details/aac5ac38148f0528
John Kelly,69.0,,170.0,,1978-08-02,http://ufcstats.com/fighter-details/ace83095105dd205
Daniel Kelly,72.0,70.0,185.0,Southpaw,1977-10-31,http://ufcstats.com/fighter-details/bdcbb976816fd256
Tim Kennedy,71.0,74.0,185.0,Orthodox,1979-09-01,http://ufcstats.com/fighter-details/3c660c90d48fc80d
Steve Kennedy,71.0,,170.0,Orthodox,1983-03-07,http://ufcstats.com/fighter-details/185fb0200a4605e6
Jeremy Kennedy,71.0,71.0,145.0,Orthodox,1992-09-16,http://ufcstats.com/fighter-details/68f6e96c5fa6e044
Waylon Kennell,72.0,,185.0,,,http://ufcstats.com/fighter-details/9b8a73b59be8d786
Casey Kenney,67.0,68.0,135.0,Southpaw,1991-03-20,http://ufcstats.com/fighter-details/e7bba7ce4d6c7b07
Maimaitituoheti Keremuaili,66.0,66.0,135.0,Orthodox,1991-03-18,http://ufcstats.com/fighter-details/772022b989534f0d
Aurelijus Kerpe,,,,Orthodox,,http://ufcstats.com/fighter-details/c1e4ae143cce7398
Mark Kerr,75.0,,266.0,Switch,1968-12-21,http://ufcstats.com/fighter-details/a7b48e18ca27795d
Will Kerr,70.0,69.0,155.0,Orthodox,1982-10-21,http://ufcstats.com/fighter-details/ef61d9f5176b3200
Ron Keslar,,,185.0,,,http://ufcstats.com/fighter-details/b84f34b425dfd24b
Rustam Khabilov,68.0,73.0,155.0,Orthodox,1986-11-04,http://ufcstats.com/fighter-details/9b7694d064a8a0ad
Adam Khaliev,72.0,,170.0,Orthodox,1984-04-16,http://ufcstats.com/fighter-details/1aba18b5f15d4956
Sergey Khandozhko,73.0,74.0,170.0,Orthodox,1992-05-19,http://ufcstats.com/fighter-details/90da09db03e41748
Sergei Kharitonov,72.0,,245.0,Orthodox,1980-08-18,http://ufcstats.com/fighter-details/0693b2eab79198ea
Alfred Khashakyan,68.0,70.0,135.0,Orthodox,1988-07-17,http://ufcstats.com/fighter-details/3929efe0c0a83d07
Aziz Khaydarov,71.0,72.0,155.0,Orthodox,1993-09-25,http://ufcstats.com/fighter-details/a072b512b6f4fc42
Mansher Khera,70.0,68.0,155.0,Orthodox,1992-04-15,http://ufcstats.com/fighter-details/4bbd1e5c77ef3c2f
Aliaskhab Khizriev,69.0,74.0,185.0,Southpaw,1990-08-24,http://ufcstats.com/fighter-details/7ab478c397cd68ef
WonBin Ki,71.0,73.0,155.0,Orthodox,1991-02-11,http://ufcstats.com/fighter-details/aaeb55084b198a39
Pannie Kianzad,67.0,66.0,135.0,Orthodox,1991-12-08,http://ufcstats.com/fighter-details/91dac5e69e28d5b5
Akira Kikuchi,68.0,,155.0,Orthodox,1978-07-23,http://ufcstats.com/fighter-details/9c37681096c6f3a9
Katsunori Kikuno,68.0,66.0,145.0,Orthodox,1981-10-31,http://ufcstats.com/fighter-details/44470bfd9483c7ad
Sanae Kikuta,69.0,,200.0,Orthodox,1971-09-10,http://ufcstats.com/fighter-details/e4bde462b043d3e1
Jacob Kilburn,69.0,72.0,145.0,Orthodox,1995-06-28,http://ufcstats.com/fighter-details/637bd06c32219f0b
Dong Hyun Kim,74.0,76.0,170.0,Southpaw,1981-11-17,http://ufcstats.com/fighter-details/9bcf8603ceb25680
Jin Oh Kim,69.0,,205.0,Orthodox,,http://ufcstats.com/fighter-details/8d04923f2db59b7f
Dae Won Kim,71.0,,180.0,Orthodox,,http://ufcstats.com/fighter-details/354808cf38d9d73c
Jong Wang Kim,73.0,,240.0,,,http://ufcstats.com/fighter-details/380e8b023290d091
Jong Won Kim,67.0,,139.0,Orthodox,,http://ufcstats.com/fighter-details/9e0f28d1f639ad73
Min Soo Kim,73.0,,255.0,Southpaw,1975-01-22,http://ufcstats.com/fighter-details/831b937811804dad
Jong Man Kim,67.0,,139.0,Orthodox,1978-03-03,http://ufcstats.com/fighter-details/dba230fe33011201
Ji Yeon Kim,67.0,72.0,125.0,Orthodox,1989-10-18,http://ufcstats.com/fighter-details/a20f234df70f2182
MinWoo Kim,68.0,72.0,135.0,Orthodox,1993-07-21,http://ufcstats.com/fighter-details/6343a95f1d9e6a33
HanSeul Kim,73.0,73.0,170.0,Southpaw,1990-06-19,http://ufcstats.com/fighter-details/2bc47c7cc6c05bd7
KyeungPyo Kim,69.0,71.0,155.0,Orthodox,1992-01-29,http://ufcstats.com/fighter-details/5a9f7b5ffebdd6e7
Sangwook Kim,72.0,71.0,155.0,Orthodox,1993-10-17,http://ufcstats.com/fighter-details/a264d4e9a4d6bfe4
SangWon Kim,69.0,69.0,145.0,Orthodox,1993-09-01,http://ufcstats.com/fighter-details/e9712cad24948ce1
KyuSung Kim,71.0,69.0,125.0,Orthodox,1992-11-05,http://ufcstats.com/fighter-details/e7ecfab8fd86d3e1
So Yul Kim,,,115.0,,1997-05-25,http://ufcstats.com/fighter-details/864c07a7ff90caae
Jeremy Kimball,72.0,72.0,205.0,Switch,1991-01-03,http://ufcstats.com/fighter-details/917a5cb9821df261
Rob Kimmons,70.0,73.0,185.0,Orthodox,1981-01-30,http://ufcstats.com/fighter-details/054defd5420a551f
Dustin Kimura,67.0,71.0,135.0,Orthodox,1989-05-21,http://ufcstats.com/fighter-details/fe91d254db77a7fc
Taiei Kin,71.0,,185.0,Orthodox,1970-07-08,http://ufcstats.com/fighter-details/c7ac79839e86ce33
Mike King,75.0,,185.0,,1983-08-04,http://ufcstats.com/fighter-details/564c2f5f9eb45d67
Kyle Kingsbury,76.0,79.0,205.0,Orthodox,1982-03-22,http://ufcstats.com/fighter-details/b959e8c7fd8390d2
Yusaku Kinoshita,72.0,71.0,170.0,Southpaw,2000-08-21,http://ufcstats.com/fighter-details/21b5c82c1b89dab1
Kamuela Kirk,70.0,75.0,155.0,Switch,1994-04-13,http://ufcstats.com/fighter-details/c7d7fda69ec410d3
Yurij Kiseliov,68.0,,185.0,Orthodox,,http://ufcstats.com/fighter-details/51d2aaaca56e5b40
Justine Kish,65.0,64.0,125.0,Orthodox,1988-04-13,http://ufcstats.com/fighter-details/928ae2e5b5f7a9ec
Koji Kitao,79.0,,350.0,Southpaw,1963-10-12,http://ufcstats.com/fighter-details/2a6f8136da1e52c0
Satoru Kitaoka,66.0,,154.0,,1980-02-04,http://ufcstats.com/fighter-details/e2ac5bb645f33088
Top Noi Kiwram,65.0,67.0,125.0,Southpaw,1992-08-15,http://ufcstats.com/fighter-details/e065b4a42a6c2c79
Ludovit Klein,67.0,72.0,155.0,Southpaw,1995-02-22,http://ufcstats.com/fighter-details/5b86d491d63890c5
Nick Klein,73.0,77.0,185.0,Orthodox,1995-09-08,http://ufcstats.com/fighter-details/7eaa5e31c2dd86aa
Seth Kleinbeck,74.0,,185.0,,1973-07-25,http://ufcstats.com/fighter-details/8ad022dd81224f61
Stefan Klever,,,185.0,Orthodox,,http://ufcstats.com/fighter-details/bc3876891e155bb5
Fatima Kline,66.0,67.0,115.0,Orthodox,2000-07-12,http://ufcstats.com/fighter-details/745fa7b605f8e2da
Felix Klinkhammer,72.0,,170.0,,,http://ufcstats.com/fighter-details/8276f28f1ad087de
Drakkar Klose,69.0,70.0,155.0,Orthodox,1988-03-09,http://ufcstats.com/fighter-details/7cbf7c78d3b34218
Michael Knaap,74.0,,220.0,Orthodox,1984-02-27,http://ufcstats.com/fighter-details/02f0e04acf102ea9
Kevin Knabjian,70.0,,170.0,Orthodox,1984-07-05,http://ufcstats.com/fighter-details/1fac46d466abd5b8
Jason Knight,70.0,71.0,145.0,Orthodox,1992-07-14,http://ufcstats.com/fighter-details/bb1a2cdad6ff34db
William Knight,70.0,73.0,205.0,Orthodox,1988-04-03,http://ufcstats.com/fighter-details/5da33b8fbfa5ee95
Josefine Knutsson,63.0,60.0,115.0,Orthodox,1996-01-16,http://ufcstats.com/fighter-details/971dba22c622af12
Seokhyeon Ko,70.0,71.0,170.0,Southpaw,1993-09-24,http://ufcstats.com/fighter-details/4a07b1988477502c
Isao Kobayashi,68.0,,145.0,,1988-10-28,http://ufcstats.com/fighter-details/a02652d063ef5baa
Kelly Kobold,66.0,,135.0,Orthodox,1983-02-25,http://ufcstats.com/fighter-details/c398235fcaf8d71d
Erik Koch,70.0,71.0,170.0,Southpaw,1988-10-04,http://ufcstats.com/fighter-details/99bd87a300079ed9
Sokun Koh,73.0,,205.0,,,http://ufcstats.com/fighter-details/6d8ef8706781c49e
Shingo Kohara,66.0,,135.0,,,http://ufcstats.com/fighter-details/44c233770075cea1
Brad Kohler,69.0,,220.0,Orthodox,1964-05-26,http://ufcstats.com/fighter-details/13c4313ed0f744f3
Charlie Kohler,69.0,,155.0,Orthodox,1976-07-16,http://ufcstats.com/fighter-details/5717efc6f271cd52
Tsuyoshi Kohsaka,71.0,,225.0,Orthodox,1970-03-06,http://ufcstats.com/fighter-details/b76ed59283d3559c
Kaloyan Kolev,74.0,73.0,205.0,Orthodox,1992-10-17,http://ufcstats.com/fighter-details/33de378ce1734638
John Kolosci,71.0,,185.0,Orthodox,1974-11-26,http://ufcstats.com/fighter-details/5f6038bcdb95e3e4
Yuki Kondo,71.0,,183.0,Southpaw,1975-07-17,http://ufcstats.com/fighter-details/1fe7adb23b3eedfb
Syuri Kondo,64.0,66.0,115.0,Orthodox,1989-02-08,http://ufcstats.com/fighter-details/a851c35f58199231
Mantas Kondratavicius,74.0,75.0,185.0,Orthodox,1999-07-17,http://ufcstats.com/fighter-details/3cc506f115cbb9d5
Cheick Kongo,76.0,82.0,240.0,Orthodox,1975-05-17,http://ufcstats.com/fighter-details/1eacf73d6a0055dc
Andrei Kopylov,74.0,,265.0,Orthodox,1965-07-16,http://ufcstats.com/fighter-details/dd39f1ca787a3d9d
Roman Kopylov,72.0,75.0,185.0,Southpaw,1991-05-04,http://ufcstats.com/fighter-details/9d83f6da776ff7d6
Bruno Korea,66.0,65.0,135.0,,1991-06-28,http://ufcstats.com/fighter-details/6c011be66326ad97
Chungreng Koren,,,135.0,,1998-02-01,http://ufcstats.com/fighter-details/000774e57404d8c7
Andrey Koreshkov,72.0,,170.0,,1990-08-23,http://ufcstats.com/fighter-details/aee885b8ca29ab4f
Josh Koscheck,70.0,73.0,170.0,Orthodox,1977-11-30,http://ufcstats.com/fighter-details/dd37fd509af89f15
Steven Koslow,67.0,69.0,125.0,Switch,1997-01-22,http://ufcstats.com/fighter-details/84512339473dd300
Naoyuki Kotani,68.0,66.0,155.0,Southpaw,1981-12-08,http://ufcstats.com/fighter-details/bc8f6b42767e28df
Ilya Kotau,,,170.0,,,http://ufcstats.com/fighter-details/a68d57ae177a5815
Iouri Kotchkine,74.0,,235.0,Orthodox,,http://ufcstats.com/fighter-details/c6becb722706c7d8
Matt Kovacs,72.0,,244.0,Orthodox,,http://ufcstats.com/fighter-details/8fbcd82bf7f352bf
Marcus Kowal,,,135.0,,,http://ufcstats.com/fighter-details/ad0e42800a0d8977
Karolina Kowalkiewicz,63.0,64.0,115.0,Orthodox,1985-10-15,http://ufcstats.com/fighter-details/d7c3816669784109
Steve Kozola,,,155.0,,,http://ufcstats.com/fighter-details/fc36e2352dccf2a4
Derrick Krantz,70.0,72.0,170.0,Orthodox,1988-01-13,http://ufcstats.com/fighter-details/714e1e0681ddb703
James Krause,74.0,73.0,170.0,Orthodox,1986-06-04,http://ufcstats.com/fighter-details/8f6a18831a120817
Pascal Krauss,73.0,,170.0,Orthodox,1987-04-19,http://ufcstats.com/fighter-details/a01e84abefd85ec0
Rene Kronvold,68.0,,170.0,Orthodox,,http://ufcstats.com/fighter-details/db05271715bb4874
Kaynan Kruschewsky,72.0,73.0,155.0,Orthodox,1991-04-04,http://ufcstats.com/fighter-details/ca36633b80be4a78
Jorgen Kruth,74.0,,205.0,,1974-05-08,http://ufcstats.com/fighter-details/6071d786f6187810
Nikita Krylov,75.0,77.0,205.0,Orthodox,1992-03-07,http://ufcstats.com/fighter-details/1091d4d957141094
Mariusz Ksiazkiewicz,75.0,75.0,185.0,Southpaw,1989-10-04,http://ufcstats.com/fighter-details/ab16537dd1e5e81d
Eliezer Kubanza,69.0,74.0,170.0,Orthodox,1997-12-23,http://ufcstats.com/fighter-details/66579081831db7b0
Junya Kudo,,,135.0,Orthodox,,http://ufcstats.com/fighter-details/487c170da059857d
John Kuhner,,,170.0,,1982-10-12,http://ufcstats.com/fighter-details/a272656ad662ac53
Michael Kuiper,72.0,73.0,185.0,Orthodox,1989-06-07,http://ufcstats.com/fighter-details/b7f38813485745da
Anton Kuivanen,68.0,72.0,155.0,Orthodox,1984-05-01,http://ufcstats.com/fighter-details/706f8e2b34e8e18b
Maiju Kujala,,,135.0,,,http://ufcstats.com/fighter-details/4e77d070239699e2
Sumit Kumar,65.0,66.0,125.0,Orthodox,2000-09-09,http://ufcstats.com/fighter-details/a0a625221e0dd339
Aleksei Kunchenko,68.0,70.0,170.0,Orthodox,1984-05-02,http://ufcstats.com/fighter-details/e2ccd9a9ace60de7
Rizvan Kuniev,76.0,76.0,240.0,Orthodox,1992-03-10,http://ufcstats.com/fighter-details/739fd4fbb5d862f4
Keigo Kunihara,72.0,,235.0,Orthodox,,http://ufcstats.com/fighter-details/782a2a17d3e38fdf
Kiichi Kunimoto,70.0,71.0,170.0,Orthodox,1981-05-01,http://ufcstats.com/fighter-details/71df36d6d8cf0d74
Jon Kunneman,,,185.0,,1999-07-14,http://ufcstats.com/fighter-details/2694c4997a51ed01
Leo Kuntz,70.0,,155.0,Orthodox,1983-10-03,http://ufcstats.com/fighter-details/6905d45bd71b50a9
Korey Kuppe,77.0,77.0,170.0,Switch,1989-01-23,http://ufcstats.com/fighter-details/780a2897055e3ee3
Ramazan Kuramagomedov,73.0,73.0,170.0,Orthodox,1996-08-23,http://ufcstats.com/fighter-details/b6a73e6f11a8835c
Tsuyoshi Kurihara,70.0,,185.0,Orthodox,1973-07-13,http://ufcstats.com/fighter-details/032b65d5fff611b2
Eldari Kurtanidze,66.0,,235.0,Orthodox,1972-04-16,http://ufcstats.com/fighter-details/4c78fc005a53831d
Kyle Kurtz,,,170.0,,,http://ufcstats.com/fighter-details/b490def93478ae29
Guram Kutateladze,71.0,72.0,155.0,Orthodox,1992-01-08,http://ufcstats.com/fighter-details/7772b283d288dbe2
Vadym Kutsyi,72.0,71.0,170.0,Orthodox,1991-07-18,http://ufcstats.com/fighter-details/aeb2bcd4371f40d5
Lina Kvokov,69.0,,135.0,Orthodox,,http://ufcstats.com/fighter-details/843dd76c50cae0f6
Kaleo Kwan,67.0,,155.0,,1970-08-01,http://ufcstats.com/fighter-details/2545c7f47a65bca3
Jarrod Kwitty,68.0,,185.0,,,http://ufcstats.com/fighter-details/849d15ed7e3a0e97
Mike Kyle,76.0,77.0,205.0,Orthodox,1980-03-31,http://ufcstats.com/fighter-details/56b8b24f65f9f057
Lisa Kyriacou,65.0,64.0,125.0,Orthodox,1993-11-17,http://ufcstats.com/fighter-details/edbc609a3b0d2aba
Achmed Labasanov,75.0,,215.0,Orthodox,1978-04-24,http://ufcstats.com/fighter-details/b3fb8d2293e17a59
Josh LaBerge,70.0,,145.0,,,http://ufcstats.com/fighter-details/5108b169b5fe1f86
Jeremiah Labiano,70.0,,135.0,,,http://ufcstats.com/fighter-details/4fe1d105af549845
Daniel Lacerda,66.0,70.0,125.0,Switch,1996-06-05,http://ufcstats.com/fighter-details/31bb0772f21cabd8
Luan Lacerda,67.0,71.0,135.0,Orthodox,1993-01-07,http://ufcstats.com/fighter-details/6fc506e1099afe20
Kemran Lachinov,,,170.0,,,http://ufcstats.com/fighter-details/eb84192d1a97f69e
Aspen Ladd,66.0,66.0,135.0,Orthodox,1995-03-01,http://ufcstats.com/fighter-details/d4691518d012b9e7
Ryan LaFlare,73.0,74.0,170.0,Southpaw,1983-10-01,http://ufcstats.com/fighter-details/4c7781da8c6cae93
Corinne Laframboise,64.0,65.0,125.0,Orthodox,1989-05-25,http://ufcstats.com/fighter-details/fbe9f4efc2153be2
Ben Lagman,74.0,,185.0,,1986-09-04,http://ufcstats.com/fighter-details/b40e65d71a8d4ce5
Noad Lahat,69.0,69.0,145.0,Orthodox,1984-06-08,http://ufcstats.com/fighter-details/9f755fb04cc21499
Tina Lahdemaki,62.0,,115.0,Orthodox,1988-05-28,http://ufcstats.com/fighter-details/e5ca2bc2451a5956
Yohan Lainesse,73.0,76.0,170.0,Orthodox,1992-08-14,http://ufcstats.com/fighter-details/f998f5c102250d6e
Tim Lajcik,73.0,,225.0,Orthodox,1965-06-21,http://ufcstats.com/fighter-details/c7e9d15cfce52f1d
Todd Lally,67.0,,145.0,Orthodox,,http://ufcstats.com/fighter-details/7d06092326c52528
Sean Lally,72.0,,170.0,Orthodox,1990-11-04,http://ufcstats.com/fighter-details/e62ce041bb7aeb1f
Ricardo Lamas,68.0,71.0,145.0,Orthodox,1982-05-21,http://ufcstats.com/fighter-details/3974fa35c917af1d
Jason Lambert,75.0,75.0,185.0,Orthodox,1975-06-03,http://ufcstats.com/fighter-details/5be86bb2f78fef2f
Jose Landi-Jons,71.0,,170.0,Orthodox,1973-09-09,http://ufcstats.com/fighter-details/7e062824c175f975
Nate Landwehr,69.0,72.0,145.0,Orthodox,1988-06-06,http://ufcstats.com/fighter-details/583ee11abddfc581
Austen Lane,78.0,80.0,245.0,Orthodox,1987-11-09,http://ufcstats.com/fighter-details/be9bdec19b7e9ffe
Aaron Lanfranco,,,155.0,,1986-08-26,http://ufcstats.com/fighter-details/d73e856f150744b2
Jeremy Lang,71.0,,205.0,Southpaw,1975-05-11,http://ufcstats.com/fighter-details/09422812370fbdfe
Lionel Lanham,,,205.0,,1980-08-31,http://ufcstats.com/fighter-details/b8980dd7e8fc5976
Lina Lansberg,67.0,65.0,135.0,Orthodox,1982-03-13,http://ufcstats.com/fighter-details/2eeaefbfc7f9fcff
Taylor Lapilus,66.0,73.0,135.0,Southpaw,1992-04-08,http://ufcstats.com/fighter-details/8b1ed83b02303075
Chad Laprise,70.0,71.0,170.0,Orthodox,1986-07-23,http://ufcstats.com/fighter-details/c03a5022f8439f2a
Anthony Lapsley,69.0,,170.0,Southpaw,1980-02-13,http://ufcstats.com/fighter-details/f3a853544e4413c4
TJ Laramie,66.0,66.0,145.0,Orthodox,1997-10-15,http://ufcstats.com/fighter-details/cd2e5a390821fb48
Icho Larenas,75.0,,235.0,Orthodox,1980-03-12,http://ufcstats.com/fighter-details/49efbdc6c9f650c4
Lorenz Larkin,71.0,72.0,170.0,Orthodox,1986-09-03,http://ufcstats.com/fighter-details/9450848a71d53776
Jeremy Larsen,70.0,70.0,145.0,Orthodox,1984-05-18,http://ufcstats.com/fighter-details/c3bd649a9194e50c
Brock Larson,71.0,71.0,170.0,Southpaw,1977-08-23,http://ufcstats.com/fighter-details/5eedbf1e9601be35
Ryan Larson,,,170.0,,1980-12-30,http://ufcstats.com/fighter-details/7107e53ebd7435fb
Bobby Lashley,75.0,78.0,255.0,Orthodox,1976-07-16,http://ufcstats.com/fighter-details/b0826525fa17231d
Ilir Latifi,70.0,73.0,230.0,Orthodox,1982-07-28,http://ufcstats.com/fighter-details/e9a3aeb207578eea
Sione Latu,72.0,,215.0,,,http://ufcstats.com/fighter-details/5898357a45a73674
Phillip Latu,75.0,76.0,205.0,Orthodox,1991-02-17,http://ufcstats.com/fighter-details/09224b76d27007ee
Jenel Lausa,65.0,68.0,125.0,Orthodox,1988-08-01,http://ufcstats.com/fighter-details/ec664422b22d9787
Joe Lauzon,70.0,71.0,155.0,Orthodox,1984-05-22,http://ufcstats.com/fighter-details/3bad7ef643840f67
Dan Lauzon,70.0,,155.0,Orthodox,1988-03-30,http://ufcstats.com/fighter-details/4c8d6fde2dde07c4
Sandra Lavado,67.0,66.0,115.0,Orthodox,1994-05-03,http://ufcstats.com/fighter-details/aa6da8cb3a26da04
Chatt Lavender,68.0,,170.0,,1976-05-24,http://ufcstats.com/fighter-details/5449dcccd972ff83
Cody Law,,,145.0,,1995-03-24,http://ufcstats.com/fighter-details/e3162dbdbfd78287
Muhammed Lawal,72.0,78.0,205.0,Southpaw,1981-01-11,http://ufcstats.com/fighter-details/a571770c4016736f
Robbie Lawler,71.0,74.0,170.0,Southpaw,1982-03-20,http://ufcstats.com/fighter-details/f2925e6db404bf1d
Tom Lawlor,72.0,74.0,205.0,Southpaw,1983-05-15,http://ufcstats.com/fighter-details/4d44f37107f01b9b
Justin Lawrence,68.0,67.0,145.0,Orthodox,1990-05-15,http://ufcstats.com/fighter-details/879f6cae48d25baa
Lance Lawrence,73.0,74.0,145.0,Orthodox,1993-06-26,http://ufcstats.com/fighter-details/ce039df1994b18f0
Ronnie Lawrence,68.0,68.0,135.0,Switch,1992-06-13,http://ufcstats.com/fighter-details/e7e01e266a9d4342
Eric Lawson,72.0,,185.0,Orthodox,,http://ufcstats.com/fighter-details/38e5d9dcb0fddc42
Jimmy Lawson,72.0,77.0,265.0,Orthodox,1991-11-13,http://ufcstats.com/fighter-details/e43eefb10d440cb0
Valmir Lazaro,72.0,73.0,155.0,Orthodox,1985-08-15,http://ufcstats.com/fighter-details/777dea713da2441d
Zviad Lazishvili,66.0,69.0,135.0,Orthodox,1991-10-25,http://ufcstats.com/fighter-details/41498c2d1a87b154
Mounir Lazzez,73.0,76.0,170.0,Orthodox,1987-11-16,http://ufcstats.com/fighter-details/49ee5024966efc0d
Cung Le,69.0,70.0,185.0,Southpaw,1972-05-25,http://ufcstats.com/fighter-details/d4f364dd076bb0e2
Thanh Le,69.0,74.0,145.0,Orthodox,1985-08-28,http://ufcstats.com/fighter-details/882b3f5a0774d575
Quang Le,67.0,70.0,135.0,Orthodox,1991-10-18,http://ufcstats.com/fighter-details/32feae6d9a1e5047
Carlos Leal,71.0,74.0,170.0,Orthodox,1994-05-04,http://ufcstats.com/fighter-details/28d421729451c8ca
Jordan Leavitt,69.0,71.0,155.0,Southpaw,1995-06-02,http://ufcstats.com/fighter-details/ac026518a9b4dc0f
Jerome LeBanner,75.0,,265.0,Southpaw,1972-12-26,http://ufcstats.com/fighter-details/2d0b10789feafddb
Chris Leben,71.0,73.0,185.0,Southpaw,1980-07-21,http://ufcstats.com/fighter-details/d43a048a880efdff
Jean-Paul Lebosnoyani,71.0,72.0,170.0,Switch,1999-01-27,http://ufcstats.com/fighter-details/a3dda21be645be93
Mickael Lebout,71.0,73.0,155.0,Orthodox,1987-08-16,http://ufcstats.com/fighter-details/c575ab451e3c5b1d
Stephen Ledbetter,69.0,,145.0,Orthodox,1982-06-30,http://ufcstats.com/fighter-details/56ec58954158966a
Justin Ledet,76.0,80.0,205.0,Orthodox,1988-09-28,http://ufcstats.com/fighter-details/ba1e6cb3d43f7430
James Lee,71.0,,205.0,Southpaw,1973-09-22,http://ufcstats.com/fighter-details/863d06a7ef8bc98c
David Lee,70.0,,155.0,Orthodox,,http://ufcstats.com/fighter-details/8caca5857ce0e30b
Jackie Lee,,,,,,http://ufcstats.com/fighter-details/4985113c0928aa62
Eun Soo Lee,73.0,,215.0,Orthodox,1982-03-07,http://ufcstats.com/fighter-details/39c568f8c579913e
Tae Hyun Lee,78.0,,295.0,Orthodox,1975-01-17,http://ufcstats.com/fighter-details/de99da2c0d18d34a
Tommy Lee,67.0,,145.0,Orthodox,1977-01-20,http://ufcstats.com/fighter-details/806975e1b4f47b27
Matt Lee,71.0,,155.0,Orthodox,,http://ufcstats.com/fighter-details/d9e3743bae8d703d
Imani Lee,,,,Orthodox,,http://ufcstats.com/fighter-details/0802be3516ef8f66
Vaughan Lee,66.0,66.0,125.0,Orthodox,1982-10-15,http://ufcstats.com/fighter-details/8bb6f4479685bbcc
Kevin Lee,69.0,77.0,170.0,Orthodox,1992-09-04,http://ufcstats.com/fighter-details/ee9ebceabfd16fa7
Rocky Lee,69.0,,145.0,Orthodox,1987-04-08,http://ufcstats.com/fighter-details/0d1c163b206e8c5f
Andrea Lee,66.0,69.0,125.0,Orthodox,1989-02-11,http://ufcstats.com/fighter-details/05fa626cb33d15b8
JeongYeong Lee,70.0,73.0,145.0,Orthodox,1995-11-13,http://ufcstats.com/fighter-details/d008d785f6347dc2
JungHyun Lee,65.0,65.0,125.0,Orthodox,2002-09-10,http://ufcstats.com/fighter-details/b6033505c245e28b
ChangHo Lee,68.0,69.0,135.0,Orthodox,1994-05-09,http://ufcstats.com/fighter-details/117a06469813e4ef
Macksom Lee,73.0,75.0,135.0,Orthodox,1999-01-06,http://ufcstats.com/fighter-details/9fd299c8356cbf0f
Ricky Legere Jr.,68.0,,170.0,,,http://ufcstats.com/fighter-details/5817df778cc27274
Sherron Leggett,68.0,,155.0,Southpaw,1978-10-27,http://ufcstats.com/fighter-details/4f670b7972fa0a2e
Cheyden Leialoha,68.0,73.0,135.0,Orthodox,1994-03-15,http://ufcstats.com/fighter-details/98cbbc06074c68a4
Claudia Leite,63.0,64.0,135.0,Orthodox,1996-11-04,http://ufcstats.com/fighter-details/90550a08f0b02b6f
Thales Leites,73.0,78.0,185.0,Orthodox,1981-09-06,http://ufcstats.com/fighter-details/cfb65863d5099327
Jovan Leka,,,265.0,,2002-03-15,http://ufcstats.com/fighter-details/182a73d5b4e57871
Stefan Leko,74.0,,215.0,Orthodox,1974-06-03,http://ufcstats.com/fighter-details/d56bb6dff2ae77eb
Gabe Lemley,68.0,,155.0,Orthodox,,http://ufcstats.com/fighter-details/fd4578cac86d75ca
Amanda Lemos,64.0,65.0,115.0,Southpaw,1987-05-22,http://ufcstats.com/fighter-details/3df5493bb279226f
Giacomo Lemos,75.0,75.0,247.0,Orthodox,1989-06-23,http://ufcstats.com/fighter-details/f37822d5b3e47517
Christophe Leninger,72.0,,200.0,Southpaw,,http://ufcstats.com/fighter-details/7269329bd87eb479
Jesse Lennox,69.0,72.0,170.0,Orthodox,1982-03-10,http://ufcstats.com/fighter-details/3ae10ac4df3df05c
Jean Francois Lenogue,72.0,,185.0,Orthodox,1972-11-29,http://ufcstats.com/fighter-details/e60201cfab7d656d
Nik Lentz,68.0,68.0,145.0,Orthodox,1984-08-13,http://ufcstats.com/fighter-details/6fb1ba67bef41b37
Alberta Cerra Leon,68.0,,238.0,,,http://ufcstats.com/fighter-details/6e02c318762f52f1
Victoria Leonardo,65.0,64.0,125.0,Orthodox,1990-02-16,http://ufcstats.com/fighter-details/9dedfdd91070ddd8
Anthony Leone,66.0,,135.0,Orthodox,1987-05-27,http://ufcstats.com/fighter-details/86b9b51a81e9c339
Chad Leonhardt,72.0,,170.0,,1980-02-19,http://ufcstats.com/fighter-details/657d0ed181f04215
Kimo Leopoldo,75.0,,235.0,Orthodox,1968-01-05,http://ufcstats.com/fighter-details/08ae5cd9aef7ddd3
Michael Lerma,,,,,,http://ufcstats.com/fighter-details/f1fd8ec1023c89b3
Lukasz Les,,,170.0,,1981-11-05,http://ufcstats.com/fighter-details/5a8e30ed38a5bc6f
Brock Lesnar,75.0,81.0,265.0,Orthodox,1977-07-12,http://ufcstats.com/fighter-details/513c6f1715e547a8
Frank Lester,71.0,,170.0,Orthodox,1984-06-10,http://ufcstats.com/fighter-details/edd8d5d8089a35f8
Valerie Letourneau,67.0,68.0,115.0,Orthodox,1983-04-29,http://ufcstats.com/fighter-details/46a2f24feb258ae0
Leah Letson,67.0,71.0,145.0,Southpaw,1992-08-21,http://ufcstats.com/fighter-details/8cb78f3a6c2a08f7
Justin Levens,71.0,,185.0,Orthodox,1980-04-18,http://ufcstats.com/fighter-details/8c3f3c43c8ceb778
Marcus LeVesseur,69.0,70.0,155.0,Southpaw,1982-07-17,http://ufcstats.com/fighter-details/182f2b78582de3d8
David Levicki,77.0,,275.0,,,http://ufcstats.com/fighter-details/49590e0508b2c19f
Kyle Levinton,,,,,,http://ufcstats.com/fighter-details/81ddc98fceb30086
Natan Levy,69.0,71.0,155.0,Southpaw,1991-09-30,http://ufcstats.com/fighter-details/a29db9cd4f9ccea5
John Lewis,72.0,,155.0,Southpaw,,http://ufcstats.com/fighter-details/4a01dc8376736ef5
Derrick Lewis,75.0,79.0,260.0,Orthodox,1985-02-07,http://ufcstats.com/fighter-details/d3df1add9d9a7efb
Bevon Lewis,75.0,79.0,185.0,Orthodox,1991-05-05,http://ufcstats.com/fighter-details/899923ff6ab13917
Brandon Lewis,64.0,70.0,135.0,Orthodox,1997-08-02,http://ufcstats.com/fighter-details/6623cb1c27025634
Malik Lewis,72.0,75.0,155.0,Orthodox,1996-03-04,http://ufcstats.com/fighter-details/f60dbe6e05489c4f
Chi Lewis-Parry,81.0,,243.0,,1983-08-10,http://ufcstats.com/fighter-details/a307a10414d0ad00
Li Jingliang,72.0,71.0,170.0,Orthodox,1988-03-20,http://ufcstats.com/fighter-details/e64b96c07d7ce999
Li Yunfeng,68.0,68.0,135.0,Orthodox,1999-03-08,http://ufcstats.com/fighter-details/4c7afd56ef1947ac
Liang Na,65.0,67.0,125.0,Orthodox,1996-07-27,http://ufcstats.com/fighter-details/ec0dcceace7d25a3
Jess Liaudin,69.0,72.0,170.0,Orthodox,,http://ufcstats.com/fighter-details/a8aba6fd8a463043
Chuck Liddell,74.0,76.0,205.0,Orthodox,1969-12-17,http://ufcstats.com/fighter-details/a390eb8a9b2df298
Rodrigo Lidio,71.0,73.0,155.0,Orthodox,1989-07-07,http://ufcstats.com/fighter-details/11b5a809c3120e27
Sam Liera,,,,,,http://ufcstats.com/fighter-details/421ccfc6ddb17958
Zach Light,68.0,,170.0,Orthodox,1974-02-06,http://ufcstats.com/fighter-details/5d7c18191b8aa432
Scott Lighty,74.0,,205.0,,1978-10-15,http://ufcstats.com/fighter-details/998c8890a8dde1eb
Chris Liguori,69.0,,185.0,Orthodox,,http://ufcstats.com/fighter-details/0e31bfd26cc8c503
Donnie Liles,69.0,,170.0,Orthodox,,http://ufcstats.com/fighter-details/a1bf037613180253
Jae Suk Lim,69.0,,170.0,Orthodox,1979-11-09,http://ufcstats.com/fighter-details/bbb15f301e4a490a
Hyun Gyu Lim,75.0,77.0,170.0,Orthodox,1985-01-16,http://ufcstats.com/fighter-details/203c957eac95dd87
Juliana Lima,65.0,65.0,115.0,Orthodox,1982-03-15,http://ufcstats.com/fighter-details/75a6a390fd5dca46
Dhiego Lima,74.0,75.0,170.0,Orthodox,1989-01-31,http://ufcstats.com/fighter-details/e9213f53ddeca978
Douglas Lima,73.0,,170.0,,1988-01-05,http://ufcstats.com/fighter-details/264111bf62662fbf
Mabelly Lima,62.0,,135.0,Orthodox,1994-01-25,http://ufcstats.com/fighter-details/6135fd9665fbb74e
Andre Lima,67.0,67.0,125.0,Orthodox,1999-02-04,http://ufcstats.com/fighter-details/b1f21ce050035d58
Felipe Lima,66.0,68.0,135.0,Orthodox,1998-05-07,http://ufcstats.com/fighter-details/9256f591b30c073e
Miguel Linares,,,,,,http://ufcstats.com/fighter-details/18c49685296c60e6
Emiliano Linares,68.0,72.0,145.0,Orthodox,1997-04-21,http://ufcstats.com/fighter-details/a4ef92274a45143d
Matt Lindland,72.0,74.0,185.0,Southpaw,1970-05-17,http://ufcstats.com/fighter-details/0e041d43a47d2e4b
Jake Lindsey,71.0,,155.0,Switch,1986-06-21,http://ufcstats.com/fighter-details/33e00249ef08d3a4
John Lineker,63.0,67.0,135.0,Orthodox,1990-06-12,http://ufcstats.com/fighter-details/c268b2cfebccf652
Austin Lingo,70.0,70.0,145.0,Orthodox,1994-07-10,http://ufcstats.com/fighter-details/305d73ede05e31ad
Lucio Linhares,74.0,,185.0,Orthodox,1973-12-08,http://ufcstats.com/fighter-details/a780d16cf7eed44d
Philipe Lins,74.0,78.0,205.0,Orthodox,1985-08-17,http://ufcstats.com/fighter-details/53c943c873cffe90
Tainara Lisboa,67.0,67.0,135.0,Orthodox,1991-03-02,http://ufcstats.com/fighter-details/2c5f5749569eef66
Dean Lister,73.0,75.0,185.0,Orthodox,1976-02-13,http://ufcstats.com/fighter-details/68c6cd5287b473a7
Wesley Little,76.0,,205.0,,,http://ufcstats.com/fighter-details/008c6e1a25751575
Adam Livingston,74.0,71.0,155.0,Orthodox,2001-08-15,http://ufcstats.com/fighter-details/515890922fe9ce96
James Llontop,72.0,73.0,155.0,Orthodox,1999-08-02,http://ufcstats.com/fighter-details/93b2b7caa457cbea
Abner Lloveras,71.0,,155.0,,1982-09-04,http://ufcstats.com/fighter-details/6448e57a9533b7e4
Brian Lo-A-Njoe,67.0,,155.0,Orthodox,,http://ufcstats.com/fighter-details/7abce81b72fbbd9b
John Lober,71.0,,199.0,Orthodox,1968-02-26,http://ufcstats.com/fighter-details/31652c9267606d54
Artem Lobov,69.0,65.0,145.0,Southpaw,1986-08-11,http://ufcstats.com/fighter-details/02f2a9702ba3d167
Dylan Lockard,69.0,72.0,145.0,Orthodox,1992-05-19,http://ufcstats.com/fighter-details/9caa254991a5a698
Ryan Loder,74.0,76.0,185.0,Southpaw,1991-06-05,http://ufcstats.com/fighter-details/d5bab53a1a603aac
Sean Loeffler,75.0,,185.0,Orthodox,1982-05-23,http://ufcstats.com/fighter-details/d3d1ff3f3dfa0931
Christian Lohsen,74.0,77.0,155.0,Southpaw,1995-01-24,http://ufcstats.com/fighter-details/4ab36d70d1b28b58
David Loiseau,72.0,76.0,185.0,Orthodox,1979-12-17,http://ufcstats.com/fighter-details/22e47b53e4ceb27c
Hector Lombard,69.0,71.0,185.0,Southpaw,1978-02-02,http://ufcstats.com/fighter-details/db1f2ed63b54b9a7
Michael Lombardo,72.0,72.0,170.0,Orthodox,1990-04-03,http://ufcstats.com/fighter-details/6d6b9a6cb063b60d
Rocky Long,,,145.0,,1978-02-18,http://ufcstats.com/fighter-details/10e04e5e81f391a0
Thomas Longacre,69.0,,145.0,Orthodox,,http://ufcstats.com/fighter-details/989be26791d0aad4
Loma Lookboonmee,61.0,61.0,115.0,Orthodox,1996-01-18,http://ufcstats.com/fighter-details/4e30e4250cb08b61
Ange Loosa,70.0,74.0,170.0,Orthodox,1993-03-18,http://ufcstats.com/fighter-details/1497e735d9f2560a
Lucas Lopes,74.0,,185.0,,1979-10-05,http://ufcstats.com/fighter-details/1f70dd67ad507990
Dileno Lopes,65.0,,135.0,,1984-09-26,http://ufcstats.com/fighter-details/8270c00fae24c922
Diego Lopes,71.0,72.0,145.0,Orthodox,1994-12-30,http://ufcstats.com/fighter-details/f166e93d04a8c274
Bruno Lopes,74.0,74.0,205.0,Orthodox,1993-04-24,http://ufcstats.com/fighter-details/0abcf6bc47191219
Arthur Lopes,74.0,77.0,234.0,Southpaw,1993-02-17,http://ufcstats.com/fighter-details/2aa481e98185e261
Ivan Lopez,66.0,,135.0,Southpaw,,http://ufcstats.com/fighter-details/0db9d2486d564a3c
Steve Lopez,71.0,,155.0,Orthodox,1984-07-30,http://ufcstats.com/fighter-details/6085ceb59087514b
Federico Lopez,64.0,,139.0,Orthodox,,http://ufcstats.com/fighter-details/9681e0ce67dc978b
Jorge Lopez,70.0,,170.0,Orthodox,1988-11-21,http://ufcstats.com/fighter-details/ee624ee2a18f2a43
Christopher Lopez,70.0,,170.0,,1986-01-30,http://ufcstats.com/fighter-details/5148a665aa527865
Matthew Lopez,67.0,69.0,135.0,Southpaw,1987-01-21,http://ufcstats.com/fighter-details/2fc7e9701642ca38
Benito Lopez,70.0,73.0,135.0,Switch,1994-04-06,http://ufcstats.com/fighter-details/773f7feacf96153e
Gustavo Lopez,65.0,67.0,135.0,Orthodox,1989-06-27,http://ufcstats.com/fighter-details/93b62c5f2ba18e51
Alik Lorenz,74.0,77.0,205.0,Orthodox,1997-01-25,http://ufcstats.com/fighter-details/92b5f4ee9ff40321
Brendan Loughnane,70.0,70.0,145.0,Switch,1989-12-05,http://ufcstats.com/fighter-details/b788862dd1c11eac
Nate Loughran,74.0,,185.0,Orthodox,1980-07-28,http://ufcstats.com/fighter-details/cbf94e4c4af4ff6d
Caolan Loughran,66.0,68.0,135.0,Orthodox,1996-05-18,http://ufcstats.com/fighter-details/42ac4020cba261ad
Rashard Lovelace,,,155.0,,,http://ufcstats.com/fighter-details/e601d71cf8e5be22
Ian Loveland,68.0,,145.0,Orthodox,1983-09-07,http://ufcstats.com/fighter-details/eea0274e153256a0
Jakob Lovstad,75.0,,205.0,Orthodox,,http://ufcstats.com/fighter-details/ad044be25c94dcfd
Waylon Lowe,67.0,,145.0,Southpaw,1980-10-31,http://ufcstats.com/fighter-details/28f62d866c59c709
Brandon Lowe,,,155.0,,,http://ufcstats.com/fighter-details/78ac94d54aa7f378
Joe Lowry,71.0,73.0,155.0,Orthodox,1989-12-12,http://ufcstats.com/fighter-details/86248c84834238e7
Lu Kai,69.0,69.0,145.0,Orthodox,1994-03-01,http://ufcstats.com/fighter-details/a2d23e684b3db732
Lu Zhengyong,,,125.0,,,http://ufcstats.com/fighter-details/dc1bfd47c3b21ad3
Robert Lucarelli,74.0,,245.0,,,http://ufcstats.com/fighter-details/96087e90d900f0ef
Matt Lucas,73.0,,205.0,,,http://ufcstats.com/fighter-details/668222c99c5c311d
Cleber Luciano,66.0,,155.0,,,http://ufcstats.com/fighter-details/9bdebbf2735d14c2
Stephanie Luciano,66.0,65.0,115.0,Orthodox,1999-12-16,http://ufcstats.com/fighter-details/1b35af4d1529adf6
Iasmin Lucindo,63.0,66.0,115.0,Orthodox,2002-01-08,http://ufcstats.com/fighter-details/abcf2cc6efc42031
Duane Ludwig,70.0,70.0,170.0,Orthodox,1978-08-04,http://ufcstats.com/fighter-details/84ac950d4c1722dd
Lawrence Lui,67.0,72.0,135.0,Orthodox,1996-08-04,http://ufcstats.com/fighter-details/a1ad35b98a9136e5
Mike Lullo,68.0,,145.0,Orthodox,1979-07-24,http://ufcstats.com/fighter-details/e26882820f9e8df5
Juan Andres Luna,67.0,72.0,125.0,Orthodox,1995-08-20,http://ufcstats.com/fighter-details/1fd9f744105024a8
Paula Luna,62.0,62.0,125.0,Orthodox,1999-07-05,http://ufcstats.com/fighter-details/5b1effb0db45273a
Juan Adrian Luna,,,135.0,,1995-08-20,http://ufcstats.com/fighter-details/e3b30b573e7f0d19
Santiago Luna,69.0,74.0,135.0,Orthodox,2004-08-06,http://ufcstats.com/fighter-details/faf317c665546a36
Dalcha Lungiambula,68.0,76.0,185.0,Orthodox,1987-07-31,http://ufcstats.com/fighter-details/ce632027bf2a871b
Alexandru Lungu,72.0,,385.0,Orthodox,1974-09-03,http://ufcstats.com/fighter-details/4887e5bc4dbb73ff
Vicente Luque,71.0,75.0,170.0,Orthodox,1991-11-27,http://ufcstats.com/fighter-details/6d4b63c767106d3a
Thaddeus Luster,75.0,,210.0,,,http://ufcstats.com/fighter-details/505934897b8b4824
Travis Lutter,71.0,75.0,185.0,Orthodox,1973-05-12,http://ufcstats.com/fighter-details/622f015c81a9b13a
Joilton Lutterbach,73.0,75.0,185.0,Orthodox,1992-11-05,http://ufcstats.com/fighter-details/12630a4aa0894da8
Tucker Lutz,68.0,72.0,145.0,Orthodox,1994-07-12,http://ufcstats.com/fighter-details/7832f2f62f04178f
Lv Zhenhong,68.0,67.0,145.0,Switch,1993-06-25,http://ufcstats.com/fighter-details/5a4913108a3b9190
Stevie Lynch,70.0,,170.0,Orthodox,,http://ufcstats.com/fighter-details/710d93f1508f7104
Adam Lynn,70.0,,155.0,Orthodox,,http://ufcstats.com/fighter-details/edfe95e3c33a4bf8
Chris Lytle,71.0,68.0,170.0,Orthodox,1974-08-18,http://ufcstats.com/fighter-details/91acd6910b802a9e
Dong Hyun Ma,71.0,70.0,155.0,Orthodox,1988-09-09,http://ufcstats.com/fighter-details/98a6b2361045898f
Pawan Maan,67.0,70.0,155.0,Orthodox,1986-04-06,http://ufcstats.com/fighter-details/450bacdacd706bcd
William Macario,71.0,75.0,170.0,Orthodox,1991-07-01,http://ufcstats.com/fighter-details/ed74afc8b5b47a61
Jason MacDonald,75.0,80.0,185.0,Orthodox,1975-06-03,http://ufcstats.com/fighter-details/2be6596a9db33bf5
Rob MacDonald,75.0,78.0,205.0,Orthodox,1978-09-05,http://ufcstats.com/fighter-details/f3388d2cf7ab3f64
Rory MacDonald,72.0,76.0,170.0,Orthodox,1989-07-22,http://ufcstats.com/fighter-details/cbd5d3cdd862e90e
Ryan MacDonald,71.0,71.0,135.0,Switch,1993-03-18,http://ufcstats.com/fighter-details/35e1f9984ed64206
Clayton MacFarlane,,,170.0,,,http://ufcstats.com/fighter-details/39831e62d12e7ad1
Ilima Macfarlane,64.0,,125.0,,,http://ufcstats.com/fighter-details/8cf90e41646491fd
Valesca Machado,64.0,63.0,115.0,Orthodox,1996-05-06,http://ufcstats.com/fighter-details/a1a91dbf41a029c4
Caio Machado,76.0,78.0,250.0,Southpaw,1994-07-20,http://ufcstats.com/fighter-details/89839250eb25c9c1
Ian Machado Garry,75.0,74.0,170.0,Orthodox,1997-11-17,http://ufcstats.com/fighter-details/442c9011034ae1fd
Lyoto Machida,73.0,74.0,185.0,Southpaw,1978-05-30,http://ufcstats.com/fighter-details/f7a7f7118d4b01b6
War Machine,71.0,,170.0,Orthodox,1981-11-30,http://ufcstats.com/fighter-details/cd7bafbeee1f29a0
Anthony Macias,69.0,,185.0,Switch,,http://ufcstats.com/fighter-details/dedc3bb440d09554
Pauline Macias,64.0,64.0,115.0,Southpaw,1988-06-27,http://ufcstats.com/fighter-details/e88b83dea18f5d31
Reza Madadi,71.0,73.0,155.0,Orthodox,1978-06-20,http://ufcstats.com/fighter-details/e25bcbcdaf6537a1
Don Madge,72.0,72.0,155.0,Southpaw,1990-11-12,http://ufcstats.com/fighter-details/68c7ad953455c73f
Ryan Madigan,72.0,,170.0,Orthodox,,http://ufcstats.com/fighter-details/a8d521d913df4e31
Victor Madrigal,67.0,71.0,135.0,Orthodox,1990-08-16,http://ufcstats.com/fighter-details/cc63a5f0089d8ba9
Jon Madsen,72.0,72.0,240.0,Orthodox,1980-02-12,http://ufcstats.com/fighter-details/7691a80e6ca3e55b
Mark Madsen,68.0,72.0,155.0,Orthodox,1984-09-23,http://ufcstats.com/fighter-details/da0995f19b749cfa
Yoshiro Maeda,67.0,68.0,139.0,Southpaw,1981-10-31,http://ufcstats.com/fighter-details/a4bf17bd3ba3423b
Leonardo Mafra,70.0,70.0,155.0,Orthodox,1989-04-25,http://ufcstats.com/fighter-details/8bbc0cfc01bc1ba1
Vinny Magalhaes,75.0,75.0,205.0,Orthodox,1984-07-02,http://ufcstats.com/fighter-details/88a9bc81271ccd89
Vinicius Magalhaes,,,145.0,,1971-07-30,http://ufcstats.com/fighter-details/1b583c64c23f0c7f
Caio Magalhaes,73.0,73.0,185.0,Orthodox,1987-12-14,http://ufcstats.com/fighter-details/0c5c66ddd1886b83
Bernardo Magalhaes,69.0,,155.0,Orthodox,1981-04-08,http://ufcstats.com/fighter-details/7a613f78dd7ee8f8
Eric Magana,,,,,,http://ufcstats.com/fighter-details/8db1b36dde268ef6
Brandon Magana,,,170.0,Orthodox,,http://ufcstats.com/fighter-details/2015c944226ad2df
Angela Magana,61.0,65.0,115.0,Orthodox,1983-08-02,http://ufcstats.com/fighter-details/bd878a638e0e3be3
Neil Magny,75.0,80.0,170.0,Orthodox,1987-08-03,http://ufcstats.com/fighter-details/84b3e7d38f2d2ec5
Raimond Magomedaliev,73.0,75.0,170.0,Orthodox,1990-06-10,http://ufcstats.com/fighter-details/d16373b3568678d4
Ibragim Magomedov,72.0,,250.0,Orthodox,,http://ufcstats.com/fighter-details/e7e970d508529bf3
Rashid Magomedov,69.0,70.0,155.0,Orthodox,1984-11-29,http://ufcstats.com/fighter-details/7ea1f74cef32f906
Ruslan Magomedov,75.0,78.0,242.0,Orthodox,1986-11-26,http://ufcstats.com/fighter-details/369e1ce458ef50a6
Abus Magomedov,74.0,78.0,185.0,Orthodox,1990-09-02,http://ufcstats.com/fighter-details/36b8f265bcd1b7a4
Shara Magomedov,74.0,73.0,185.0,Orthodox,1994-05-16,http://ufcstats.com/fighter-details/06734ca9d88dec3a
Murtazali Magomedov,69.0,70.0,145.0,Orthodox,1999-08-26,http://ufcstats.com/fighter-details/d436f5d55156a521
Zabit Magomedsharipov,73.0,73.0,145.0,Orthodox,1991-03-01,http://ufcstats.com/fighter-details/87aa9fb63d6b51a1
John Maguire,69.0,69.0,155.0,Southpaw,1983-05-19,http://ufcstats.com/fighter-details/1a7745388839e52b
Lolohea Mahe,,,,,,http://ufcstats.com/fighter-details/fb0b6593cec84356
Michelle Maher,,,145.0,,,http://ufcstats.com/fighter-details/118463dd8db16e7f
Maheshate,72.0,71.0,155.0,Orthodox,1999-12-01,http://ufcstats.com/fighter-details/8c1ca54b5089d199
Bill Mahood,75.0,,200.0,Orthodox,1967-02-01,http://ufcstats.com/fighter-details/ae58685caf8e4a0d
Klayton Mai,69.0,,125.0,,1986-11-30,http://ufcstats.com/fighter-details/7a9c1bb08a743d7f
Demian Maia,73.0,72.0,170.0,Southpaw,1977-11-06,http://ufcstats.com/fighter-details/427b5953ac8e3a27
Jennifer Maia,64.0,64.0,125.0,Orthodox,1988-10-06,http://ufcstats.com/fighter-details/8e1f36476ef02a6a
Nayara Maia,65.0,66.0,125.0,Orthodox,1990-07-25,http://ufcstats.com/fighter-details/03b1b79b34eaf217
Roshan Mainam,,,135.0,,,http://ufcstats.com/fighter-details/b301292b1bc92bdb
Levan Makashvili,68.0,68.0,145.0,Orthodox,1989-01-07,http://ufcstats.com/fighter-details/938ad489fb7a1f31
John Makdessi,68.0,68.0,155.0,Orthodox,1985-05-03,http://ufcstats.com/fighter-details/c21a036b4e012f1c
Islam Makhachev,70.0,70.0,170.0,Southpaw,1991-10-27,http://ufcstats.com/fighter-details/275aca31f61ba28c
Aliev Makhmud,66.0,,195.0,Southpaw,1970-02-13,http://ufcstats.com/fighter-details/3d481aa374c954a1
Zach Makovsky,64.0,64.0,125.0,Southpaw,1983-04-19,http://ufcstats.com/fighter-details/57ab4d7c0bc09a30
Azat Maksum,67.0,70.0,125.0,Southpaw,1995-02-02,http://ufcstats.com/fighter-details/7f1bf0c255ec8756
Jeremy Malaterre,71.0,,155.0,,,http://ufcstats.com/fighter-details/110404b505fb562c
Fabio Maldonado,73.0,75.0,205.0,Orthodox,1980-03-17,http://ufcstats.com/fighter-details/1fb80f46d3c105d9
Marvin Maldonado,66.0,,135.0,,,http://ufcstats.com/fighter-details/e5ce754b01f922be
Bea Malecki,69.0,74.0,135.0,Orthodox,1991-08-23,http://ufcstats.com/fighter-details/b60c980f79b87ce8
Nazareno Malegarie,68.0,,155.0,,1986-05-16,http://ufcstats.com/fighter-details/d38e8c6ae2dfc051
Carl Malenko,71.0,,200.0,Orthodox,,http://ufcstats.com/fighter-details/a314687f372b2cec
Jacob Malkoun,69.0,73.0,185.0,Orthodox,1995-08-26,http://ufcstats.com/fighter-details/d4270315cbcf2569
Mike Malott,73.0,73.0,170.0,Orthodox,1991-11-07,http://ufcstats.com/fighter-details/dd6103dd7127db1d
Regina Malpica Rivera,,,135.0,,2004-10-19,http://ufcstats.com/fighter-details/9f5609dba6584ab2
Dan Manasoiu,,,,,,http://ufcstats.com/fighter-details/eefc73b53d4a05d7
Troy Mandaloniz,69.0,,170.0,Orthodox,1980-02-01,http://ufcstats.com/fighter-details/725a834930c2b5bf
Nate Maness,70.0,72.0,125.0,Orthodox,1991-06-27,http://ufcstats.com/fighter-details/6e9f40c706f91f32
Michael Mangan,,,155.0,,,http://ufcstats.com/fighter-details/9297ce6eee046f7a
Gary Mangat,67.0,,135.0,,,http://ufcstats.com/fighter-details/1c0ffc63d8ec8f45
George Mangos,70.0,70.0,145.0,Switch,2003-08-19,http://ufcstats.com/fighter-details/122ae3b34275fbb2
Melvin Manhoef,69.0,,185.0,Orthodox,1976-05-11,http://ufcstats.com/fighter-details/e5767ed355a937c2
Melchor Manibusan,65.0,,154.0,Southpaw,1976-12-27,http://ufcstats.com/fighter-details/b6c6d1731ff00eeb
Jon Manley,73.0,,170.0,Orthodox,1986-07-07,http://ufcstats.com/fighter-details/a0602dd050bebefc
Steve Mann,73.0,,170.0,,,http://ufcstats.com/fighter-details/0eef1bf99afd4ff2
Marnic Mann,60.0,64.0,115.0,Southpaw,1993-03-05,http://ufcstats.com/fighter-details/b6203e0492a9336c
Dylan Mantello,73.0,73.0,155.0,Orthodox,1992-11-19,http://ufcstats.com/fighter-details/e192ebb85b68fa9e
Chris Manuel,69.0,,135.0,Orthodox,1987-07-21,http://ufcstats.com/fighter-details/a23e63184c65f5b8
Jimi Manuwa,73.0,79.0,205.0,Orthodox,1980-02-18,http://ufcstats.com/fighter-details/1e1dbd1cc5a7469e
Dom Mar Fan,71.0,75.0,155.0,Orthodox,2000-03-19,http://ufcstats.com/fighter-details/530af2900b5a1693
Cristiano Marcello,69.0,72.0,155.0,Orthodox,1977-12-03,http://ufcstats.com/fighter-details/ff4c3ab594c7fac3
Daniel Marcos,67.0,69.0,135.0,Orthodox,1993-03-07,http://ufcstats.com/fighter-details/850266b3dc4e506e
Jose Maria,65.0,,125.0,Orthodox,1982-01-04,http://ufcstats.com/fighter-details/b35ba64b6a2bbcb3
Marcos Mariano,73.0,76.0,155.0,Switch,1986-10-12,http://ufcstats.com/fighter-details/72e5e5a6edfa8223
Enrique Marin,70.0,,170.0,,1986-09-02,http://ufcstats.com/fighter-details/23a6e307077c6ccc
Chepe Mariscal,67.0,69.0,145.0,Orthodox,1992-10-27,http://ufcstats.com/fighter-details/e0c6edcb5b5d0b90
Ronny Markes,73.0,75.0,185.0,Orthodox,1988-04-21,http://ufcstats.com/fighter-details/bd21a1e3d41c97ee
Rory Markham,72.0,71.0,170.0,Orthodox,1982-03-25,http://ufcstats.com/fighter-details/23a16ebe733e3041
Randa Markos,64.0,63.0,115.0,Orthodox,1985-08-10,http://ufcstats.com/fighter-details/4a57ebb14315b251
Christina Marks,67.0,69.0,125.0,Orthodox,1985-11-08,http://ufcstats.com/fighter-details/c7be22a47a58365a
Brendon Marotte,69.0,70.0,145.0,Orthodox,1996-01-12,http://ufcstats.com/fighter-details/d7fe8c6b7d2872e5
Nate Marquardt,72.0,74.0,185.0,Orthodox,1979-04-20,http://ufcstats.com/fighter-details/a8e6a69796280f17
Danilo Marques,78.0,77.0,205.0,Orthodox,1985-12-26,http://ufcstats.com/fighter-details/687c15b2eddfaa63
Julian Marquez,74.0,72.0,185.0,Orthodox,1990-05-08,http://ufcstats.com/fighter-details/d0e1b42d41dab603
Carmelo Marrero,72.0,73.0,205.0,Orthodox,1981-01-26,http://ufcstats.com/fighter-details/aa03a3ca00ac6827
Cesar Marscucci,,,,,,http://ufcstats.com/fighter-details/e8efeb9cf33b1941
John Marsh,72.0,,265.0,Orthodox,1970-09-15,http://ufcstats.com/fighter-details/b6b12014698cc345
CJ Marsh,,,,,,http://ufcstats.com/fighter-details/4c91eb190d5e0dd9
Eliot Marshall,74.0,77.0,205.0,Orthodox,1980-07-07,http://ufcstats.com/fighter-details/a08d909a5be6f410
Doug Marshall,70.0,,205.0,Orthodox,1975-09-09,http://ufcstats.com/fighter-details/0c1773639c795466
David Marshall,74.0,,170.0,,1984-08-24,http://ufcstats.com/fighter-details/0a2813f89a758ff7
Francis Marshall,69.0,72.0,145.0,Orthodox,1999-03-03,http://ufcstats.com/fighter-details/5d495dec23d7c68e
Jack Marshman,72.0,73.0,185.0,Orthodox,1989-12-19,http://ufcstats.com/fighter-details/045f25b3a4c08e81
Terry Martin,68.0,71.0,185.0,Orthodox,1980-10-10,http://ufcstats.com/fighter-details/6a92caba39b64752
Eric Martin,,,,,,http://ufcstats.com/fighter-details/abbc4fc02e0d84b3
Justin Martin,72.0,,185.0,,,http://ufcstats.com/fighter-details/3da19339ee7051d5
Dave Martin,72.0,,205.0,,,http://ufcstats.com/fighter-details/92c96df8bdab5fea
Joe Martin,69.0,,170.0,,,http://ufcstats.com/fighter-details/325550dab63fb25a
Anthony Rocco Martin,72.0,73.0,170.0,Orthodox,1989-12-11,http://ufcstats.com/fighter-details/5331b25a60417ffb
Mallory Martin,64.0,63.0,115.0,Orthodox,1994-01-29,http://ufcstats.com/fighter-details/19b7738321cfae42
Michal Martinek,74.0,,230.0,Southpaw,1990-04-19,http://ufcstats.com/fighter-details/9acf42aebe9bb895
Rainy Martinez,72.0,,199.0,Orthodox,,http://ufcstats.com/fighter-details/577ec7e108b94be3
Danny Martinez,66.0,67.0,125.0,Orthodox,1985-06-14,http://ufcstats.com/fighter-details/8a9c6c4301f6d088
Alonzo Martinez,70.0,,155.0,,1984-04-22,http://ufcstats.com/fighter-details/feffee4fc6da3aa3
Henry Martinez,67.0,69.0,155.0,Southpaw,1983-08-07,http://ufcstats.com/fighter-details/76729a829623e266
Jonathan Martinez,68.0,70.0,135.0,Southpaw,1994-04-20,http://ufcstats.com/fighter-details/f2477cf43c4975cc
Poppies Martinez,69.0,,145.0,,1983-08-19,http://ufcstats.com/fighter-details/8851bb0418d27d28
Andrew Martinez,69.0,,215.0,,,http://ufcstats.com/fighter-details/f8c2aba4815876b5
Mana Martinez,70.0,70.0,135.0,Orthodox,1996-03-25,http://ufcstats.com/fighter-details/c0386644627a7ee5
Victor Martinez,68.0,70.0,155.0,Orthodox,1991-07-17,http://ufcstats.com/fighter-details/3e708ce33b6b18e6
Roque Martinez,70.0,72.0,250.0,Orthodox,1986-03-04,http://ufcstats.com/fighter-details/2c5a0b8317f8f27a
Melissa Martinez,62.0,66.0,115.0,Southpaw,1997-08-18,http://ufcstats.com/fighter-details/3f4c3bc822bea45d
Julieta Martinez,61.0,62.0,115.0,Orthodox,2004-09-14,http://ufcstats.com/fighter-details/f77afa72da84c9a8
David Martinez,65.0,67.0,135.0,Orthodox,1998-08-03,http://ufcstats.com/fighter-details/9a97acbfd5a08bfa
Wagner da Conceicao Martins,79.0,,390.0,Orthodox,1978-05-19,http://ufcstats.com/fighter-details/563d051c9e769b24
Adriano Martins,70.0,72.0,155.0,Southpaw,1982-12-16,http://ufcstats.com/fighter-details/7dcf06c1967801c1
Lucas Martins,72.0,72.0,145.0,Southpaw,1988-11-11,http://ufcstats.com/fighter-details/7413b80dbb0f8f9f
Max Martyniouk,,,155.0,,,http://ufcstats.com/fighter-details/69d3fa376ff2595e
Bristol Marunde,73.0,75.0,170.0,Orthodox,1982-04-20,http://ufcstats.com/fighter-details/a17322f99ddfd8e9
Shoji Maruyama,67.0,,139.0,Orthodox,1983-04-24,http://ufcstats.com/fighter-details/c046100aea0dba9a
Kazuma Maruyama,71.0,72.0,155.0,Orthodox,1992-07-19,http://ufcstats.com/fighter-details/aa1a873d05acc7eb
Islem Masraf,72.0,74.0,205.0,Southpaw,1996-06-07,http://ufcstats.com/fighter-details/6dedfe07640a9acc
Mike Massenzio,74.0,73.0,185.0,Southpaw,1982-11-01,http://ufcstats.com/fighter-details/5b2d7906aa894274
Jameel Massouh,70.0,72.0,145.0,Orthodox,1984-09-12,http://ufcstats.com/fighter-details/883922e5cd6d8473
Tiffany Masters,63.0,65.0,115.0,Orthodox,1994-07-31,http://ufcstats.com/fighter-details/ca743f96dd2063d5
Jorge Masvidal,71.0,74.0,170.0,Orthodox,1984-11-12,http://ufcstats.com/fighter-details/47b9e0e7703a4868
Al Matavao,68.0,67.0,205.0,Orthodox,1994-02-23,http://ufcstats.com/fighter-details/eec3fe66a8b11a26
Tateki Matsuda,67.0,,125.0,Orthodox,1986-02-27,http://ufcstats.com/fighter-details/3a524c6700addc24
Arisa Matsuda,63.0,64.0,115.0,Orthodox,1994-12-15,http://ufcstats.com/fighter-details/4c33b3d37955aa85
Daijiro Matsui,69.0,,200.0,Orthodox,1972-12-05,http://ufcstats.com/fighter-details/cd42bbe8887bba90
Toki Matsui,66.0,65.0,125.0,Orthodox,1999-09-08,http://ufcstats.com/fighter-details/56cc76c55cee8410
Koichiro Matsumoto,67.0,,145.0,,1986-03-07,http://ufcstats.com/fighter-details/2fb6f197d1fbc779
Jean Matsumoto,66.0,68.0,135.0,Orthodox,1999-09-09,http://ufcstats.com/fighter-details/ffd3224638c01b57
Koyomi Matsushima,67.0,66.0,145.0,Orthodox,1992-10-08,http://ufcstats.com/fighter-details/5ad226da6c74a48e
Naoki Matsushita,66.0,,155.0,Orthodox,,http://ufcstats.com/fighter-details/990060b2a68a7b82
AJ Matthews,71.0,,185.0,,,http://ufcstats.com/fighter-details/18e4f61f16f458c6
Jake Matthews,71.0,73.0,170.0,Orthodox,1994-08-19,http://ufcstats.com/fighter-details/a845f0735bc67405
Connor Matthews,68.0,71.0,145.0,Switch,1992-05-31,http://ufcstats.com/fighter-details/36e78278a77006d4
Claudio Mattos,,,185.0,Orthodox,,http://ufcstats.com/fighter-details/6e2b1d631832921d
John Matua,74.0,,400.0,Orthodox,,http://ufcstats.com/fighter-details/c933d423ebdbbbdb
Francesco Maturi,,,,,,http://ufcstats.com/fighter-details/d3b5ad3b15a64a18
Vladimir Matyushenko,72.0,74.0,205.0,Orthodox,1971-01-04,http://ufcstats.com/fighter-details/ccdd90bd1fc7dab6
Miranda Maverick,63.0,65.0,125.0,Southpaw,1997-07-01,http://ufcstats.com/fighter-details/f29a6350c69f4a33
Nick Maximov,72.0,76.0,185.0,Southpaw,1997-12-23,http://ufcstats.com/fighter-details/12585614e0ed2626
Elaina Maxwell,68.0,,145.0,Orthodox,1978-12-16,http://ufcstats.com/fighter-details/a16ce18149021139
Jeremy May,73.0,,185.0,,1986-10-23,http://ufcstats.com/fighter-details/c32fdfe75cda5b22
Jack May,80.0,,255.0,Switch,1981-04-14,http://ufcstats.com/fighter-details/2c6e81426dd7573c
Don'Tale Mayes,78.0,81.0,260.0,Orthodox,1992-01-16,http://ufcstats.com/fighter-details/1a9480fc288e55d7
Gray Maynard,69.0,70.0,155.0,Orthodox,1979-05-09,http://ufcstats.com/fighter-details/7d96bc577e5178b2
Brooke Mayo,67.0,,125.0,,,http://ufcstats.com/fighter-details/1b41c21d947d6f2f
Gina Mazany,66.0,68.0,125.0,Southpaw,1988-08-19,http://ufcstats.com/fighter-details/016a8d958883167c
Sabina Mazo,67.0,70.0,125.0,Orthodox,1997-03-25,http://ufcstats.com/fighter-details/70d2329a92864fdb
Francesco Mazzeo,75.0,75.0,205.0,Orthodox,1997-09-23,http://ufcstats.com/fighter-details/7b3c13fe33556a21
Scott McAfee,68.0,,155.0,Orthodox,1983-08-23,http://ufcstats.com/fighter-details/7e7d81bf162a5ec1
Bobby McAndrews,,,,Orthodox,,http://ufcstats.com/fighter-details/ef6f45095119d416
Michael McBride,73.0,,155.0,Orthodox,1986-03-09,http://ufcstats.com/fighter-details/443f60bec7c3c3d5
Ian McCall,65.0,64.0,125.0,Orthodox,1984-05-07,http://ufcstats.com/fighter-details/701e057d63c124d9
Molly McCann,64.0,62.0,115.0,Orthodox,1990-05-04,http://ufcstats.com/fighter-details/51018a31ddf31eb2
Charles McCarthy,70.0,71.0,185.0,Orthodox,1980-08-06,http://ufcstats.com/fighter-details/da97d6c97d09c030
Eric McConico,72.0,77.0,185.0,Southpaw,1990-05-09,http://ufcstats.com/fighter-details/9508cc6184cb2450
Sean McCorkle,79.0,81.0,265.0,Orthodox,1976-07-17,http://ufcstats.com/fighter-details/008dc37cca279def
Danni McCormack,64.0,62.0,125.0,Southpaw,1990-03-15,http://ufcstats.com/fighter-details/2a9f9db24cd032ba
Paddy McCorry,75.0,73.0,185.0,Switch,1997-12-09,http://ufcstats.com/fighter-details/b43620395f655046
Kris McCray,72.0,76.0,170.0,Orthodox,1981-09-24,http://ufcstats.com/fighter-details/baed16f18348908e
Tamdan McCrory,76.0,76.0,185.0,Switch,1986-11-05,http://ufcstats.com/fighter-details/eff47295daf721a6
Rob McCullough,69.0,69.0,155.0,Orthodox,1977-05-26,http://ufcstats.com/fighter-details/11e3fd7546359fc5
Justin McCully,73.0,73.0,225.0,Orthodox,1976-02-18,http://ufcstats.com/fighter-details/75f871836d41f90f
Robert McDaniel,75.0,75.0,185.0,Southpaw,1983-05-03,http://ufcstats.com/fighter-details/5cafbc97dba2e797
Michael McDonald,71.0,,205.0,Orthodox,1965-02-06,http://ufcstats.com/fighter-details/d52ef694108f8235
Scott McDonald,,,,,,http://ufcstats.com/fighter-details/08ae3100bf2100ed
Josh McDonald,,,185.0,,,http://ufcstats.com/fighter-details/b507a76087e3ed9f
Miles McDonald,67.0,,115.0,,1991-08-13,http://ufcstats.com/fighter-details/a3f8356ace5e3eb5
Justin McElfresh,78.0,,205.0,Orthodox,1980-01-04,http://ufcstats.com/fighter-details/49c29e57d4e2be6f
Drew McFedries,72.0,72.0,185.0,Southpaw,1978-07-27,http://ufcstats.com/fighter-details/1fd4fbdcc67de844
Liam McGeary,78.0,,205.0,,1982-10-04,http://ufcstats.com/fighter-details/e4e0993befecdaf8
Gan McGee,82.0,,265.0,Orthodox,1976-11-20,http://ufcstats.com/fighter-details/d90b630e0561818b
Court McGee,71.0,75.0,170.0,Orthodox,1984-12-12,http://ufcstats.com/fighter-details/523fa774700d7d3f
Marcus McGhee,68.0,69.0,135.0,Orthodox,1990-05-07,http://ufcstats.com/fighter-details/c0ac37a4a1133da9
Ryan McGillivray,71.0,,170.0,,1986-09-27,http://ufcstats.com/fighter-details/1f9c371c93dfd3a9
Ryan McGivern,72.0,,185.0,Orthodox,1980-01-17,http://ufcstats.com/fighter-details/856ec65948b7d234
Jack McGlaughlin,,,,Orthodox,,http://ufcstats.com/fighter-details/237187ed9f419285
Conor McGregor,69.0,74.0,155.0,Southpaw,1988-07-14,http://ufcstats.com/fighter-details/f4c49976c75c5ab2
Greg McIntyre,70.0,,155.0,Orthodox,1980-04-21,http://ufcstats.com/fighter-details/00a905a4a4a2b071
Antonio McKee,68.0,,155.0,Southpaw,1970-03-12,http://ufcstats.com/fighter-details/3414b50b08a10600
AJ McKee,70.0,,145.0,,,http://ufcstats.com/fighter-details/f3ec0214794a699e
Rhys McKee,74.0,78.0,170.0,Orthodox,1995-09-10,http://ufcstats.com/fighter-details/f748267c4ab6c127
Cory McKenna,63.0,58.0,115.0,Orthodox,1999-07-11,http://ufcstats.com/fighter-details/3351aa64aa83c4d9
Tim McKenzie,72.0,74.0,185.0,Orthodox,1982-07-21,http://ufcstats.com/fighter-details/9ca265dfe8323db3
Cody McKenzie,72.0,72.0,155.0,Switch,1987-12-16,http://ufcstats.com/fighter-details/7be63795363029e8
Terrance McKinney,70.0,73.0,155.0,Switch,1994-09-15,http://ufcstats.com/fighter-details/809bd1a871491508
Brian McLaughlin,69.0,,155.0,,1984-05-12,http://ufcstats.com/fighter-details/6488729da7ac1c79
Jason McLean,65.0,,145.0,,,http://ufcstats.com/fighter-details/8336d7a85ce45481
Garreth McLellan,73.0,72.0,185.0,Southpaw,1982-09-01,http://ufcstats.com/fighter-details/f215cfbd4ba3c270
Sara McMann,66.0,66.0,135.0,Orthodox,1980-09-24,http://ufcstats.com/fighter-details/7be74a12d7352df2
Tommy McMillen,72.0,74.0,145.0,Orthodox,1997-12-15,http://ufcstats.com/fighter-details/6b0a6def604de298
James McSweeney,76.0,77.0,230.0,Switch,1980-10-24,http://ufcstats.com/fighter-details/cac08b8685387ca5
Charles McTorry,,,,,,http://ufcstats.com/fighter-details/acd8a53f7c0ce85e
Jackson McVey,76.0,77.0,185.0,Southpaw,1999-03-25,http://ufcstats.com/fighter-details/3eeec2f53cebdf12
Daniel McWilliams,73.0,,185.0,,,http://ufcstats.com/fighter-details/7b03d9df5910917d
Tim Means,74.0,75.0,170.0,Orthodox,1984-02-20,http://ufcstats.com/fighter-details/4b47e71384a9522f
Yancy Medeiros,70.0,75.0,155.0,Orthodox,1987-09-07,http://ufcstats.com/fighter-details/813550bc53b15fb0
Anistavio Medeiros,66.0,,145.0,Orthodox,1988-05-01,http://ufcstats.com/fighter-details/2937cb502dda0808
Kaline Medeiros,63.0,,115.0,,,http://ufcstats.com/fighter-details/263af068bd986548
MarQuel Mederos,70.0,69.0,155.0,Orthodox,1996-11-30,http://ufcstats.com/fighter-details/e2be0c1a9b886d92
Uros Medic,73.0,71.0,170.0,Southpaw,1993-04-25,http://ufcstats.com/fighter-details/681399317dbf4701
Todd Medina,70.0,,193.0,Southpaw,,http://ufcstats.com/fighter-details/b60391da771deefe
Jason Medina,69.0,,180.0,,,http://ufcstats.com/fighter-details/f53fb9d9e57cc38e
Emil Meek,71.0,74.0,170.0,Switch,1988-08-20,http://ufcstats.com/fighter-details/103b06d8707895a9
Sanford Alton Meeks,77.0,75.0,265.0,Orthodox,1994-04-05,http://ufcstats.com/fighter-details/27c59ac201539d10
Gerald Meerschaert,73.0,77.0,185.0,Southpaw,1987-12-18,http://ufcstats.com/fighter-details/6ac9bc2953c47345
Frank Megallon,70.0,,185.0,Southpaw,,http://ufcstats.com/fighter-details/c0a93b52096b7682
Derrick Mehmen,76.0,,205.0,,1985-05-30,http://ufcstats.com/fighter-details/6c7dafd03b6cc3f8
Miika Mehmet,,,205.0,Orthodox,,http://ufcstats.com/fighter-details/41dca66f9dadfc86
Jordan Mein,72.0,73.0,170.0,Orthodox,1989-10-10,http://ufcstats.com/fighter-details/2aa49b3766a59bcd
Bryce Mejia,73.0,,170.0,,,http://ufcstats.com/fighter-details/6eae26c44e505775
Brian Melancon,68.0,,170.0,Orthodox,1982-05-28,http://ufcstats.com/fighter-details/eee7dafac7d672b5
Brandon Melendez,71.0,,155.0,Southpaw,1983-03-24,http://ufcstats.com/fighter-details/2b06b6ad5db63348
Gilbert Melendez,69.0,73.0,145.0,Orthodox,1982-04-12,http://ufcstats.com/fighter-details/aa5b4eff51bdc7d1
Nair Melikyan,66.0,,155.0,,1997-08-08,http://ufcstats.com/fighter-details/64b8561624d3b15e
Marcelo Mello,67.0,,170.0,Southpaw,,http://ufcstats.com/fighter-details/672ef06fd9f41f7d
Fabio Mello,65.0,,155.0,Southpaw,,http://ufcstats.com/fighter-details/8a028648f3f0761d
Vanessa Melo,65.0,65.0,135.0,Orthodox,1988-03-27,http://ufcstats.com/fighter-details/9b7dfb3b7d99926a
Antonio Mendes,75.0,77.0,205.0,Southpaw,1981-04-19,http://ufcstats.com/fighter-details/3795fca327cbcf23
Chad Mendes,66.0,66.0,145.0,Orthodox,1985-05-01,http://ufcstats.com/fighter-details/b5b684eac99ae0a3
Augusto Mendes,66.0,65.0,135.0,Orthodox,1983-03-03,http://ufcstats.com/fighter-details/3d5b1ce6097dbb49
Eddie Mendez,70.0,,185.0,,1984-01-16,http://ufcstats.com/fighter-details/49e49b54e5901d0d
Mateus Mendonca,66.0,71.0,125.0,Orthodox,1999-01-17,http://ufcstats.com/fighter-details/48812daf291a4e23
Luis Mendoza,,,155.0,,,http://ufcstats.com/fighter-details/28200bc87367614f
Pietro Menga,67.0,68.0,125.0,Southpaw,1988-02-15,http://ufcstats.com/fighter-details/869d68b5383131fd
Alonzo Menifield,72.0,76.0,205.0,Orthodox,1987-10-18,http://ufcstats.com/fighter-details/a495f599e787614f
Ivan Menjivar,66.0,64.0,145.0,Orthodox,1982-05-30,http://ufcstats.com/fighter-details/5755960ebd0b16f6
Dave Menne,70.0,,170.0,Orthodox,1974-07-29,http://ufcstats.com/fighter-details/275cafc9de131c83
Steve Mensing,71.0,,185.0,Orthodox,1977-12-06,http://ufcstats.com/fighter-details/3bc27ec15facbcf3
Buck Meredith,74.0,,185.0,,1982-05-17,http://ufcstats.com/fighter-details/36120738148f203f
Adam Meredith,74.0,,170.0,,,http://ufcstats.com/fighter-details/c1135a6892e916db
Nick Meregali,,,,,,http://ufcstats.com/fighter-details/2f6dc878d653c442
Joe Merritt,72.0,,170.0,Orthodox,1984-03-07,http://ufcstats.com/fighter-details/e82d5f54daa85a7e
Bia Mesquita,,,135.0,Orthodox,1991-04-07,http://ufcstats.com/fighter-details/eff9074bc066f0f2
Jeremiah Metcalf,73.0,,185.0,Orthodox,,http://ufcstats.com/fighter-details/5bdcbd8dd681a257
Jonathan Meunier,75.0,,170.0,Switch,1987-08-04,http://ufcstats.com/fighter-details/5823ceab56741617
Yaotzin Meza,69.0,71.0,145.0,Orthodox,1981-02-04,http://ufcstats.com/fighter-details/3623bd267a2eef2e
Guy Mezger,73.0,,200.0,Orthodox,1968-01-01,http://ufcstats.com/fighter-details/946f341df6472ee0
David Mgoyan,69.0,70.0,145.0,Orthodox,2004-06-25,http://ufcstats.com/fighter-details/8f003ef7e0d9a139
Jonathan Micallef,72.0,77.0,170.0,Southpaw,1999-03-05,http://ufcstats.com/fighter-details/f782f953bfe7b5f2
Brandon Michaels,69.0,,185.0,,,http://ufcstats.com/fighter-details/f5e4ce11afbdfb61
Andreas Michailidis,72.0,76.0,170.0,Orthodox,1988-07-18,http://ufcstats.com/fighter-details/79325a3c1a5c3bf4
David Michaud,69.0,,155.0,Orthodox,1988-11-10,http://ufcstats.com/fighter-details/49f4b511932f71e9
Chris Mickle,69.0,,145.0,Orthodox,1983-07-10,http://ufcstats.com/fighter-details/f903967fd320da38
Zachary Micklewright,72.0,74.0,155.0,Southpaw,1976-08-21,http://ufcstats.com/fighter-details/a36a14985a57a1c6
Kristof Midoux,73.0,,220.0,Orthodox,1974-07-30,http://ufcstats.com/fighter-details/5b5b9c6f6f270369
Keith Mielke,68.0,,185.0,,,http://ufcstats.com/fighter-details/f62850b3c7480db9
Chris Mierzwiak,73.0,,185.0,,1988-02-14,http://ufcstats.com/fighter-details/2b284840ca89876a
Gabriel Miglioli,68.0,,170.0,,,http://ufcstats.com/fighter-details/a6fa5dd90528e9f7
Bojan Mihajlovic,71.0,73.0,205.0,Orthodox,1980-03-30,http://ufcstats.com/fighter-details/d6285cba1d1052e0
Billy Miles,70.0,,170.0,Orthodox,1978-04-28,http://ufcstats.com/fighter-details/3c48019bc387b80c
Pat Miletich,70.0,,170.0,Orthodox,1968-03-09,http://ufcstats.com/fighter-details/cedfdf8d423d500c
Curtis Millender,74.0,76.0,170.0,Orthodox,1987-12-01,http://ufcstats.com/fighter-details/f1928a52590c5532
Phillip Miller,71.0,,185.0,Orthodox,1979-02-20,http://ufcstats.com/fighter-details/18aecaf50f52e4c3
Jason Miller,73.0,,185.0,Orthodox,1980-12-24,http://ufcstats.com/fighter-details/b2f88c04c4dd43ce
Dan Miller,73.0,74.0,185.0,Orthodox,1981-06-30,http://ufcstats.com/fighter-details/d0c29452d3272603
Jim Miller,68.0,71.0,155.0,Southpaw,1983-08-30,http://ufcstats.com/fighter-details/d1941565abf50b16
Cole Miller,73.0,73.0,145.0,Orthodox,1984-04-26,http://ufcstats.com/fighter-details/282fa667ff9c51ed
Henry Miller,67.0,,270.0,Southpaw,1969-07-16,http://ufcstats.com/fighter-details/45a2ba3ef82b9700
Micah Miller,72.0,,145.0,Orthodox,1987-02-14,http://ufcstats.com/fighter-details/3ff0d0dc7a14bb50
Aaron Miller,69.0,,145.0,,,http://ufcstats.com/fighter-details/a4d055f1435d6d75
Mo Miller,68.0,72.0,135.0,Orthodox,1992-08-10,http://ufcstats.com/fighter-details/39019970ac8543e9
Juliana Miller,67.0,66.0,125.0,Orthodox,1996-05-07,http://ufcstats.com/fighter-details/aa0c573da7119292
Ty Miller,74.0,77.0,170.0,Orthodox,2000-06-04,http://ufcstats.com/fighter-details/0859524157a19045
Trent Miller,69.0,72.0,185.0,Orthodox,1995-10-31,http://ufcstats.com/fighter-details/2b6a37a97541a4fd
Eddy Millis,73.0,,185.0,,,http://ufcstats.com/fighter-details/f2c934689243fe4e
Che Mills,73.0,76.0,170.0,Orthodox,1982-09-29,http://ufcstats.com/fighter-details/6cadfd8f1d9e7685
Adam Milstead,75.0,76.0,205.0,Orthodox,1987-07-03,http://ufcstats.com/fighter-details/72ffecf712673af1
Alberto Mina,72.0,77.0,170.0,Orthodox,1982-05-02,http://ufcstats.com/fighter-details/4b1d46a1b5c0fd11
Vitaly Minakov,74.0,,249.0,,1985-02-06,http://ufcstats.com/fighter-details/56c975c4a2b357a5
Mario Mingaj,,,185.0,,,http://ufcstats.com/fighter-details/1ccaeae54725d897
Darrick Minner,67.0,69.0,145.0,Orthodox,1990-04-28,http://ufcstats.com/fighter-details/34e516ab361afb1c
Mike Minniger,,,,,,http://ufcstats.com/fighter-details/c8aa3541bec4042e
Ikuhisa Minowa,69.0,,181.0,Orthodox,1976-01-12,http://ufcstats.com/fighter-details/ce6065baef021cf3
Carlton Minus,70.0,75.0,170.0,Orthodox,1993-04-26,http://ufcstats.com/fighter-details/40d8b74488743800
Stipe Miocic,76.0,80.0,240.0,Orthodox,1982-08-19,http://ufcstats.com/fighter-details/d28dee5c705991df
Frank Mir,75.0,79.0,264.0,Southpaw,1979-05-24,http://ufcstats.com/fighter-details/1ff9589f9065a9ed
Juan Miranda,,,155.0,,,http://ufcstats.com/fighter-details/be8ad887e4d674b0
Mario Miranda,75.0,74.0,185.0,Orthodox,1979-07-12,http://ufcstats.com/fighter-details/df2bf09c99594848
Vitor Miranda,73.0,77.0,185.0,Orthodox,1979-03-10,http://ufcstats.com/fighter-details/4bcb6eb12b4ad4aa
Gabriel Miranda,71.0,71.0,145.0,Orthodox,1990-03-25,http://ufcstats.com/fighter-details/b909a9a9688b5284
Damir Mirenic,72.0,,185.0,Orthodox,1974-08-02,http://ufcstats.com/fighter-details/992c82450d96f726
Kazuo Misaki,68.0,,183.0,Orthodox,1976-04-25,http://ufcstats.com/fighter-details/5e7a28f20927d64a
Toby Misech,68.0,,145.0,Southpaw,1988-03-07,http://ufcstats.com/fighter-details/3f87218a7aca84c4
Dokonjonosuke Mishima,67.0,,155.0,Southpaw,1972-04-19,http://ufcstats.com/fighter-details/b14a68c533f4a4aa
Felix Lee Mitchell,,,,Orthodox,,http://ufcstats.com/fighter-details/6cbb7661c3258617
David Mitchell,72.0,75.0,170.0,Orthodox,1979-10-24,http://ufcstats.com/fighter-details/8f3df4c579cfbb69
Danny Mitchell,74.0,,170.0,Orthodox,1986-08-08,http://ufcstats.com/fighter-details/c06d554ce1713fd3
Brad Mitchell,71.0,,145.0,,1974-10-10,http://ufcstats.com/fighter-details/7263e0dc082adc87
Clay Mitchell,74.0,,185.0,,,http://ufcstats.com/fighter-details/3d960455f880bb25
Bryce Mitchell,70.0,70.0,135.0,Southpaw,1994-10-04,http://ufcstats.com/fighter-details/d9c6f19f958643e9
Maurice Mitchell,69.0,,145.0,Orthodox,1987-06-29,http://ufcstats.com/fighter-details/568bebed6366b667
Terrence Mitchell,70.0,74.0,135.0,Orthodox,1989-12-30,http://ufcstats.com/fighter-details/f3ca6908f78efebe
Roman Mitichyan,70.0,,170.0,Orthodox,1978-09-04,http://ufcstats.com/fighter-details/2961be02cfb0d2c1
Matt Mitrione,75.0,82.0,265.0,Switch,1978-07-15,http://ufcstats.com/fighter-details/ba280572acfba13f
Eiji Mitsuoka,67.0,,145.0,Southpaw,1976-01-01,http://ufcstats.com/fighter-details/2b4faacc16d66898
Hiromitsu Miura,69.0,71.0,170.0,Orthodox,1981-09-22,http://ufcstats.com/fighter-details/509697e08673d2e5
JonathanMix,72.0,,168.0,,1980-11-09,http://ufcstats.com/fighter-details/f64e4ecd214c6378
Patchy Mix,68.0,72.0,135.0,Southpaw,1993-08-16,http://ufcstats.com/fighter-details/2cfba6c837c03ed0
Tomoya Miyashita,67.0,,139.0,Southpaw,,http://ufcstats.com/fighter-details/c9885b1b7c7055a0
Kazuyuki Miyata,68.0,,139.0,Orthodox,,http://ufcstats.com/fighter-details/af70d268e5352186
Motoki Miyazawa,71.0,,168.0,Southpaw,,http://ufcstats.com/fighter-details/9649d75defe0dedb
Takeya Mizugaki,67.0,69.0,135.0,Orthodox,1983-12-16,http://ufcstats.com/fighter-details/48e093ea1f43a053
Mizuki,63.0,65.0,115.0,Orthodox,1994-08-19,http://ufcstats.com/fighter-details/43a59ce3bb40449e
Tatsuya Mizuno,73.0,,205.0,Southpaw,1981-06-02,http://ufcstats.com/fighter-details/478c8706bdb92440
Roxanne Modafferi,67.0,69.0,125.0,Orthodox,1982-09-24,http://ufcstats.com/fighter-details/4498b382c65a7faa
Bobby Moffett,70.0,73.0,145.0,Orthodox,1990-06-01,http://ufcstats.com/fighter-details/d76ad9a08c4408ff
Bronson Mohika,,,135.0,,,http://ufcstats.com/fighter-details/65239fccecd03404
Nate Mohr,69.0,72.0,155.0,Orthodox,1983-03-03,http://ufcstats.com/fighter-details/04c15b52c3cc1cab
Renato Moicano,71.0,72.0,155.0,Orthodox,1989-05-21,http://ufcstats.com/fighter-details/b6452706b373eea1
Thiago Moises,69.0,70.0,155.0,Orthodox,1995-03-23,http://ufcstats.com/fighter-details/d945aae53e3e54e6
Muhammad Mokaev,67.0,70.0,125.0,Orthodox,2000-07-30,http://ufcstats.com/fighter-details/75353550928a7921
Ashkan Mokhtarian,66.0,67.0,125.0,Southpaw,1985-09-15,http://ufcstats.com/fighter-details/e9bc5748e6a76bb6
Suman Mokhtarian,68.0,72.0,145.0,Orthodox,1992-06-13,http://ufcstats.com/fighter-details/192520689012c7e4
Dan Molina,70.0,,216.0,,1984-06-14,http://ufcstats.com/fighter-details/606136dee6f6ecea
Jeff Molina,66.0,69.0,125.0,Orthodox,1997-07-17,http://ufcstats.com/fighter-details/008ea710276c9606
Rudyard Moncayo,70.0,,195.0,Orthodox,,http://ufcstats.com/fighter-details/02d276b7d62b3472
Hidetaka Monma,72.0,,168.0,Orthodox,1973-10-23,http://ufcstats.com/fighter-details/a8e133139286df84
Jeff Monson,69.0,74.0,247.0,Orthodox,1971-01-18,http://ufcstats.com/fighter-details/cbfd1d34356a004c
Darrell Montague,66.0,67.0,125.0,Southpaw,1987-11-03,http://ufcstats.com/fighter-details/bffeb123b21c9aad
Michelle Montague,69.0,68.0,135.0,Southpaw,1993-11-25,http://ufcstats.com/fighter-details/ca80d72da81d7224
Andrew Montanez,,,185.0,,,http://ufcstats.com/fighter-details/72c9c2eadfc3277e
Jose Montanha,,,265.0,,1996-08-25,http://ufcstats.com/fighter-details/4e30f2761b6bd3b5
Augusto Montano,73.0,73.0,170.0,Orthodox,1984-10-25,http://ufcstats.com/fighter-details/94508d80e1f885fc
Erick Montano,72.0,73.0,170.0,Orthodox,1985-11-19,http://ufcstats.com/fighter-details/8163cd7de0342652
Nicco Montano,65.0,65.0,135.0,Southpaw,1988-12-16,http://ufcstats.com/fighter-details/1de9ad94de18eeaf
Antonio Monteiro,67.0,70.0,145.0,Orthodox,1995-07-02,http://ufcstats.com/fighter-details/3e38b1ea16bd4d86
Sofia Montenegro,66.0,67.0,125.0,Orthodox,1999-06-18,http://ufcstats.com/fighter-details/8b1b051038354655
Alberto Montes,67.0,69.0,145.0,Orthodox,1994-05-31,http://ufcstats.com/fighter-details/a112097ad877a48f
Steve Montgomery,76.0,,185.0,Southpaw,1990-12-19,http://ufcstats.com/fighter-details/6e92eb1242b46636
James Moontasri,70.0,71.0,170.0,Switch,1988-04-10,http://ufcstats.com/fighter-details/c06a9b48d4132c8e
Homer Moore,70.0,,205.0,Orthodox,1971-11-27,http://ufcstats.com/fighter-details/e56df3c1d8b4b1cc
Todd Moore,69.0,71.0,170.0,Southpaw,1983-12-30,http://ufcstats.com/fighter-details/e31502e3f79d00c5
Nate Moore,72.0,,170.0,,,http://ufcstats.com/fighter-details/518e5202a91980d4
Dustin Moore,64.0,,125.0,,,http://ufcstats.com/fighter-details/831de97afe326478
Taylor Moore,70.0,70.0,135.0,Southpaw,1993-10-16,http://ufcstats.com/fighter-details/26927dab41dbd5fc
Sergio Moraes,72.0,72.0,170.0,Orthodox,1982-07-23,http://ufcstats.com/fighter-details/1bcaac2d99b90fce
Marlon Moraes,66.0,67.0,135.0,Orthodox,1988-04-26,http://ufcstats.com/fighter-details/fea79f9bc8c68769
Sheymon Moraes,68.0,72.0,145.0,Orthodox,1990-10-11,http://ufcstats.com/fighter-details/0d62719b1dcf7c40
John Moraga,66.0,66.0,125.0,Orthodox,1984-03-20,http://ufcstats.com/fighter-details/92437c6775b3f7d1
Ricardo Morais,80.0,,270.0,Orthodox,1967-02-26,http://ufcstats.com/fighter-details/2dc7f1762dc0a7ef
Leonardo Morales,68.0,,135.0,Southpaw,1992-12-22,http://ufcstats.com/fighter-details/45230be0641f3f53
Albert Morales,69.0,72.0,135.0,Orthodox,1991-05-25,http://ufcstats.com/fighter-details/544d7460b3e44393
Joseph Morales,66.0,69.0,125.0,Switch,1994-08-22,http://ufcstats.com/fighter-details/2fe9032955c2e013
Vince Morales,67.0,70.0,135.0,Orthodox,1990-11-12,http://ufcstats.com/fighter-details/37098a6e6c27fb66
Omar Morales,71.0,73.0,155.0,Orthodox,1985-10-17,http://ufcstats.com/fighter-details/a0e6753c42698f13
Michael Morales,72.0,79.0,170.0,Orthodox,1999-06-24,http://ufcstats.com/fighter-details/c32aeb1a59e6272d
Sarah Moras,67.0,67.0,135.0,Orthodox,1988-04-30,http://ufcstats.com/fighter-details/539ed332b3078821
Christian Morecraft,78.0,81.0,260.0,Orthodox,1986-09-08,http://ufcstats.com/fighter-details/80779d7441af1b52
Joe Moreira,71.0,,195.0,Southpaw,,http://ufcstats.com/fighter-details/df85d6ec3493d120
Richardson Moreira,74.0,,185.0,Orthodox,1984-03-31,http://ufcstats.com/fighter-details/9147679e1a4ad4a3
Gisele Moreira,66.0,,135.0,Orthodox,1981-01-14,http://ufcstats.com/fighter-details/6a125ba3ec37e27e
Vinicius Moreira,76.0,76.0,205.0,Orthodox,1989-02-28,http://ufcstats.com/fighter-details/acb36c908d415c4a
Jesse Moreng,67.0,,145.0,Orthodox,1979-11-09,http://ufcstats.com/fighter-details/2e2cdb6e9eb84bb9
Brandon Moreno,67.0,70.0,125.0,Orthodox,1993-12-07,http://ufcstats.com/fighter-details/792be9a24df82ed6
Mike Moreno,72.0,,185.0,,,http://ufcstats.com/fighter-details/bb2eee4fb3259c01
Dan Moret,72.0,73.0,155.0,Southpaw,1986-11-21,http://ufcstats.com/fighter-details/66e98b3bb5fc5250
Sammy Morgan,70.0,,170.0,Orthodox,1981-09-28,http://ufcstats.com/fighter-details/2067a177a2842fbf
Peggy Morgan,73.0,,135.0,,1979-12-16,http://ufcstats.com/fighter-details/92b36014314b028b
Alexander Morgan,70.0,71.0,145.0,Orthodox,1991-05-14,http://ufcstats.com/fighter-details/938ea36fe9c269f0
Alex Morono,71.0,72.0,170.0,Orthodox,1990-08-16,http://ufcstats.com/fighter-details/cdb96af67d096b1e
Maryna Moroz,67.0,67.0,125.0,Orthodox,1991-09-08,http://ufcstats.com/fighter-details/b4192a975027aab6
Sergey Morozov,66.0,67.0,135.0,Orthodox,1989-06-14,http://ufcstats.com/fighter-details/2f6a993c7f547c13
Brad Morris,74.0,,205.0,Orthodox,1979-11-01,http://ufcstats.com/fighter-details/6803d4d6908354ac
Scott Morris,70.0,,210.0,Orthodox,,http://ufcstats.com/fighter-details/be9d259be012e8a4
Anthony Morrison,67.0,,145.0,Orthodox,1984-03-29,http://ufcstats.com/fighter-details/dab0e6cb8c932162
Jack Morrison,71.0,,205.0,,,http://ufcstats.com/fighter-details/38fccd44d669bb2f
Harry Moskowitz,77.0,,275.0,Orthodox,,http://ufcstats.com/fighter-details/4dc496aa0cfc0d95
Carlos Mota,64.0,69.0,125.0,Orthodox,1995-04-15,http://ufcstats.com/fighter-details/b15862fcd6ded451
Miki Motono,62.0,63.0,115.0,Southpaw,1994-05-18,http://ufcstats.com/fighter-details/a5fa51a81d0c5ed9
Juan Mott,72.0,,190.0,Switch,,http://ufcstats.com/fighter-details/5da4e8dc02e50ac0
Nikolas Motta,69.0,70.0,155.0,Orthodox,1993-02-08,http://ufcstats.com/fighter-details/37f560436d745c18
Flavio Luiz Moura,71.0,,183.0,Open Stance,,http://ufcstats.com/fighter-details/ab35634d1a8c7a11
Eduarda Moura,66.0,67.0,125.0,Orthodox,1994-02-28,http://ufcstats.com/fighter-details/de594b35c45c2e9a
Gegard Mousasi,74.0,76.0,185.0,Orthodox,1985-08-01,http://ufcstats.com/fighter-details/232c582f29f8f65e
Kris Moutinho,67.0,68.0,135.0,Southpaw,1992-08-09,http://ufcstats.com/fighter-details/9c27f3217891f3f0
Kin Moy,65.0,,135.0,,,http://ufcstats.com/fighter-details/ae922e7d9e852d7a
Jamie Moyle,61.0,65.0,115.0,Orthodox,1989-03-17,http://ufcstats.com/fighter-details/882d62561063a927
Askar Mozharov,75.0,74.0,205.0,Orthodox,1994-10-26,http://ufcstats.com/fighter-details/e92901944ce91909
Garrett Mueller,69.0,,135.0,,1989-01-29,http://ufcstats.com/fighter-details/d0c325dfefdde31f
Lauren Mueller,65.0,67.0,125.0,Orthodox,1991-11-15,http://ufcstats.com/fighter-details/f923e012414c883e
Belal Muhammad,71.0,72.0,170.0,Orthodox,1988-07-09,http://ufcstats.com/fighter-details/b1b0729d27936f2f
Fazlo Mulabitinovic,,,135.0,,,http://ufcstats.com/fighter-details/2252b2c892397f0d
Quinn Mulhern,75.0,,155.0,Orthodox,1984-09-20,http://ufcstats.com/fighter-details/16af2d5a6f28bee2
James Mulheron,70.0,73.0,243.0,Orthodox,1988-02-20,http://ufcstats.com/fighter-details/8d5350fa18b79e9a
Jamie Mullarkey,72.0,74.0,155.0,Orthodox,1994-08-17,http://ufcstats.com/fighter-details/af9f42e6894047fc
Jim Mullen,73.0,,215.0,Southpaw,,http://ufcstats.com/fighter-details/1a49e0670dfaca31
Melissa Mullins,67.0,68.0,135.0,Orthodox,1991-07-23,http://ufcstats.com/fighter-details/bd532e9a2b93870c
Ananias Mulumba,,,145.0,,1998-09-18,http://ufcstats.com/fighter-details/a59bc10f5e9f5fbb
Pedro Munhoz,66.0,65.0,135.0,Orthodox,1986-09-07,http://ufcstats.com/fighter-details/6bd02119599741a4
Andre Muniz,73.0,78.0,185.0,Southpaw,1990-02-17,http://ufcstats.com/fighter-details/886264a0c9f4ea5e
Mark Munoz,72.0,71.0,185.0,Orthodox,1978-02-09,http://ufcstats.com/fighter-details/179f1948dc234f1f
Alexander Munoz,69.0,72.0,155.0,Switch,1990-02-27,http://ufcstats.com/fighter-details/f8f1ec513bcfef43
Johnny Munoz,69.0,71.0,135.0,Orthodox,1993-02-16,http://ufcstats.com/fighter-details/f6bcbd91b114ff58
Andy Murad,69.0,,185.0,,,http://ufcstats.com/fighter-details/fd0b4e3eb18eafb7
Olivier Murad,70.0,72.0,145.0,Southpaw,1993-12-21,http://ufcstats.com/fighter-details/c3dd69333eb8085a
Makhmud Muradov,74.0,75.0,185.0,Orthodox,1990-02-08,http://ufcstats.com/fighter-details/ea7e5bc78d9de658
Kazunari Murakami,73.0,,220.0,Orthodox,1973-11-29,http://ufcstats.com/fighter-details/cfbccfed4e4796fe
Ryuichi Murata,68.0,,183.0,Orthodox,,http://ufcstats.com/fighter-details/e3a6c6d6d0ac0815
Kanako Murata,61.0,62.0,115.0,Orthodox,1993-08-10,http://ufcstats.com/fighter-details/e0b0cf71e0d69dd0
Ailiya Muratbek,,,155.0,,,http://ufcstats.com/fighter-details/9b6dcc335ad03696
Vince Murdock,66.0,64.0,145.0,Orthodox,1991-03-21,http://ufcstats.com/fighter-details/4b90384d7c3519b8
Samandar Murodov,73.0,75.0,170.0,Orthodox,1999-08-28,http://ufcstats.com/fighter-details/6f4d199c0adc06f5
Tom Murphy,74.0,,227.0,Southpaw,1974-11-19,http://ufcstats.com/fighter-details/62918a2118de08b2
Ian Murphy,73.0,,185.0,Orthodox,1985-06-14,http://ufcstats.com/fighter-details/de25520d54eab12d
Jon Murphy,75.0,,260.0,Orthodox,1977-08-09,http://ufcstats.com/fighter-details/1b5c146ee7b86e34
Lauren Murphy,65.0,67.0,125.0,Orthodox,1983-07-27,http://ufcstats.com/fighter-details/729d4bd5a6cd0a97
Patrick Murphy,72.0,,170.0,,,http://ufcstats.com/fighter-details/eca7e064746c161a
Lerone Murphy,69.0,73.0,145.0,Orthodox,1991-07-22,http://ufcstats.com/fighter-details/396fe87b84ac2e1c
Lee Murray,75.0,,185.0,Orthodox,1977-09-12,http://ufcstats.com/fighter-details/32016899d0a222a3
Jesse Murray,75.0,78.0,205.0,Orthodox,1993-01-26,http://ufcstats.com/fighter-details/d0147e906106cd2e
Khalid Murtazaliev,72.0,76.0,185.0,Orthodox,1993-07-15,http://ufcstats.com/fighter-details/231cae8b77fbbcc1
Azamat Murzakanov,70.0,71.0,205.0,Southpaw,1989-04-12,http://ufcstats.com/fighter-details/e90a2f22417af68e
Josias Musasa,68.0,74.0,135.0,Southpaw,1998-10-10,http://ufcstats.com/fighter-details/723b64c0e9a8f348
Tofiq Musayev,69.0,69.0,155.0,Orthodox,1989-12-15,http://ufcstats.com/fighter-details/ae81a3ac7b260411
Nicholas Musoke,72.0,75.0,170.0,Orthodox,1986-04-05,http://ufcstats.com/fighter-details/8b5f9ea38184ded3
Andre Mussi,75.0,,242.0,Orthodox,,http://ufcstats.com/fighter-details/d0d43cb9b14f231c
Magomed Mustafaev,68.0,71.0,155.0,Orthodox,1988-08-02,http://ufcstats.com/fighter-details/31d7446b184e3305
Max Mustaki,72.0,,155.0,Orthodox,1987-11-07,http://ufcstats.com/fighter-details/f4c40f8a64d3151d
Elvis Mutapcic,72.0,72.0,185.0,Orthodox,1986-07-19,http://ufcstats.com/fighter-details/28c55b4087a6f136
Fiona Muxlow,64.0,,145.0,,1977-05-13,http://ufcstats.com/fighter-details/062e57ca1a3c95a8
Ho Bae Myeon,71.0,,168.0,Orthodox,,http://ufcstats.com/fighter-details/2719f300b0439039
Katsuhiko Nagata,67.0,,154.0,Southpaw,1973-10-31,http://ufcstats.com/fighter-details/d5ae8074631762fc
Yuji Nagata,72.0,,225.0,Orthodox,1968-04-24,http://ufcstats.com/fighter-details/e49c2db95e572dc8
Greg Nagy,73.0,,210.0,Orthodox,1983-10-18,http://ufcstats.com/fighter-details/342422bb6ced1e8d
Logan Nail,,,185.0,,1989-06-20,http://ufcstats.com/fighter-details/47e0b5833e6bc91a
Muhammad Naimov,69.0,70.0,145.0,Orthodox,1994-08-07,http://ufcstats.com/fighter-details/8d11d9c13e2ccdf7
Yukiya Naito,73.0,,205.0,Orthodox,,http://ufcstats.com/fighter-details/7be328bb3c2ea22e
Yura Naito,72.0,74.0,185.0,Orthodox,1996-04-26,http://ufcstats.com/fighter-details/50c469e0cb73be10
Andrews Nakahara,73.0,,185.0,Orthodox,1983-03-12,http://ufcstats.com/fighter-details/7a9ca95a92d7b64c
Rin Nakai,61.0,,135.0,Orthodox,1986-10-22,http://ufcstats.com/fighter-details/f9ae6914f604aa9f
Kazuhiro Nakamura,71.0,70.0,205.0,Orthodox,1979-07-16,http://ufcstats.com/fighter-details/b034747dc1d15491
Keita Nakamura,71.0,73.0,170.0,Southpaw,1984-05-22,http://ufcstats.com/fighter-details/65ddc8a9ac4e8531
Daisuke Nakamura,67.0,,154.0,Orthodox,1980-06-10,http://ufcstats.com/fighter-details/a196332ee4aa8a82
Yusaku Nakamura,65.0,,145.0,,1986-06-21,http://ufcstats.com/fighter-details/03e8df49c4a059ba
Rinya Nakamura,67.0,68.0,135.0,Southpaw,1995-03-23,http://ufcstats.com/fighter-details/d8c811df0386d5e8
Keiichiro Nakamura,70.0,70.0,145.0,Southpaw,1998-12-02,http://ufcstats.com/fighter-details/3618e0632ecdba9c
Tokitaka Nakanishi,66.0,66.0,135.0,Orthodox,1996-07-28,http://ufcstats.com/fighter-details/eb9446a4f44e19cf
Jutaro Nakao,69.0,,170.0,Southpaw,1970-11-30,http://ufcstats.com/fighter-details/95eb112a85601a0a
Yoshihiro Nakao,72.0,,220.0,Southpaw,1972-06-25,http://ufcstats.com/fighter-details/e18012194473e8b0
Mandel Nallo,72.0,75.0,155.0,Orthodox,1989-07-26,http://ufcstats.com/fighter-details/8f4528c10bd34fab
Yui Chul Nam,69.0,,145.0,Orthodox,1981-07-16,http://ufcstats.com/fighter-details/a00ec21cfbba17b6
Tyson Nam,67.0,68.0,125.0,Orthodox,1983-10-06,http://ufcstats.com/fighter-details/6e00cfffd54653c4
Rose Namajunas,65.0,65.0,125.0,Orthodox,1992-06-29,http://ufcstats.com/fighter-details/47b63240018d5d86
Yasuhito Namekawa,69.0,,205.0,Orthodox,1974-10-27,http://ufcstats.com/fighter-details/6083f497c22cc075
Nad Narimani,68.0,70.0,145.0,Orthodox,1987-04-14,http://ufcstats.com/fighter-details/776a58a67665a171
Roger Narvaez,75.0,,185.0,Southpaw,1983-09-09,http://ufcstats.com/fighter-details/3a12a2f096a6d975
Fabio Nascimento,70.0,,185.0,Orthodox,,http://ufcstats.com/fighter-details/307064d3e0f036c2
Allan Nascimento,68.0,69.0,125.0,Orthodox,1991-09-11,http://ufcstats.com/fighter-details/253076a23d03dcd0
Rodrigo Nascimento,74.0,80.0,246.0,Orthodox,1992-11-26,http://ufcstats.com/fighter-details/d31a5546c0e9b213
Bobby Nash,72.0,74.0,170.0,Orthodox,1990-03-26,http://ufcstats.com/fighter-details/7dfb56f24fe5ddea
Reza Nasri,71.0,,205.0,Orthodox,,http://ufcstats.com/fighter-details/d41937647eae9a34
Nasrudin Nasrudinov,72.0,71.0,205.0,Orthodox,1991-10-06,http://ufcstats.com/fighter-details/769fa803bf9d2e3b
Pawel Nastula,72.0,,230.0,Southpaw,1970-06-26,http://ufcstats.com/fighter-details/154a6b3ffae264cd
Rafael Natal,72.0,77.0,185.0,Orthodox,1982-12-25,http://ufcstats.com/fighter-details/0dba4df5f34d5ff0
Kevin Natividad,66.0,70.0,135.0,Orthodox,1993-04-02,http://ufcstats.com/fighter-details/0c258d1d8e16e5f1
Ismail Naurdiev,70.0,74.0,185.0,Orthodox,1996-08-18,http://ufcstats.com/fighter-details/6a96ad1bc34fb113
Danny Navarro,70.0,,155.0,,1983-05-27,http://ufcstats.com/fighter-details/618f72750ec50b05
Marcio Navarro,72.0,,155.0,,1978-09-17,http://ufcstats.com/fighter-details/52f7d300738961ac
Tafon Nchukwi,72.0,77.0,185.0,Orthodox,1994-10-14,http://ufcstats.com/fighter-details/6aae253467e8f9ce
Dustin Neace,69.0,69.0,145.0,,1986-09-12,http://ufcstats.com/fighter-details/e503aa5c252a1b4d
Josh Neal,72.0,,185.0,,,http://ufcstats.com/fighter-details/0b534765dca35e71
Joe Neal,66.0,,135.0,,1986-07-29,http://ufcstats.com/fighter-details/5751267660c734cb
Geoff Neal,71.0,75.0,170.0,Southpaw,1990-08-28,http://ufcstats.com/fighter-details/b997be68943010fc
Stanislav Nedkov,71.0,71.0,205.0,Orthodox,1981-12-09,http://ufcstats.com/fighter-details/1d4bbaabd8b60173
Josh Neer,71.0,72.0,170.0,Orthodox,1983-03-24,http://ufcstats.com/fighter-details/d1a1314976c50bef
Nicolae Negumereanu,72.0,78.0,205.0,Orthodox,1994-09-04,http://ufcstats.com/fighter-details/8c57c7b8c3bab0eb
Steve Nelmark,72.0,,240.0,Orthodox,,http://ufcstats.com/fighter-details/13e62d766b709aa6
Shane Nelson,69.0,70.0,155.0,Southpaw,1984-11-29,http://ufcstats.com/fighter-details/2db7fa8db6bc9632
Roy Nelson,72.0,73.0,263.0,Orthodox,1976-06-20,http://ufcstats.com/fighter-details/3f7c14c7eca7195d
Gunnar Nelson,71.0,72.0,170.0,Switch,1988-07-28,http://ufcstats.com/fighter-details/fd55393021a8c255
Kyle Nelson,71.0,71.0,155.0,Switch,1991-04-20,http://ufcstats.com/fighter-details/31f8081c7600da93
Lissette Neri,62.0,,145.0,,1987-08-05,http://ufcstats.com/fighter-details/f4db63258ecf0613
Mario Neto,72.0,,229.0,Orthodox,,http://ufcstats.com/fighter-details/1209b5134401ca53
Antonio Braga Neto,75.0,77.0,185.0,Orthodox,1987-10-29,http://ufcstats.com/fighter-details/fae67903c4fe636b
Eduardo Neves,74.0,78.0,263.0,Orthodox,2000-03-16,http://ufcstats.com/fighter-details/1d688fa375d9431c
Julio Cesar Neves Jr.,68.0,,145.0,,1994-04-25,http://ufcstats.com/fighter-details/195d0d3e14a2e256
Nick Newell,70.0,,155.0,Southpaw,1986-03-17,http://ufcstats.com/fighter-details/f562238becb9ec50
Journey Newson,65.0,67.0,135.0,Orthodox,1989-03-07,http://ufcstats.com/fighter-details/78f485f851891d68
Jeff Newton,74.0,,205.0,Sideways,1966-12-11,http://ufcstats.com/fighter-details/94609dd91731d428
Carlos Newton,69.0,,170.0,Orthodox,1976-08-17,http://ufcstats.com/fighter-details/952f6fa06f25a0ec
Emanuel Newton,73.0,,205.0,,1984-01-02,http://ufcstats.com/fighter-details/fbbbc68d368832fa
Francis Ngannou,76.0,83.0,250.0,Orthodox,1986-09-05,http://ufcstats.com/fighter-details/8d03ce87ca14e778
Nghiem Van Y,67.0,68.0,135.0,Orthodox,1999-05-15,http://ufcstats.com/fighter-details/fd08d6536b7b91f0
Ben Nguyen,65.0,65.0,125.0,Switch,1988-08-03,http://ufcstats.com/fighter-details/840d2c82ea68b9aa
Steven Nguyen,71.0,73.0,145.0,Switch,1993-05-19,http://ufcstats.com/fighter-details/69037fc7730e4225
Alex Nicholson,76.0,77.0,185.0,Orthodox,1990-05-02,http://ufcstats.com/fighter-details/2b6d855c6e280fb1
Bo Nickal,73.0,76.0,185.0,Southpaw,1996-01-14,http://ufcstats.com/fighter-details/35673bf5204524ee
Mike Nickels,76.0,,205.0,Orthodox,1971-12-13,http://ufcstats.com/fighter-details/330ec26453c44a59
Matheus Nicolau,66.0,66.0,125.0,Orthodox,1993-01-06,http://ufcstats.com/fighter-details/1a31ef98efce7a79
Stewart Nicoll,65.0,65.0,125.0,Orthodox,1996-04-11,http://ufcstats.com/fighter-details/2bd98ab77a8daa75
Jaimelene Nievera,65.0,,125.0,Orthodox,1984-10-28,http://ufcstats.com/fighter-details/3edf45e1717fa764
Khomkrit Niimi,62.0,,125.0,,,http://ufcstats.com/fighter-details/52a003d768f10d91
Tom Niinimaki,69.0,69.0,145.0,Orthodox,1982-07-25,http://ufcstats.com/fighter-details/5fceb45939fc0c8a
Ramsey Nijem,71.0,75.0,155.0,Orthodox,1988-04-01,http://ufcstats.com/fighter-details/22aa91e402d0fe1f
Hans Nijman,72.0,,250.0,Switch,1959-10-23,http://ufcstats.com/fighter-details/4956f60b7fa57c1a
Fedor Nikolov,,,,,,http://ufcstats.com/fighter-details/346f789951e85f3f
Jack Nilson,,,,,,http://ufcstats.com/fighter-details/53e533db1b8e9712
Mats Nilsson,73.0,,170.0,Orthodox,1983-12-05,http://ufcstats.com/fighter-details/a9bcf8717dd12532
Guangyou Ning,64.0,64.0,145.0,Southpaw,1981-12-15,http://ufcstats.com/fighter-details/2c1170b825f58e57
Soichi Nishida,71.0,,320.0,Orthodox,,http://ufcstats.com/fighter-details/6810d8d2dd557cf9
Yosuke Nishijima,69.0,,205.0,Orthodox,1973-05-15,http://ufcstats.com/fighter-details/5cde96e0a1a1fffe
Yamato Nishikawa,67.0,,155.0,Orthodox,2002-12-06,http://ufcstats.com/fighter-details/7beecbe0a08cf002
Akiyo Nishiura,68.0,,139.0,Southpaw,1983-08-08,http://ufcstats.com/fighter-details/6c9383ffab2725a5
Anthony Njokuani,73.0,75.0,155.0,Orthodox,1980-03-01,http://ufcstats.com/fighter-details/6bf5a7d3e081ade2
Chidi Njokuani,75.0,80.0,170.0,Orthodox,1988-12-31,http://ufcstats.com/fighter-details/c68c68efaa5ca6ef
Derrick Noble,69.0,,170.0,Southpaw,1978-08-14,http://ufcstats.com/fighter-details/21321cdfba797c52
Kyle Noblitt,74.0,,243.0,,1989-12-26,http://ufcstats.com/fighter-details/4acf03bdec2025d7
Pedro Nobre,65.0,,135.0,,1986-02-13,http://ufcstats.com/fighter-details/e983c62faf677ab2
Jacob Noe,,,205.0,,,http://ufcstats.com/fighter-details/9bff1b4c37ebbede
Antonio Rodrigo Nogueira,75.0,77.0,240.0,Orthodox,1976-06-02,http://ufcstats.com/fighter-details/ee9d73f4fee9cbdd
Rogerio Nogueira,74.0,75.0,205.0,Southpaw,1976-06-02,http://ufcstats.com/fighter-details/73e09f837f3b5ecc
Alexandre Franca Nogueira,67.0,,145.0,Orthodox,1978-01-15,http://ufcstats.com/fighter-details/4c27ca8c8481f79a
Talita Nogueira,70.0,,145.0,,1985-10-13,http://ufcstats.com/fighter-details/a3d1d060f9af97fe
Kyle Noke,73.0,76.0,170.0,Southpaw,1980-03-18,http://ufcstats.com/fighter-details/7339d340aa2889cb
Tom Nolan,75.0,73.0,155.0,Southpaw,2000-03-08,http://ufcstats.com/fighter-details/6c3b2525436cf5d4
Eric Nolan,74.0,74.0,185.0,Orthodox,1997-09-13,http://ufcstats.com/fighter-details/64b12fe31be7560c
Nick Nolte,72.0,,170.0,,,http://ufcstats.com/fighter-details/d665de9b4da87c22
KJ Noons,70.0,70.0,155.0,Orthodox,1982-12-07,http://ufcstats.com/fighter-details/b7ffa72aa148599a
Sage Northcutt,72.0,71.0,170.0,Orthodox,1996-03-01,http://ufcstats.com/fighter-details/ed9d8ee3a4239b1c
Jan Nortje,73.0,,310.0,Southpaw,1975-04-11,http://ufcstats.com/fighter-details/bd4389b71fdc0ce2
Scott Norton,70.0,,170.0,Orthodox,1973-03-15,http://ufcstats.com/fighter-details/f21a3d68fb9df387
Shohei Nose,66.0,68.0,135.0,Switch,1997-10-19,http://ufcstats.com/fighter-details/6b0e83b094f816ac
Jonatas Novaes,71.0,,170.0,,1981-03-02,http://ufcstats.com/fighter-details/9e8e5c529057fe60
Jason Novelli,72.0,,155.0,Orthodox,1979-06-08,http://ufcstats.com/fighter-details/459e4dc69ec669b2
Phillipe Nover,69.0,72.0,145.0,Orthodox,1984-02-03,http://ufcstats.com/fighter-details/64360e618823a8e4
Shayilan Nuerdanbieke,68.0,69.0,145.0,Orthodox,1994-05-04,http://ufcstats.com/fighter-details/0a73acff6325c1e2
Azamat Nuftillaev,,,265.0,,1994-01-01,http://ufcstats.com/fighter-details/b37321c0bb9e8570
Diego Nunes,66.0,67.0,145.0,Orthodox,1982-11-30,http://ufcstats.com/fighter-details/3a24769a4855040a
Amanda Nunes,68.0,69.0,135.0,Orthodox,1988-05-30,http://ufcstats.com/fighter-details/80fa8218c99f9c58
Nina Nunes,65.0,64.0,125.0,Orthodox,1985-12-03,http://ufcstats.com/fighter-details/d343df8ba11f4c4e
Istela Nunes,64.0,66.0,115.0,Orthodox,1992-07-23,http://ufcstats.com/fighter-details/efc67b07eed39794
Josiane Nunes,62.0,67.0,135.0,Southpaw,1993-12-23,http://ufcstats.com/fighter-details/68d35296f566792b
Diyar Nurgozhay,74.0,74.0,205.0,Southpaw,1997-04-22,http://ufcstats.com/fighter-details/709fadb644ee3f51
Khabib Nurmagomedov,70.0,70.0,155.0,Orthodox,1988-09-20,http://ufcstats.com/fighter-details/032cc3922d871c7f
Said Nurmagomedov,68.0,70.0,135.0,Orthodox,1992-04-05,http://ufcstats.com/fighter-details/0fd5f4b838e890cc
Abubakar Nurmagomedov,71.0,72.0,170.0,Orthodox,1989-11-13,http://ufcstats.com/fighter-details/029e1293e609fd74
Umar Nurmagomedov,68.0,69.0,135.0,Orthodox,1996-01-03,http://ufcstats.com/fighter-details/2b6fc1c02736833d
Adilet Nurmatov,,,155.0,,1997-08-02,http://ufcstats.com/fighter-details/689502703bbfe5f2
Kennedy Nzechukwu,77.0,83.0,236.0,Southpaw,1992-06-13,http://ufcstats.com/fighter-details/8667caa0451d245b
Jake O'Brien,75.0,76.0,205.0,Orthodox,1984-09-25,http://ufcstats.com/fighter-details/20bcc9966affb19c
TJ O'Brien,74.0,,155.0,Orthodox,1987-01-01,http://ufcstats.com/fighter-details/d25b93992f285953
Sean O'Connell,73.0,74.0,205.0,Orthodox,1983-09-02,http://ufcstats.com/fighter-details/cb52f9490c2dc069
Dan O'Connor,64.0,,115.0,,1982-11-17,http://ufcstats.com/fighter-details/69ea0119f6f0dfe0
Sean O'Haire,77.0,,270.0,Orthodox,1971-02-25,http://ufcstats.com/fighter-details/46effbd1135423c5
Sean O'Malley,71.0,72.0,135.0,Switch,1994-10-24,http://ufcstats.com/fighter-details/b50a426a33da0012
Jeremiah O'Neal,68.0,,260.0,,1977-10-25,http://ufcstats.com/fighter-details/338fda4ec7034c5d
Chuck O'Neil,74.0,,170.0,,1985-09-22,http://ufcstats.com/fighter-details/56bc9ccb609df534
Casey O'Neill,66.0,69.0,125.0,Orthodox,1997-10-07,http://ufcstats.com/fighter-details/04835018f90b118c
Brendan O'Reilly,67.0,69.0,170.0,Orthodox,1987-06-24,http://ufcstats.com/fighter-details/494b0bfdbac74502
Takahiro Oba,68.0,,200.0,Southpaw,,http://ufcstats.com/fighter-details/7139cd2ae4bf6a29
Nobuhiro Obiya,68.0,,145.0,Orthodox,1981-01-15,http://ufcstats.com/fighter-details/6e3282d57d2467a0
Jose Ochoa,67.0,67.0,125.0,Southpaw,2000-12-31,http://ufcstats.com/fighter-details/88be62d6c1e6dadb
Christian Ocon,68.0,69.0,135.0,Orthodox,1996-02-05,http://ufcstats.com/fighter-details/2d6d6ffe5a446ea2
Richard Odoms,77.0,,265.0,Orthodox,1975-05-08,http://ufcstats.com/fighter-details/f43907e75f8d9baa
Volkan Oezdemir,74.0,75.0,205.0,Orthodox,1989-09-19,http://ufcstats.com/fighter-details/0845c81e37d3bcb3
Kaan Ofli,67.0,66.0,145.0,Orthodox,1993-06-19,http://ufcstats.com/fighter-details/7facc9c45d792985
Naoya Ogawa,76.0,,255.0,Orthodox,1968-03-31,http://ufcstats.com/fighter-details/4b2390cfaceb91d8
Trey Ogden,71.0,72.0,155.0,Orthodox,1989-11-14,http://ufcstats.com/fighter-details/cfc3e7bb44685289
Andy Ogle,68.0,69.0,145.0,Orthodox,1989-02-16,http://ufcstats.com/fighter-details/b6c4451cb13c9303
Ho Taek Oh,,,155.0,,1993-07-20,http://ufcstats.com/fighter-details/5c020ee6ab450870
Michiyoshi Ohara,70.0,,205.0,Orthodox,,http://ufcstats.com/fighter-details/6a8a06b542e1516d
Koji Oishi,68.0,,170.0,Orthodox,1977-05-31,http://ufcstats.com/fighter-details/01daf32100ed7517
Takayuki Okada,73.0,,290.0,Orthodox,,http://ufcstats.com/fighter-details/32541eb5d12668b4
Yushin Okami,74.0,75.0,170.0,Southpaw,1981-07-21,http://ufcstats.com/fighter-details/acff437707625fc7
JJ Okanovich,71.0,76.0,155.0,Orthodox,1990-11-04,http://ufcstats.com/fighter-details/aa40fe6038db56cb
Bolaji Oki,70.0,73.0,155.0,Orthodox,1995-11-15,http://ufcstats.com/fighter-details/4bdedbdeedff7d1d
Kazuki Okubo,71.0,,175.0,Orthodox,,http://ufcstats.com/fighter-details/33454ad90754cb49
Masakatsu Okuda,,,,,,http://ufcstats.com/fighter-details/02a65a55f25fb4f3
Aleksei Oleinik,74.0,80.0,240.0,Orthodox,1977-06-20,http://ufcstats.com/fighter-details/98c23cb6da5b3352
Michal Oleksiejczuk,72.0,74.0,185.0,Southpaw,1995-02-22,http://ufcstats.com/fighter-details/0d65c432720accb9
Cezary Oleksiejczuk,75.0,75.0,185.0,Southpaw,2000-01-06,http://ufcstats.com/fighter-details/084532da3d25f3b8
Rafaello Oliveira,68.0,71.0,155.0,Orthodox,1982-01-26,http://ufcstats.com/fighter-details/15b1b21cd743d652
Charles Oliveira,70.0,74.0,155.0,Orthodox,1989-10-17,http://ufcstats.com/fighter-details/07225ba28ae309b6
Jorge Oliveira,73.0,,205.0,,,http://ufcstats.com/fighter-details/bec2746f033802c3
Ednaldo Oliveira,77.0,,205.0,Orthodox,1984-02-19,http://ufcstats.com/fighter-details/acd9513399a8b09b
Alex Oliveira,71.0,76.0,170.0,Orthodox,1988-02-21,http://ufcstats.com/fighter-details/57b10fca4f9c9a7a
Maria Oliveira,66.0,69.0,115.0,Orthodox,1996-12-12,http://ufcstats.com/fighter-details/37d752ec41ed84bb
Bruno Oliveira,76.0,80.0,205.0,Orthodox,1984-05-02,http://ufcstats.com/fighter-details/1e85912c9bab7e2b
Saimon Oliveira,64.0,72.0,135.0,Orthodox,1991-04-21,http://ufcstats.com/fighter-details/72ea1984c52019b5
Vinicius Oliveira,69.0,70.0,135.0,Switch,1995-11-30,http://ufcstats.com/fighter-details/18d01f7f8338ae72
Ravena Oliveira,65.0,65.0,115.0,Orthodox,1997-02-20,http://ufcstats.com/fighter-details/4948e412fa6ab67d
Michael Oliveira,,,170.0,,1998-01-21,http://ufcstats.com/fighter-details/037cfd34a27d59e9
Wendell Oliveira Marques,70.0,,170.0,Orthodox,1983-06-01,http://ufcstats.com/fighter-details/32c03df3c9760069
Felipe Olivieri,69.0,,155.0,Orthodox,1985-04-12,http://ufcstats.com/fighter-details/948880beac71f028
Andy Ologun,72.0,,154.0,Orthodox,1983-06-12,http://ufcstats.com/fighter-details/e96d8538d3f9d0ed
Shana Olsen,67.0,,145.0,,1980-12-17,http://ufcstats.com/fighter-details/dfbb95ca0c143988
Casey Olson,67.0,,145.0,Orthodox,,http://ufcstats.com/fighter-details/7613773461b276f4
Dennis Olson,72.0,,170.0,,,http://ufcstats.com/fighter-details/8e0709784259402d
Cameron Olson,73.0,75.0,205.0,Orthodox,1989-11-22,http://ufcstats.com/fighter-details/5a9104718439ef44
Gadzhi Omargadzhiev,73.0,71.0,170.0,Switch,1993-02-24,http://ufcstats.com/fighter-details/684d3aee255a3d09
Alan Omer,70.0,,145.0,Orthodox,1988-09-14,http://ufcstats.com/fighter-details/f2ad06f1007c481a
Daniel Omielanczuk,72.0,74.0,247.0,Southpaw,1982-08-31,http://ufcstats.com/fighter-details/470fedbc8563ac47
Michihiro Omigawa,66.0,68.0,145.0,Orthodox,1975-12-19,http://ufcstats.com/fighter-details/9f842be1a5337be6
David Onama,71.0,74.0,145.0,Orthodox,1994-06-07,http://ufcstats.com/fighter-details/ffe9703408fb5964
Charlie Ontiveros,74.0,74.0,155.0,Switch,1991-07-04,http://ufcstats.com/fighter-details/318572f6f74b760d
Chibwikem Onyenegecha,75.0,,185.0,Orthodox,1994-04-18,http://ufcstats.com/fighter-details/887e09328cd63df1
Myktybek Orolbai,70.0,74.0,155.0,Orthodox,1998-02-10,http://ufcstats.com/fighter-details/bf2c8e01b07d3eb1
Sam Oropeza,74.0,,170.0,,,http://ufcstats.com/fighter-details/6b8db407d49c6e4b
Brian Ortega,68.0,69.0,145.0,Switch,1991-02-21,http://ufcstats.com/fighter-details/def8166ff24bd237
Tito Ortiz,75.0,74.0,205.0,Orthodox,1975-01-23,http://ufcstats.com/fighter-details/2f732dd9210d301f
Jorge Ortiz,72.0,,185.0,Orthodox,,http://ufcstats.com/fighter-details/9c5828c6fd9dc948
Dustin Ortiz,65.0,65.0,125.0,Orthodox,1988-12-25,http://ufcstats.com/fighter-details/f53c1f4ceeed8c08
Kenji Osawa,67.0,66.0,135.0,Orthodox,1976-11-04,http://ufcstats.com/fighter-details/8eb239a52fc4ec14
Ode Osbourne,67.0,73.0,125.0,Southpaw,1992-01-09,http://ufcstats.com/fighter-details/6d68c1afe954f121
Kurt Osiander,,,185.0,,,http://ufcstats.com/fighter-details/f84dfc5a8d178403
Nick Osipczak,74.0,76.0,170.0,Orthodox,1984-12-30,http://ufcstats.com/fighter-details/5b407acfe0ef9b76
Nissen Osterneck,74.0,,185.0,Orthodox,1981-05-01,http://ufcstats.com/fighter-details/d632d156c0549e07
Rachael Ostovich,63.0,62.0,125.0,Orthodox,1991-02-25,http://ufcstats.com/fighter-details/01784fbc27c68b14
Pedro Otavio,75.0,,245.0,Orthodox,,http://ufcstats.com/fighter-details/4512e46543b960ad
Alexander Otsuka,73.0,,205.0,Orthodox,1971-07-17,http://ufcstats.com/fighter-details/865aa315ea62c511
Takafumi Otsuka,66.0,,139.0,Orthodox,,http://ufcstats.com/fighter-details/6b8f28da9a483049
Quemuel Ottoni,72.0,72.0,155.0,Orthodox,1992-10-22,http://ufcstats.com/fighter-details/7ce21433c2a53168
Zak Ottow,71.0,72.0,170.0,Orthodox,1986-12-22,http://ufcstats.com/fighter-details/47cd337b86b1af92
Artur Oumakhanov,67.0,,154.0,Orthodox,1979-02-27,http://ufcstats.com/fighter-details/1ef0eae31904e534
Sidney Outlaw,68.0,74.0,170.0,Orthodox,1992-04-11,http://ufcstats.com/fighter-details/871ce0b4a01922b6
Alistair Overeem,76.0,80.0,265.0,Orthodox,1980-05-17,http://ufcstats.com/fighter-details/b4ad3a06ee4d660c
Valentijn Overeem,75.0,,230.0,Orthodox,1976-08-17,http://ufcstats.com/fighter-details/20e403a1acfef130
Craig Oxley,69.0,,155.0,,1973-02-14,http://ufcstats.com/fighter-details/4bb9d7a32d02a03e
Shungo Oyama,71.0,,185.0,Southpaw,1974-04-11,http://ufcstats.com/fighter-details/47b7e4e60813b7b2
Ren Ozaki,67.0,68.0,135.0,Orthodox,2001-12-15,http://ufcstats.com/fighter-details/8997ee20b6a43d76
Alptekin Ozkilic,65.0,65.0,125.0,Orthodox,1986-03-27,http://ufcstats.com/fighter-details/e18a19001a3f7c7d
Raquel Pa'aluhi,67.0,,135.0,,,http://ufcstats.com/fighter-details/373be586f370d400
Nick Pace,67.0,68.0,135.0,Orthodox,1987-04-17,http://ufcstats.com/fighter-details/8cb76103cd8a1562
Jimmie Pace,,,185.0,,1996-04-09,http://ufcstats.com/fighter-details/4652b685fa11e7fd
Larissa Pacheco,67.0,,135.0,Orthodox,1994-09-07,http://ufcstats.com/fighter-details/16b89be2f5c16fba
Angel Pacheco,68.0,70.0,135.0,Orthodox,1992-01-13,http://ufcstats.com/fighter-details/07797f10b9569cfc
Teemu Packalen,73.0,75.0,155.0,Orthodox,1987-05-22,http://ufcstats.com/fighter-details/8f4eeaf7a0df7c1a
George Pacurariu,67.0,,135.0,,1984-07-28,http://ufcstats.com/fighter-details/c51da79b0346b5b7
Cyrillo Padilha,71.0,,155.0,,1978-01-23,http://ufcstats.com/fighter-details/856c4d2668a875f9
Gary Padilla,71.0,,205.0,,1980-05-04,http://ufcstats.com/fighter-details/01dd4cdc2446f665
Fernando Padilla,73.0,76.0,145.0,Orthodox,1996-12-15,http://ufcstats.com/fighter-details/d2f43cfaf8ca3560
Chris Padilla,69.0,74.0,155.0,Orthodox,1995-09-14,http://ufcstats.com/fighter-details/06626b6287e1ae1e
Damacio Page,66.0,66.0,135.0,Orthodox,1982-09-30,http://ufcstats.com/fighter-details/c96e2ae6021144a1
Michael Page,75.0,79.0,185.0,Switch,1987-04-07,http://ufcstats.com/fighter-details/a67d071163962af8
Dustin Pague,69.0,74.0,135.0,Orthodox,1987-08-05,http://ufcstats.com/fighter-details/55f80a8aeffcdb33
Josh Paiva,66.0,,125.0,,1991-04-05,http://ufcstats.com/fighter-details/1e12c1dbbb1e2dda
Raulian Paiva,68.0,69.0,135.0,Orthodox,1995-10-17,http://ufcstats.com/fighter-details/82b4e942781b1046
Dinis Paiva Jr.,69.0,71.0,145.0,Southpaw,1988-05-26,http://ufcstats.com/fighter-details/ad3a5e465c76e499
Fredson Paixao,66.0,66.0,145.0,Orthodox,1979-05-13,http://ufcstats.com/fighter-details/320edfb0332b7073
Luis Pajuelo,70.0,69.0,145.0,Orthodox,1994-12-18,http://ufcstats.com/fighter-details/e530df53922f413e
Jose Palacios,69.0,,145.0,Orthodox,,http://ufcstats.com/fighter-details/de20ffb3fc2e7629
Ricky Palacios,66.0,,145.0,Orthodox,1987-07-05,http://ufcstats.com/fighter-details/797ddccda75f169f
Bart Palaszewski,69.0,70.0,145.0,Orthodox,1983-05-30,http://ufcstats.com/fighter-details/4304992c2acc187b
Sasha Palatnikov,73.0,72.0,170.0,Switch,1989-03-15,http://ufcstats.com/fighter-details/a6c20202c701e5ca
Soa Palelei,76.0,81.0,265.0,Orthodox,1977-07-12,http://ufcstats.com/fighter-details/60029bcf496bd707
Rousimar Palhares,68.0,71.0,170.0,Orthodox,1980-02-26,http://ufcstats.com/fighter-details/8ddf9c51c5fdea75
Tulio Palhares,,,180.0,,,http://ufcstats.com/fighter-details/e8c170a64dc920ac
Stephen Palling,64.0,,143.0,,1967-01-29,http://ufcstats.com/fighter-details/ab7c212de9f66af0
Eduardo Pamplona,71.0,,170.0,,1973-02-20,http://ufcstats.com/fighter-details/f31c0905045fa100
Ruel Panales,65.0,67.0,125.0,Southpaw,1996-12-07,http://ufcstats.com/fighter-details/2742f028399bf8c7
Yuri Panferov,73.0,72.0,185.0,Orthodox,1996-08-30,http://ufcstats.com/fighter-details/36d811b015635b67
Alexandre Pantoja,65.0,67.0,125.0,Orthodox,1990-04-16,http://ufcstats.com/fighter-details/a0f0004aadf10b71
Jared Papazian,68.0,67.0,135.0,Southpaw,1988-02-01,http://ufcstats.com/fighter-details/edad57b3dddf2168
Kathryn Paprocki,63.0,63.0,115.0,Orthodox,1993-04-28,http://ufcstats.com/fighter-details/bd381cde8426077a
Joe Pardo,73.0,,210.0,Southpaw,,http://ufcstats.com/fighter-details/74fefd43f073cd2f
Bryan Pardoe,73.0,,205.0,Orthodox,,http://ufcstats.com/fighter-details/56116537d71a578c
Remco Pardoel,75.0,,260.0,Southpaw,,http://ufcstats.com/fighter-details/749685d24e2cac50
Ido Pariente,68.0,,155.0,Orthodox,,http://ufcstats.com/fighter-details/7573d25a078b5732
Josh Parisian,76.0,79.0,265.0,Orthodox,1989-06-28,http://ufcstats.com/fighter-details/b5da8f7d05e85a55
Karo Parisyan,70.0,72.0,170.0,Orthodox,1982-08-28,http://ufcstats.com/fighter-details/349aaa3da11eb587
Won Sik Park,71.0,,154.0,Orthodox,,http://ufcstats.com/fighter-details/9df394db5ca103eb
JunYong Park,70.0,73.0,185.0,Orthodox,1991-02-27,http://ufcstats.com/fighter-details/285ae0b4a68221f4
Harvey Park,72.0,70.0,155.0,Orthodox,1986-03-22,http://ufcstats.com/fighter-details/b709b534b6873744
HyunSung Park,67.0,66.0,125.0,Orthodox,1995-11-04,http://ufcstats.com/fighter-details/b671bdf981ad527d
JaeHyun Park,68.0,73.0,155.0,Orthodox,2001-12-10,http://ufcstats.com/fighter-details/fe1595732dfb08fc
EoJin Park,72.0,71.0,145.0,Orthodox,2001-12-26,http://ufcstats.com/fighter-details/f79e7f138bf50cc0
Norman Parke,71.0,70.0,155.0,Southpaw,1986-12-22,http://ufcstats.com/fighter-details/14ff46596ad80609
Ryan Parker,75.0,,235.0,Southpaw,,http://ufcstats.com/fighter-details/6a0b80a24f22e152
Larry Parker,71.0,,205.0,Orthodox,,http://ufcstats.com/fighter-details/c0231720fe516994
Tyra Parker,65.0,,115.0,Orthodox,,http://ufcstats.com/fighter-details/64be3dc99eaa42b6
Mick Parkin,76.0,79.0,265.0,Orthodox,1995-10-02,http://ufcstats.com/fighter-details/0d5cc0170c1a7e71
Willie Parks,70.0,,185.0,,1983-11-04,http://ufcstats.com/fighter-details/86ad0ae839331bd7
Jordan Parsons,69.0,,145.0,,1990-08-26,http://ufcstats.com/fighter-details/8b2a18d3c6735083
Preston Parsons,71.0,71.0,170.0,Orthodox,1995-07-15,http://ufcstats.com/fighter-details/9fe7af8b3fbe00a0
Jonny Parsons,69.0,69.0,170.0,Orthodox,1991-09-06,http://ufcstats.com/fighter-details/2975297f505e9447
Onassis Parungao,71.0,,200.0,,,http://ufcstats.com/fighter-details/96d173b7f92aa520
Ramona Pascual,67.0,66.0,135.0,Southpaw,1988-09-23,http://ufcstats.com/fighter-details/3eb4dc9a7d4ac906
Quentin Pasley,,,205.0,,,http://ufcstats.com/fighter-details/15b1f83a90302adf
Billy Pasulatan,65.0,66.0,125.0,Switch,1991-08-07,http://ufcstats.com/fighter-details/e5a59983f4603621
Guilherme Pat,,,265.0,,,http://ufcstats.com/fighter-details/ba15006c804a8de0
Jhonoven Pati,73.0,75.0,185.0,Switch,1990-08-29,http://ufcstats.com/fighter-details/6b16024d44eb03a2
Windri Patilima,66.0,71.0,155.0,Southpaw,1993-07-19,http://ufcstats.com/fighter-details/66d42e9503fa108e
Jorge Patino,68.0,,170.0,Orthodox,1973-08-05,http://ufcstats.com/fighter-details/c8cca8f3de5be4b4
Russell Patrick,69.0,,145.0,,,http://ufcstats.com/fighter-details/eafedba0617ced81
Claude Patrick,71.0,75.0,170.0,Orthodox,1980-06-14,http://ufcstats.com/fighter-details/56116a79e4deed06
Alan Patrick,71.0,74.0,155.0,Southpaw,1983-07-19,http://ufcstats.com/fighter-details/cd7763bcadb5d4c8
Michael Patt,72.0,,205.0,Orthodox,,http://ufcstats.com/fighter-details/83d0de122f2f9664
Justin Patterson,70.0,,170.0,,1985-12-07,http://ufcstats.com/fighter-details/2dc7c49cfaeb867c
Sam Patterson,75.0,78.0,170.0,Orthodox,1996-04-30,http://ufcstats.com/fighter-details/8b6e5dc2ba1edbe7
Zac Pauga,74.0,76.0,205.0,Orthodox,1988-02-25,http://ufcstats.com/fighter-details/56f7d7ee06be4aab
Julio Paulino,72.0,,170.0,Orthodox,1975-12-04,http://ufcstats.com/fighter-details/60c72f7459827881
Thomas Paull,67.0,67.0,155.0,Orthodox,1994-10-15,http://ufcstats.com/fighter-details/dda67d7d3df6b406
Sergei Pavlovich,75.0,84.0,257.0,Southpaw,1992-05-13,http://ufcstats.com/fighter-details/f14cf73e51b29254
Pawel Pawlak,72.0,73.0,170.0,Orthodox,1989-02-08,http://ufcstats.com/fighter-details/9310418684bc896f
Estevan Payan,70.0,,145.0,Orthodox,1982-03-14,http://ufcstats.com/fighter-details/d0a5ef38a7778ac2
Sarah Payant,64.0,,115.0,,,http://ufcstats.com/fighter-details/748d4e35f846a029
Roland Payne,69.0,,205.0,Orthodox,,http://ufcstats.com/fighter-details/2e04a3b4a2011b97
Jonathan Pearce,72.0,71.0,145.0,Switch,1992-05-01,http://ufcstats.com/fighter-details/87c0b1c696ddfb43
Joe Pearson,70.0,,145.0,Orthodox,1978-03-28,http://ufcstats.com/fighter-details/122806b56775a53a
Ross Pearson,68.0,69.0,155.0,Orthodox,1984-09-26,http://ufcstats.com/fighter-details/4f732e58ed907eff
Andre Pederneiras,68.0,,155.0,Orthodox,1967-03-22,http://ufcstats.com/fighter-details/bba678d312590087
Carlo Pedersoli Jr.,71.0,75.0,170.0,Southpaw,1993-06-08,http://ufcstats.com/fighter-details/198994b47f395af0
Matt Pedro,,,,,,http://ufcstats.com/fighter-details/f354c50b8d63d9b3
Tyson Pedro,75.0,79.0,205.0,Orthodox,1991-09-17,http://ufcstats.com/fighter-details/49e96ff8ab781589
Trevor Peek,69.0,70.0,145.0,Switch,1995-01-09,http://ufcstats.com/fighter-details/0bc697c5936a2d0a
Willie Peeters,69.0,,220.0,Orthodox,1965-10-26,http://ufcstats.com/fighter-details/e7bfdb5e0112891e
Filip Pejic,68.0,,135.0,Orthodox,1992-07-21,http://ufcstats.com/fighter-details/38ed5a2299230227
Kurt Pellegrino,68.0,70.0,155.0,Orthodox,1979-05-07,http://ufcstats.com/fighter-details/aa1952ec0b3dd8e1
Yan Pellerin,71.0,,205.0,Orthodox,,http://ufcstats.com/fighter-details/bfe95ec546692b13
Julianna Pena,66.0,69.0,135.0,Orthodox,1989-08-19,http://ufcstats.com/fighter-details/3253b16d38ae087d
Luis Pena,75.0,75.0,155.0,Southpaw,1993-07-05,http://ufcstats.com/fighter-details/2844b047183a1adb
Felipe Pena,,,,,1991-10-19,http://ufcstats.com/fighter-details/566ff9546fc29acd
Matej Penaz,75.0,83.0,185.0,Southpaw,1996-10-14,http://ufcstats.com/fighter-details/abd64006fd37298d
Sherman Pendergarst,73.0,,235.0,Orthodox,1967-08-01,http://ufcstats.com/fighter-details/e670f8cc2969a789
Drew Pendleton,,,145.0,,1983-12-08,http://ufcstats.com/fighter-details/34b634cb2471bdde
Cathal Pendred,73.0,75.0,170.0,Orthodox,1987-09-02,http://ufcstats.com/fighter-details/99c7610aa74995d3
BJ Penn,69.0,70.0,155.0,Orthodox,1978-12-13,http://ufcstats.com/fighter-details/73c7cfa551289285
Jessica Penne,65.0,67.0,115.0,Orthodox,1983-01-30,http://ufcstats.com/fighter-details/c742287ed86a09bc
Nick Penner,76.0,,205.0,Southpaw,1980-03-26,http://ufcstats.com/fighter-details/879b8df81523d91b
Justin Pennington,64.0,,,,,http://ufcstats.com/fighter-details/0699c4b2a7c3c76f
Raquel Pennington,67.0,67.0,135.0,Orthodox,1988-09-05,http://ufcstats.com/fighter-details/fc169c387b4b465d
Tecia Pennington,61.0,60.0,115.0,Orthodox,1989-08-16,http://ufcstats.com/fighter-details/31ef8b67e13495b3
Jerron Peoples,72.0,,170.0,,1982-05-04,http://ufcstats.com/fighter-details/a2ac473d74eb157c
Godofredo Pepey,67.0,73.0,145.0,Orthodox,1987-07-02,http://ufcstats.com/fighter-details/fa37628269132d1a
Ray Perales,70.0,,170.0,Orthodox,,http://ufcstats.com/fighter-details/9a70f67ad2187fa3
Robert Peralta,68.0,71.0,145.0,Orthodox,1986-03-14,http://ufcstats.com/fighter-details/960d6cae8879ba2b
Viviane Pereira,61.0,63.0,115.0,Orthodox,1993-08-28,http://ufcstats.com/fighter-details/d50382dc0565a9e1
Michel Pereira,73.0,73.0,185.0,Orthodox,1993-10-06,http://ufcstats.com/fighter-details/595db60957de51d3
Alex Pereira,76.0,79.0,205.0,Orthodox,1987-07-07,http://ufcstats.com/fighter-details/e5549c82bfb5582d
Daniel Pereira,70.0,,185.0,,1990-12-13,http://ufcstats.com/fighter-details/44f46b0592ca0814
Luciano Pereira,,,125.0,Orthodox,2001-01-09,http://ufcstats.com/fighter-details/d7ee49bf3c779fa6
Alice Pereira,68.0,71.0,135.0,Orthodox,2005-12-20,http://ufcstats.com/fighter-details/81d2c551886bd5a1
Rolando Perez,68.0,,135.0,Orthodox,,http://ufcstats.com/fighter-details/4a9e305633f3ef47
Philip Perez,65.0,,155.0,Southpaw,,http://ufcstats.com/fighter-details/eee8efec7b951d84
Erik Perez,68.0,68.0,135.0,Orthodox,1989-11-19,http://ufcstats.com/fighter-details/af62f99eb7606308
Alejandro Perez,66.0,67.0,135.0,Orthodox,1989-09-02,http://ufcstats.com/fighter-details/80daefbed11ce998
Frankie Perez,71.0,73.0,155.0,Orthodox,1989-05-11,http://ufcstats.com/fighter-details/96c336b463e0662c
Jose Perez,,,,,,http://ufcstats.com/fighter-details/89578ae236ee04e9
Alex Perez,66.0,65.0,125.0,Orthodox,1992-03-21,http://ufcstats.com/fighter-details/ab2b4ff41d6ebe0f
Markus Perez,73.0,73.0,185.0,Orthodox,1988-06-22,http://ufcstats.com/fighter-details/2ac4628c08ec5125
Ailin Perez,65.0,66.0,135.0,Switch,1994-10-05,http://ufcstats.com/fighter-details/06e4245d16fc5315
Cristian Perez,69.0,72.0,155.0,Orthodox,1999-08-17,http://ufcstats.com/fighter-details/d84033157714ee94
Rafael Pergentino,,,205.0,Orthodox,2002-01-08,http://ufcstats.com/fighter-details/8d3b4a630b1bf1e6
Brando Pericic,77.0,79.0,245.0,Orthodox,1994-08-03,http://ufcstats.com/fighter-details/d0fd0d9ee560dae7
Anthony Perosh,75.0,75.0,205.0,Orthodox,1972-10-05,http://ufcstats.com/fighter-details/4b4753d19489297f
Thiago Perpetuo,70.0,,170.0,Orthodox,1987-12-14,http://ufcstats.com/fighter-details/c1a5d3843596df92
Hernani Perpetuo,72.0,,170.0,Orthodox,1985-05-24,http://ufcstats.com/fighter-details/575360be653ad6a6
Jay Perrin,67.0,67.0,135.0,Switch,1993-06-15,http://ufcstats.com/fighter-details/01fed6f61ebea01f
Mike Perry,70.0,71.0,170.0,Orthodox,1991-09-15,http://ufcstats.com/fighter-details/f2b6fdb20675b11c
Raphael Pessoa,75.0,78.0,262.0,Orthodox,1989-03-09,http://ufcstats.com/fighter-details/41f90012b86a11bf
Viktor Pesta,75.0,77.0,240.0,Orthodox,1990-07-15,http://ufcstats.com/fighter-details/202b0467521c9d6f
Leiticia Pestova,66.0,,135.0,Orthodox,1984-01-15,http://ufcstats.com/fighter-details/f3743d8ef5dde970
Tony Petarra,71.0,,196.0,Orthodox,,http://ufcstats.com/fighter-details/c61f66d8c3fd5f07
Tommy Petersen,,,155.0,,,http://ufcstats.com/fighter-details/7aabd61419f747d1
Thomas Petersen,73.0,74.0,264.0,Southpaw,1995-03-30,http://ufcstats.com/fighter-details/764d39074a352e33
Cory Peterson,83.0,,400.0,Orthodox,,http://ufcstats.com/fighter-details/5df10509264586e5
Steven Peterson,70.0,70.0,145.0,Orthodox,1990-05-29,http://ufcstats.com/fighter-details/b93c06d09d1c4ac0
Vitor Petrino,74.0,77.0,265.0,Orthodox,1997-08-28,http://ufcstats.com/fighter-details/71171fc96445bf65
Andre Petroski,72.0,73.0,185.0,Switch,1991-06-12,http://ufcstats.com/fighter-details/5f61780fe5e9b6d0
Armen Petrosyan,75.0,71.0,185.0,Orthodox,1990-11-03,http://ufcstats.com/fighter-details/369ea36e450ae62a
Ivana Petrovic,68.0,70.0,125.0,Southpaw,1994-06-11,http://ufcstats.com/fighter-details/38c5817ade8a8014
Seth Petruzelli,72.0,76.0,205.0,Orthodox,1979-12-03,http://ufcstats.com/fighter-details/93b9496275bbbf80
Peter Petties,71.0,72.0,145.0,Southpaw,1990-12-20,http://ufcstats.com/fighter-details/7ea5d60d2e6a8ad0
Anthony Pettis,70.0,72.0,155.0,Orthodox,1987-01-27,http://ufcstats.com/fighter-details/cbb682f5fcc44bfc
Sergio Pettis,66.0,69.0,125.0,Orthodox,1993-08-18,http://ufcstats.com/fighter-details/de75d1c45a39e221
Forrest Petz,69.0,71.0,170.0,Orthodox,1975-09-22,http://ufcstats.com/fighter-details/e86bc32f5997a8f7
Dino Pezao,,,205.0,Orthodox,,http://ufcstats.com/fighter-details/81b57acd6975ac06
Cody Pfister,70.0,73.0,155.0,Orthodox,1990-07-12,http://ufcstats.com/fighter-details/5904b0b38dc6718d
Nam Phan,66.0,70.0,135.0,Orthodox,1983-03-13,http://ufcstats.com/fighter-details/80dbeb1dd5b53e64
Constantinos Philippou,71.0,73.0,185.0,Orthodox,1979-11-29,http://ufcstats.com/fighter-details/05560764359161e4
Wayne Phillips,,,185.0,,1983-06-17,http://ufcstats.com/fighter-details/09a82bd51ff61376
Dave Phillips,72.0,,185.0,Orthodox,1980-01-12,http://ufcstats.com/fighter-details/99020eeb8cd5689d
Aaron Phillips,69.0,71.0,135.0,Southpaw,1989-08-05,http://ufcstats.com/fighter-details/34c2b3656f88f7ef
Elizabeth Phillips,66.0,65.0,135.0,Orthodox,1986-08-20,http://ufcstats.com/fighter-details/dcbf01d605681ad1
John Phillips,71.0,75.0,185.0,Southpaw,1985-06-09,http://ufcstats.com/fighter-details/e9ac7bfb65c25497
Kyler Phillips,68.0,72.0,135.0,Orthodox,1995-06-12,http://ufcstats.com/fighter-details/60425d07ef4b91a7
Mario Piazzon,69.0,73.0,265.0,Orthodox,1998-04-06,http://ufcstats.com/fighter-details/44f234a36324e6c8
Nick Pica,70.0,,185.0,,,http://ufcstats.com/fighter-details/7922e8269adcc25a
Nick Piccininni,66.0,66.0,125.0,Orthodox,1996-12-16,http://ufcstats.com/fighter-details/a5cb1c29461853ca
Adam Piccolotti,71.0,,155.0,,1988-10-23,http://ufcstats.com/fighter-details/fa399f7f6e17f7f5
Vinc Pichel,70.0,72.0,155.0,Orthodox,1982-11-23,http://ufcstats.com/fighter-details/c77a953488e5607d
Brad Pickett,66.0,68.0,135.0,Orthodox,1978-09-24,http://ufcstats.com/fighter-details/c945adc22c2bfe8f
Jamie Pickett,74.0,80.0,185.0,Orthodox,1988-08-29,http://ufcstats.com/fighter-details/830f60497fab345a
Aaron Pico,68.0,70.0,145.0,Orthodox,1996-09-23,http://ufcstats.com/fighter-details/5537efc6e496dd84
Fabiola Pidroni,,,115.0,,1994-01-04,http://ufcstats.com/fighter-details/9561eb5f0d63ffcc
Oskar Piechota,72.0,76.0,185.0,Southpaw,1990-01-24,http://ufcstats.com/fighter-details/1cf7ccf64a5bf24e
Nick Piedmont,70.0,,145.0,,,http://ufcstats.com/fighter-details/df7d386a54e07446
Mike Pierce,68.0,71.0,170.0,Orthodox,1980-09-01,http://ufcstats.com/fighter-details/236a37d96d476164
Joao Pierini,73.0,,155.0,Switch,1971-12-11,http://ufcstats.com/fighter-details/9a967e8e43dcef63
Jonathan Piersma,71.0,73.0,170.0,Orthodox,1996-03-03,http://ufcstats.com/fighter-details/1c7308d2957a12d2
Sean Pierson,72.0,76.0,170.0,Southpaw,1976-03-10,http://ufcstats.com/fighter-details/0d506315895efffc
Domingo Pilarte,72.0,73.0,135.0,Southpaw,1990-01-05,http://ufcstats.com/fighter-details/4bf6b225ff6099c4
Paddy Pimblett,70.0,73.0,155.0,Orthodox,1995-01-03,http://ufcstats.com/fighter-details/7826923b47f8d72a
Damian Pinas,73.0,79.0,185.0,Orthodox,2002-03-12,http://ufcstats.com/fighter-details/fdd22e895a70e4a8
Daniel Pineda,67.0,69.0,145.0,Orthodox,1985-08-06,http://ufcstats.com/fighter-details/361d49960a196976
Jesus Pinedo,70.0,,155.0,Southpaw,1996-06-22,http://ufcstats.com/fighter-details/25af5e832f17b474
Pingyuan Liu,66.0,72.0,135.0,Orthodox,1993-02-13,http://ufcstats.com/fighter-details/31bbd39c0a075d4e
Luana Pinheiro,62.0,62.0,115.0,Orthodox,1992-11-18,http://ufcstats.com/fighter-details/a3a542074109b347
Mario Pinto,77.0,79.0,265.0,Orthodox,1998-03-14,http://ufcstats.com/fighter-details/39d309957c5c210d
Gaetano Pirrello,67.0,65.0,135.0,Orthodox,1992-04-29,http://ufcstats.com/fighter-details/8765559b6a29a421
Maki Pitolo,70.0,75.0,185.0,Orthodox,1990-11-24,http://ufcstats.com/fighter-details/c549573c0df4d676
Dmitry Poberezhets,75.0,,237.0,,1985-06-11,http://ufcstats.com/fighter-details/9756095cb76b67c3
Jamal Pogues,75.0,77.0,205.0,Orthodox,1995-12-01,http://ufcstats.com/fighter-details/f41b9f5efc7162d6
Ross Pointon,68.0,,170.0,Orthodox,1980-02-18,http://ufcstats.com/fighter-details/7215953cd5c6254d
Dustin Poirier,69.0,72.0,155.0,Southpaw,1989-01-19,http://ufcstats.com/fighter-details/029eaff01e6bb8f0
Igor Pokrajac,72.0,74.0,205.0,Orthodox,1979-01-02,http://ufcstats.com/fighter-details/53278852bcd91e11
John Polakowski,70.0,,155.0,Orthodox,1981-06-21,http://ufcstats.com/fighter-details/b18fb36a4aa00093
Julia Polastri,62.0,63.0,115.0,Orthodox,1998-03-05,http://ufcstats.com/fighter-details/abb68e3c7ca128f2
Brandon Polcare,,,125.0,,,http://ufcstats.com/fighter-details/543cd2258f4fa339
Mike Polchlopek,76.0,,285.0,Orthodox,1965-12-27,http://ufcstats.com/fighter-details/3bb030257966b022
Santiago Ponzinibbio,72.0,73.0,170.0,Orthodox,1986-09-26,http://ufcstats.com/fighter-details/6d1bffff14897645
Grigory Popov,67.0,68.0,135.0,Switch,1984-04-18,http://ufcstats.com/fighter-details/d3fa5c5955397532
Alexander Poppeck,74.0,,205.0,Orthodox,1992-04-06,http://ufcstats.com/fighter-details/56bf3ed155bd0fcd
Felipe Portela,,,170.0,,1987-11-23,http://ufcstats.com/fighter-details/303e017a9074f3aa
Parker Porter,72.0,75.0,265.0,Orthodox,1985-04-22,http://ufcstats.com/fighter-details/ac40f7e3cbecdda4
Ihor Potieria,75.0,75.0,185.0,Southpaw,1996-05-29,http://ufcstats.com/fighter-details/260bd4cef10b033f
Callan Potter,72.0,72.0,170.0,Orthodox,1984-06-09,http://ufcstats.com/fighter-details/8fc9ae9c7527dfcb
Dylan Potter,74.0,77.0,225.0,Switch,1995-01-14,http://ufcstats.com/fighter-details/61e47575b24a06bf
Ruan Potts,74.0,75.0,247.0,Orthodox,1978-02-23,http://ufcstats.com/fighter-details/7e208569469c8bc8
Devin Powell,72.0,73.0,155.0,Orthodox,1988-03-01,http://ufcstats.com/fighter-details/065eb44700e641a4
Marcin Prachnio,75.0,73.0,205.0,Orthodox,1988-07-14,http://ufcstats.com/fighter-details/6370c1c1e12723d5
Wagner Prado,72.0,74.0,205.0,Southpaw,1986-12-30,http://ufcstats.com/fighter-details/7f6ef4e1227600bc
Francisco Prado,70.0,69.0,170.0,Orthodox,2002-06-16,http://ufcstats.com/fighter-details/3920d0cc288f9b0d
Trevor Prangley,73.0,75.0,185.0,Orthodox,1972-08-24,http://ufcstats.com/fighter-details/f5ff7bcdcfeba3ad
Ricardo Prasel,79.0,78.0,238.0,Orthodox,1990-06-02,http://ufcstats.com/fighter-details/b51d0ed3782a1bf5
Carlo Prater,71.0,72.0,155.0,Switch,1981-06-25,http://ufcstats.com/fighter-details/4f853e98886283cf
Carlos Prates,73.0,78.0,170.0,Switch,1993-08-17,http://ufcstats.com/fighter-details/7ee0fd831c0fe7c3
Michel Prazeres,66.0,67.0,170.0,Orthodox,1981-07-25,http://ufcstats.com/fighter-details/e51fcd9cd84c0b93
Philip Preece,68.0,,205.0,Orthodox,,http://ufcstats.com/fighter-details/6597b611f1c32555
Kyle Prepolec,70.0,70.0,155.0,Southpaw,1989-08-30,http://ufcstats.com/fighter-details/873626e5547b5235
Dorian Price,75.0,,170.0,Southpaw,1977-08-20,http://ufcstats.com/fighter-details/ee4b670e159f4a33
Chris Price,74.0,,185.0,Southpaw,1982-11-09,http://ufcstats.com/fighter-details/0597a4528ebd1307
Niko Price,72.0,76.0,170.0,Orthodox,1989-09-29,http://ufcstats.com/fighter-details/d8da10db80131bec
Shane Primm,75.0,,205.0,Orthodox,1984-07-30,http://ufcstats.com/fighter-details/5114f1b5ad4cdf72
Brent Primus,70.0,,155.0,,1985-04-12,http://ufcstats.com/fighter-details/46caf130099206cd
Jiri Prochazka,75.0,80.0,205.0,Orthodox,1992-10-14,http://ufcstats.com/fighter-details/009341ed974bad72
Lara Procopio,64.0,67.0,125.0,Orthodox,1995-11-14,http://ufcstats.com/fighter-details/e99821959a840bb8
Joe Proctor,70.0,72.0,155.0,Orthodox,1985-08-10,http://ufcstats.com/fighter-details/a36556bb1565e32d
Cole Province,69.0,68.0,145.0,Orthodox,1981-01-17,http://ufcstats.com/fighter-details/2a470ad41c22c25a
Daniel Puder,75.0,,235.0,Orthodox,1981-10-09,http://ufcstats.com/fighter-details/66e0a70352fef46a
Lucie Pudilova,68.0,67.0,125.0,Orthodox,1994-06-13,http://ufcstats.com/fighter-details/3cf66c62d9069f43
Claudio Puelles,70.0,72.0,155.0,Southpaw,1996-04-21,http://ufcstats.com/fighter-details/d747eb273a40a920
Juan Puerta,69.0,71.0,125.0,Southpaw,1988-01-20,http://ufcstats.com/fighter-details/fdba548aff9763d9
Bubba Pugh,70.0,,185.0,,,http://ufcstats.com/fighter-details/6cf2352cdb3de59d
Juan Manuel Puig,69.0,,145.0,Orthodox,1989-04-23,http://ufcstats.com/fighter-details/85d0fafb8b75d634
Hugh Pulley,72.0,,155.0,,,http://ufcstats.com/fighter-details/308279bd246c211f
Josh Pulsifer,70.0,,145.0,,1983-03-16,http://ufcstats.com/fighter-details/16867810070dc520
Jens Pulver,67.0,70.0,145.0,Southpaw,1974-12-06,http://ufcstats.com/fighter-details/44260175069b6276
Andrey Pulyaev,76.0,78.0,185.0,Southpaw,1997-09-10,http://ufcstats.com/fighter-details/22e07d3da1aa3475
CM Punk,73.0,73.0,170.0,Orthodox,1978-10-26,http://ufcstats.com/fighter-details/a8c9d16fe2a14d72
Joe Pyfer,74.0,75.0,185.0,Orthodox,1996-09-17,http://ufcstats.com/fighter-details/c1085e1701b13eca
Mike Pyle,72.0,74.0,170.0,Orthodox,1975-09-18,http://ufcstats.com/fighter-details/f5990c11974d8e9c
Pat Pytlik,72.0,73.0,170.0,Orthodox,1989-04-24,http://ufcstats.com/fighter-details/4fd140eea593526e
Qiu Lun,68.0,66.0,125.0,Southpaw,1997-07-08,http://ufcstats.com/fighter-details/126bdc1710a8cbf4
Bao Quach,63.0,,145.0,Orthodox,1979-09-04,http://ufcstats.com/fighter-details/d365ee924f5cc3fc
Gary Quan,68.0,,143.0,,1971-04-11,http://ufcstats.com/fighter-details/f7b4cbe93f3bac06
Billy Quarantillo,70.0,70.0,145.0,Orthodox,1988-12-08,http://ufcstats.com/fighter-details/aa171d55d4b5208f
Nate Quarry,72.0,72.0,185.0,Open Stance,1972-03-18,http://ufcstats.com/fighter-details/52cae54377b433b7
Vinicius Queiroz,79.0,,220.0,Orthodox,1983-08-29,http://ufcstats.com/fighter-details/2a8502954f49e682
Jimmy Quinlan,72.0,,185.0,Orthodox,1986-05-25,http://ufcstats.com/fighter-details/ddbe4fa2ea573393
Josh Quinlan,72.0,72.0,170.0,Orthodox,1993-02-06,http://ufcstats.com/fighter-details/876f478f796495f7
Ryan Quinn,68.0,,145.0,,,http://ufcstats.com/fighter-details/cc23ed51619421a3
Michel Quinones,70.0,73.0,155.0,Orthodox,1984-12-22,http://ufcstats.com/fighter-details/5e84a859c6a82288
Landon Quinones,69.0,70.0,155.0,Southpaw,1995-11-21,http://ufcstats.com/fighter-details/267f4a6568abe245
Jose Quinonez,68.0,69.0,135.0,Southpaw,1990-07-28,http://ufcstats.com/fighter-details/36549928f90f1d36
Cristian Quinonez,68.0,70.0,135.0,Orthodox,1996-04-26,http://ufcstats.com/fighter-details/7debc13b36343605
Benji Radach,70.0,,185.0,Orthodox,1979-04-05,http://ufcstats.com/fighter-details/01b39decaf0abf6a
Jordan Radev,67.0,,185.0,Southpaw,1976-09-28,http://ufcstats.com/fighter-details/45bc8f98d62bd096
Charles Radtke,69.0,72.0,170.0,Orthodox,1990-07-09,http://ufcstats.com/fighter-details/feedf3053472fe56
Loik Radzhabov,71.0,69.0,155.0,Orthodox,1990-09-17,http://ufcstats.com/fighter-details/8c169fbe1ac33637
Gilbert Rael,68.0,,155.0,,,http://ufcstats.com/fighter-details/6cc25d19a891f435
Josh Rafferty,72.0,,170.0,Orthodox,1981-01-06,http://ufcstats.com/fighter-details/ff2c606c8bc365e3
Marwan Rahiki,,,145.0,,,http://ufcstats.com/fighter-details/6eedb757f13b9978
Amir Rahnavardi,72.0,,205.0,Orthodox,1974-12-07,http://ufcstats.com/fighter-details/bc7f7f0ba3db74d2
Ricky Rainey,73.0,77.0,170.0,Switch,1983-06-29,http://ufcstats.com/fighter-details/9b1e3fb4f8cbd5b7
Shavkat Rakhmonov,73.0,77.0,170.0,Orthodox,1994-10-23,http://ufcstats.com/fighter-details/01afe0916a40c7c5
Sora Rakhmonova,,,125.0,,1998-06-21,http://ufcstats.com/fighter-details/63ff619c52ff7976
Aleksandar Rakic,76.0,78.0,205.0,Orthodox,1992-02-06,http://ufcstats.com/fighter-details/333b9e5c723ac873
Jessica Rakoczy,67.0,,115.0,Orthodox,1977-04-14,http://ufcstats.com/fighter-details/ffdeb4fbea09ce75
Zygimantas Ramaska,71.0,71.0,145.0,Orthodox,1996-12-27,http://ufcstats.com/fighter-details/641ca2c2ed91b93c
Thomas Ramirez,73.0,,410.0,Sideways,,http://ufcstats.com/fighter-details/ea398c802d9998ee
Hector Ramirez,72.0,,205.0,Orthodox,1976-03-28,http://ufcstats.com/fighter-details/d1759b2b7be9be56
Matt Ramirez,65.0,,125.0,,,http://ufcstats.com/fighter-details/96c05ba5ab9eccaf
Steve Ramirez,67.0,,125.0,,,http://ufcstats.com/fighter-details/4311e9d23604205c
Amador Ramirez,,,135.0,,1990-06-14,http://ufcstats.com/fighter-details/ac31f869959860bc
Mitch Ramirez,71.0,71.0,155.0,Orthodox,1992-11-03,http://ufcstats.com/fighter-details/e99eb0ef25885de5
Andrew Ramm,73.0,,160.0,,,http://ufcstats.com/fighter-details/3b5f2faaa2f2c1f6
Ian Rammel,72.0,,185.0,,1985-07-22,http://ufcstats.com/fighter-details/abc8e1423cf5b74e
Luis Ramos,68.0,,170.0,Orthodox,1981-01-18,http://ufcstats.com/fighter-details/7bc475b0fc2020ab
Ricardo Ramos,69.0,72.0,145.0,Orthodox,1995-08-01,http://ufcstats.com/fighter-details/1ae8f3c723aacff4
Davi Ramos,66.0,70.0,155.0,Orthodox,1986-11-05,http://ufcstats.com/fighter-details/0052de90691d4a93
Dorian Ramos,68.0,70.0,145.0,Orthodox,1993-12-31,http://ufcstats.com/fighter-details/fa4dcb2c8de482ee
Vernon Ramos Ho,66.0,,170.0,Orthodox,1992-06-03,http://ufcstats.com/fighter-details/30b577b112bef42d
Kevin Randleman,70.0,,205.0,Orthodox,1971-08-10,http://ufcstats.com/fighter-details/6859f67468ba8489
Raou Raou,68.0,,195.0,Orthodox,,http://ufcstats.com/fighter-details/ed069a95aaaf4f56
Mitch Raposo,65.0,64.0,125.0,Switch,1998-10-16,http://ufcstats.com/fighter-details/0be6776db31d98ec
Hussain Rasouli,66.0,,135.0,,,http://ufcstats.com/fighter-details/9d61d8cb1c354867
David Rasouri,67.0,,155.0,,,http://ufcstats.com/fighter-details/31e1ea6fe6b682f8
Ed Ratcliff,70.0,71.0,155.0,Orthodox,1983-03-05,http://ufcstats.com/fighter-details/8c90c1563972e44d
Bec Rawlings,66.0,64.0,125.0,Orthodox,1989-02-11,http://ufcstats.com/fighter-details/907e60fd13407e1e
Gideon Ray,70.0,,185.0,Southpaw,1973-05-27,http://ufcstats.com/fighter-details/ea3ef6206c7907d5
Joe Ray,,,170.0,,1984-12-17,http://ufcstats.com/fighter-details/d92e6e17f637fe4d
Stevie Ray,70.0,70.0,155.0,Southpaw,1990-03-25,http://ufcstats.com/fighter-details/31a13532e724ca2b
Keenan Raymond,,,165.0,,,http://ufcstats.com/fighter-details/bdd16cd6b29cb499
Iony Razafiarison,63.0,,145.0,,1984-12-23,http://ufcstats.com/fighter-details/a303588c33d8c5ae
Abdul Razak Alhassan,70.0,73.0,185.0,Orthodox,1985-08-11,http://ufcstats.com/fighter-details/eae431e70064e046
Antony Rea,72.0,,205.0,Orthodox,1976-07-15,http://ufcstats.com/fighter-details/c36e1f4fa755ffb4
Mateusz Rebecki,67.0,66.0,155.0,Southpaw,1992-11-03,http://ufcstats.com/fighter-details/849c5d9979df5357
Rafael Rebello,65.0,67.0,135.0,Orthodox,1980-10-16,http://ufcstats.com/fighter-details/972197a8c61ac413
Greg Rebello,72.0,73.0,240.0,Southpaw,1982-06-13,http://ufcstats.com/fighter-details/49d78120e0a4f607
Paul Redmond,70.0,,145.0,Orthodox,1986-10-20,http://ufcstats.com/fighter-details/3f56b99447f00607
Dennis Reed,,,205.0,Orthodox,,http://ufcstats.com/fighter-details/4a35913bd9aa4161
Karl Reed,75.0,78.0,205.0,Orthodox,1988-10-27,http://ufcstats.com/fighter-details/11337d069261bf3a
Elise Reed,63.0,63.0,115.0,Orthodox,1992-12-05,http://ufcstats.com/fighter-details/ac7c765882f2c68c
John Reedy,68.0,,155.0,,,http://ufcstats.com/fighter-details/fb4ca5c7e4448645
Johnny Rees,72.0,,170.0,Orthodox,1982-10-21,http://ufcstats.com/fighter-details/3ba3b5cc94498437
James Reese,69.0,,155.0,,1980-12-21,http://ufcstats.com/fighter-details/e9ec08ebb3f92aa3
Zachary Reese,76.0,77.0,185.0,Switch,1994-03-24,http://ufcstats.com/fighter-details/23dec7c47cb418f8
Stephen Regman,71.0,76.0,185.0,Orthodox,1991-08-05,http://ufcstats.com/fighter-details/24d98df7556ac8af
Chad Reiner,71.0,,170.0,Orthodox,1981-06-29,http://ufcstats.com/fighter-details/d8022d5526b1d937
Jason Reinhardt,66.0,,135.0,Orthodox,1969-10-31,http://ufcstats.com/fighter-details/02500fb9fd79a974
Wilson Reis,64.0,65.0,125.0,Southpaw,1985-01-06,http://ufcstats.com/fighter-details/5aedf14771ca82d2
Ben Reiter,75.0,,185.0,,1987-06-27,http://ufcstats.com/fighter-details/ee7b7768a4e6dc45
Goran Reljic,75.0,81.0,205.0,Southpaw,1984-03-20,http://ufcstats.com/fighter-details/132f860d02953f4c
Leigh Remedios,67.0,,155.0,Orthodox,1976-01-13,http://ufcstats.com/fighter-details/918db42c3637916f
Ren Yawei,69.0,69.0,155.0,Orthodox,1998-02-07,http://ufcstats.com/fighter-details/b2d9758cdd124143
Paulo Renato Junior,72.0,73.0,205.0,Orthodox,1994-01-25,http://ufcstats.com/fighter-details/01dfb60661153735
Chance Rencountre,74.0,75.0,170.0,Southpaw,1986-12-31,http://ufcstats.com/fighter-details/1ddb480b601cefb1
Montse Rendon,68.0,68.0,135.0,Orthodox,1989-03-16,http://ufcstats.com/fighter-details/60193e707634e560
Marion Reneau,66.0,68.0,135.0,Orthodox,1977-06-20,http://ufcstats.com/fighter-details/c7d297714d9ab1a4
Solomon Renfro,69.0,72.0,170.0,Switch,1997-02-05,http://ufcstats.com/fighter-details/ce6b5b93a96dd15b
John Renken,72.0,,190.0,Orthodox,,http://ufcstats.com/fighter-details/1507214bbc7a79e2
Herman Renting,72.0,,215.0,Switch,,http://ufcstats.com/fighter-details/f57cf3d54a641385
Marco Polo Reyes,71.0,71.0,155.0,Orthodox,1984-11-07,http://ufcstats.com/fighter-details/edd02825c29028fe
Dominick Reyes,76.0,77.0,205.0,Southpaw,1989-12-26,http://ufcstats.com/fighter-details/2e19380f34871c6a
Alex Reyes,71.0,73.0,155.0,Orthodox,1986-10-02,http://ufcstats.com/fighter-details/dc07493a87dc0a6e
Kyle Reyes,68.0,,145.0,,,http://ufcstats.com/fighter-details/7333d6e0f6428acb
Javier Reyes,67.0,73.0,145.0,,1993-10-10,http://ufcstats.com/fighter-details/4a574b8512fc1b30
Victor Reyna,71.0,74.0,170.0,Southpaw,1986-08-05,http://ufcstats.com/fighter-details/e9bbcc6530e4cbe6
Gaston Reyno,72.0,,145.0,,1986-11-11,http://ufcstats.com/fighter-details/64db35f7782fe274
Johnny Rhodes,72.0,,210.0,Orthodox,,http://ufcstats.com/fighter-details/319fa1bd3176bded
Mike Rhodes,73.0,74.0,170.0,Orthodox,1989-12-04,http://ufcstats.com/fighter-details/b7ad576b8ae115e6
Lucrezia Ria,66.0,,125.0,Orthodox,1992-06-24,http://ufcstats.com/fighter-details/042cc07ad5a53a33
Amanda Ribas,64.0,66.0,115.0,Orthodox,1993-08-26,http://ufcstats.com/fighter-details/beecb672a279223e
Vitor Ribeiro,68.0,,154.0,Orthodox,1979-02-24,http://ufcstats.com/fighter-details/a757c06bbdba61d2
Will Ribeiro,68.0,,135.0,Orthodox,1983-02-17,http://ufcstats.com/fighter-details/8f4616698508f24d
Claudio Ribeiro,73.0,77.0,185.0,Orthodox,1992-07-17,http://ufcstats.com/fighter-details/972c456ff38b2015
Brendson Ribeiro,75.0,81.0,205.0,Orthodox,1996-09-08,http://ufcstats.com/fighter-details/49edd0d90f60fb7d
Esteban Ribovics,70.0,69.0,155.0,Orthodox,1996-04-27,http://ufcstats.com/fighter-details/323d4ca260dfa0ba
Mike Ricci,72.0,76.0,155.0,Southpaw,1986-03-18,http://ufcstats.com/fighter-details/3c921b1a30fdcbdd
Alex Ricci,71.0,,155.0,Orthodox,1982-07-21,http://ufcstats.com/fighter-details/bf9bc96336922271
Tabatha Ricci,61.0,61.0,115.0,Orthodox,1995-02-21,http://ufcstats.com/fighter-details/d25240135aee03e5
Matt Ricehouse,,,155.0,,1987-03-11,http://ufcstats.com/fighter-details/343d57cde1a14338
John Richard,,,205.0,,1982-05-22,http://ufcstats.com/fighter-details/b3e5a460b6851080
Rex Richards,77.0,,265.0,,,http://ufcstats.com/fighter-details/ad23903ef3af7406
Mike Richman,68.0,,135.0,,1985-06-23,http://ufcstats.com/fighter-details/d6a740cf6e898e27
Dave Rickels,71.0,,155.0,,1989-01-05,http://ufcstats.com/fighter-details/98b76850b5f1e836
Haisam Rida,,,,,1993-07-25,http://ufcstats.com/fighter-details/d8a58e797518f011
Brad Riddell,67.0,71.0,155.0,Orthodox,1991-09-30,http://ufcstats.com/fighter-details/37ed1ab2f8b819f4
Matthew Riddle,73.0,76.0,170.0,Southpaw,1986-01-14,http://ufcstats.com/fighter-details/d023ae89a2a4a41e
Joe Riggs,72.0,70.0,185.0,Southpaw,1982-09-23,http://ufcstats.com/fighter-details/d512d9f204059f57
Jeremiah Riggs,72.0,,185.0,,1982-12-17,http://ufcstats.com/fighter-details/f1a9ad7485e5024a
Aaron Riley,68.0,69.0,155.0,Southpaw,1980-12-09,http://ufcstats.com/fighter-details/f2c8ebbeafd45f2b
Jason Riley,78.0,,245.0,,1975-09-22,http://ufcstats.com/fighter-details/995af04c697d78b7
Luke Riley,,,145.0,,1999-06-30,http://ufcstats.com/fighter-details/b1de86d835638319
Moise Rimbon,70.0,,205.0,Orthodox,1977-04-20,http://ufcstats.com/fighter-details/9be3728f3f7badb2
Jordan Rinaldi,70.0,72.0,145.0,Orthodox,1987-09-25,http://ufcstats.com/fighter-details/c07efc18b231f170
Nick Ring,72.0,74.0,185.0,Southpaw,1979-02-10,http://ufcstats.com/fighter-details/b13da0b1a3aed3e7
Robbie Ring,69.0,68.0,145.0,Orthodox,2000-07-14,http://ufcstats.com/fighter-details/fa9746fa5d23c202
Mike Rio,70.0,70.0,155.0,Orthodox,1981-07-06,http://ufcstats.com/fighter-details/af90b10c785ced3e
Albert Rios,68.0,,145.0,,,http://ufcstats.com/fighter-details/868a78f2e810a837
Rafael Rios,,,150.0,,,http://ufcstats.com/fighter-details/2f5754b48eab1486
Maria Rios,65.0,,125.0,,1983-05-31,http://ufcstats.com/fighter-details/9ec12134b1515f12
Shannon Ritch,69.0,,190.0,Orthodox,1970-09-27,http://ufcstats.com/fighter-details/1c7cce2f5c17160d
Diego Rivas,68.0,69.0,145.0,Orthodox,1991-11-11,http://ufcstats.com/fighter-details/09f579be4520394a
Jorge Rivera,73.0,73.0,185.0,Orthodox,1972-02-28,http://ufcstats.com/fighter-details/cb46dface0e28a2c
Dante Rivera,73.0,,185.0,Southpaw,1974-12-08,http://ufcstats.com/fighter-details/288aaa8f82040e02
Mario Rivera,70.0,,170.0,,,http://ufcstats.com/fighter-details/0f7210aa8d61af8d
Francisco Rivera,68.0,70.0,135.0,Orthodox,1981-10-08,http://ufcstats.com/fighter-details/7ea4a9f07df33a45
Jonathan Rivera,,,155.0,,,http://ufcstats.com/fighter-details/145df84ea4dfd904
Jimmie Rivera,64.0,68.0,135.0,Orthodox,1989-06-29,http://ufcstats.com/fighter-details/9c907996820d2d69
Irwin Rivera,66.0,67.0,135.0,Southpaw,1989-02-14,http://ufcstats.com/fighter-details/06a80a685ea98573
Jerome Rivera,70.0,72.0,125.0,Southpaw,1995-04-22,http://ufcstats.com/fighter-details/c9587d81e1d33925
Nicdali Rivera-Calanoc,63.0,,105.0,,1985-06-12,http://ufcstats.com/fighter-details/60917f79b7271d83
Pedro Rizzo,73.0,,241.0,Orthodox,1974-05-03,http://ufcstats.com/fighter-details/b44f39a5c6596953
Theo Rlayang,67.0,65.0,145.0,Orthodox,1994-08-10,http://ufcstats.com/fighter-details/8aabef76351401d0
Justin Robbins,65.0,,135.0,,1980-07-29,http://ufcstats.com/fighter-details/3b2485c8d5c8b580
Kali Robbins,63.0,63.0,115.0,Orthodox,1984-07-05,http://ufcstats.com/fighter-details/610caee730f9b89e
Karl Roberson,73.0,74.0,205.0,Southpaw,1990-10-04,http://ufcstats.com/fighter-details/37d5b176d438d2a5
Andre Roberts,74.0,,345.0,Orthodox,1965-02-24,http://ufcstats.com/fighter-details/a54a35a670d8e852
David Roberts,73.0,,170.0,Orthodox,1975-11-15,http://ufcstats.com/fighter-details/775bad6d700d2302
Joey Roberts,74.0,,200.0,,,http://ufcstats.com/fighter-details/c058823a2595ab09
Tyrone Roberts,69.0,,185.0,Orthodox,,http://ufcstats.com/fighter-details/d1e6a6536ee62517
Ryan Roberts,66.0,,155.0,Orthodox,1978-07-16,http://ufcstats.com/fighter-details/35dc6220b113b7ec
Taylor Roberts,71.0,,170.0,,,http://ufcstats.com/fighter-details/c5ec23983dc2d8f4
Daniel Roberts,70.0,74.0,170.0,Southpaw,1980-08-05,http://ufcstats.com/fighter-details/22edaf53ad59a967
Buddy Roberts,74.0,,185.0,Orthodox,1982-10-17,http://ufcstats.com/fighter-details/b2a2da86546ddb19
Danny Roberts,73.0,74.0,170.0,Southpaw,1987-07-14,http://ufcstats.com/fighter-details/a6cba6bb66c1a8c9
Roosevelt Roberts,74.0,73.0,155.0,Orthodox,1994-02-11,http://ufcstats.com/fighter-details/37c5366d18ed6c05
Kenny Robertson,70.0,74.0,170.0,Orthodox,1984-02-14,http://ufcstats.com/fighter-details/6e0273f9478be71e
Gillian Robertson,65.0,63.0,115.0,Orthodox,1995-05-17,http://ufcstats.com/fighter-details/38c7f72747f4f712
Chad Robichaux,64.0,,135.0,,1975-08-18,http://ufcstats.com/fighter-details/b2aa1e07b5b3306e
Mark Robinson,72.0,,265.0,Orthodox,,http://ufcstats.com/fighter-details/4604ab1de9058474
Colin Robinson,76.0,,243.0,Orthodox,1968-11-27,http://ufcstats.com/fighter-details/1a1a4d7a29041d77
Alvin Robinson,69.0,68.0,155.0,Southpaw,1982-07-16,http://ufcstats.com/fighter-details/cbe79765d44bd172
Damonte Robinson,72.0,77.0,155.0,,1995-06-10,http://ufcstats.com/fighter-details/2782235b078b72a7
Vagner Rocha,70.0,73.0,155.0,Orthodox,1982-06-06,http://ufcstats.com/fighter-details/d403b1a6f278c95e
Carlos Eduardo Rocha,70.0,73.0,170.0,Orthodox,1981-07-12,http://ufcstats.com/fighter-details/4f736494fc733095
Pedro Rocha,,,,,,http://ufcstats.com/fighter-details/5921fd3f889afa3b
Lucas Rocha,63.0,64.0,125.0,Orthodox,2000-08-12,http://ufcstats.com/fighter-details/e0d3d9b564f95635
Shaqueme Rock,,,155.0,,1993-11-05,http://ufcstats.com/fighter-details/52b6bf4528130e86
Keith Rockel,72.0,,185.0,Orthodox,,http://ufcstats.com/fighter-details/c75b99887c8c3f5a
Luke Rockhold,75.0,77.0,185.0,Southpaw,1984-10-17,http://ufcstats.com/fighter-details/00e11b5c8b7bfeeb
Kevin Roddy,71.0,,145.0,,,http://ufcstats.com/fighter-details/1abf785143f8d5ec
Gregory Rodrigues,75.0,75.0,185.0,Orthodox,1992-02-17,http://ufcstats.com/fighter-details/d1c65d2cf2925ddd
Kleydson Rodrigues,65.0,67.0,135.0,Orthodox,1995-10-22,http://ufcstats.com/fighter-details/102a8fdf8cbf7467
Levi Rodrigues,,,205.0,,1996-10-15,http://ufcstats.com/fighter-details/9ac4e43ed56429ed
Paul Rodriguez,67.0,,155.0,Orthodox,,http://ufcstats.com/fighter-details/26eddcda9d6b2ffe
Ricco Rodriguez,76.0,,265.0,Orthodox,1977-08-19,http://ufcstats.com/fighter-details/50cc91ce2982785d
Manuel Rodriguez,69.0,,170.0,Orthodox,1985-04-25,http://ufcstats.com/fighter-details/5a6e4d2f0c76a242
Yair Rodriguez,71.0,71.0,145.0,Orthodox,1992-10-06,http://ufcstats.com/fighter-details/cbf5e6f231b55443
Mike Rodriguez,76.0,82.0,205.0,Southpaw,1988-11-28,http://ufcstats.com/fighter-details/18b602842a24f7c5
Marina Rodriguez,66.0,65.0,115.0,Orthodox,1987-04-29,http://ufcstats.com/fighter-details/cd2c4d30c6e13b47
Daniel Rodriguez,73.0,74.0,170.0,Southpaw,1986-12-31,http://ufcstats.com/fighter-details/8a1f3b5c526cd6e6
Ray Rodriguez,67.0,70.0,135.0,Orthodox,1987-12-10,http://ufcstats.com/fighter-details/90e0985df05e51bc
Ronaldo Rodriguez,66.0,65.0,125.0,Orthodox,1999-05-07,http://ufcstats.com/fighter-details/f2900678e98f6d6a
Drako Rodriguez,68.0,69.0,135.0,Orthodox,1996-06-16,http://ufcstats.com/fighter-details/dc3b9cf7641b7ab6
Victor Rodriguez,65.0,67.0,125.0,Switch,1992-09-05,http://ufcstats.com/fighter-details/f6e5972c9d16c40e
Piera Rodriguez,63.0,63.0,115.0,Orthodox,1992-11-11,http://ufcstats.com/fighter-details/e375cb5caf4717b6
Christian Rodriguez,67.0,71.0,145.0,Orthodox,1997-12-17,http://ufcstats.com/fighter-details/5ec591b78349ba7e
Pete Rodriguez,69.0,71.0,170.0,Switch,1996-11-13,http://ufcstats.com/fighter-details/776d4262c4da38bf
Imanol Rodriguez,,,125.0,Orthodox,1999-11-15,http://ufcstats.com/fighter-details/6e8349a0a0476d60
Nick Roehrick,74.0,,205.0,Orthodox,1987-07-06,http://ufcstats.com/fighter-details/7195e2a932686f82
Marcos Rogerio de Lima,73.0,75.0,253.0,Orthodox,1985-06-25,http://ufcstats.com/fighter-details/ab943cd2c3c17825
Brett Rogers,77.0,81.0,265.0,Orthodox,1981-02-17,http://ufcstats.com/fighter-details/9141bb39310773c7
Brian Rogers,71.0,,185.0,,1984-02-15,http://ufcstats.com/fighter-details/f304aff405c4a8fa
Pete Rogers Jr.,72.0,,145.0,,,http://ufcstats.com/fighter-details/36f3d235493d35ad
Max Rohskopf,73.0,71.0,155.0,Orthodox,1994-09-27,http://ufcstats.com/fighter-details/59a27d2e6d0802ac
Marcelo Rojo,68.0,71.0,145.0,Orthodox,1988-07-02,http://ufcstats.com/fighter-details/2804ce8dadab5770
Shane Roller,70.0,72.0,155.0,Orthodox,1979-07-14,http://ufcstats.com/fighter-details/75e0d3cc2262b732
Jared Rollins,69.0,,170.0,Orthodox,1977-01-26,http://ufcstats.com/fighter-details/c4b6099f0d25f75e
Tim Roman,73.0,,170.0,,1985-06-08,http://ufcstats.com/fighter-details/3b83fec860a45ca1
Alexandr Romanov,74.0,75.0,262.0,Southpaw,1990-12-11,http://ufcstats.com/fighter-details/c0badf3243907e59
Ricardo Romero,72.0,76.0,205.0,Orthodox,1978-04-15,http://ufcstats.com/fighter-details/744e098e065cfdbe
Yoel Romero,72.0,73.0,185.0,Southpaw,1977-04-30,http://ufcstats.com/fighter-details/f77c68bb4be8516d
Anthony Romero,71.0,70.0,155.0,Orthodox,1997-02-25,http://ufcstats.com/fighter-details/6f81399074fcdbba
Kaleio Romero,70.0,69.0,145.0,Switch,1996-04-19,http://ufcstats.com/fighter-details/33df417d0017eb0c
Roberto Romero,68.0,70.0,145.0,Orthodox,2000-01-30,http://ufcstats.com/fighter-details/15ea371202eb25e1
Mara Romero Borella,66.0,69.0,125.0,Orthodox,1986-06-03,http://ufcstats.com/fighter-details/82cbb809d5ee565c
Cortavious Romious,64.0,68.0,135.0,Southpaw,1994-01-06,http://ufcstats.com/fighter-details/8173f134396cb971
Juancamilo Ronderos,63.0,64.0,125.0,Southpaw,1995-02-17,http://ufcstats.com/fighter-details/4a043165cf47cab2
Rongzhu,69.0,71.0,155.0,Orthodox,2000-03-07,http://ufcstats.com/fighter-details/a13d755965a4ec9f
Jesse Ronson,70.0,70.0,155.0,Southpaw,1985-12-24,http://ufcstats.com/fighter-details/5580771f383e141f
George Roop,73.0,72.0,135.0,Orthodox,1981-11-10,http://ufcstats.com/fighter-details/3c0437fbeda06962
Joao Roque,66.0,,155.0,Orthodox,1971-07-22,http://ufcstats.com/fighter-details/0f6528b461e47462
Aaron Rosa,76.0,77.0,205.0,Orthodox,1983-05-28,http://ufcstats.com/fighter-details/11f8860028b68fcf
Charles Rosa,69.0,69.0,145.0,Switch,1986-08-24,http://ufcstats.com/fighter-details/40093d1d2d78394e
Karol Rosa,65.0,67.0,135.0,Orthodox,1994-12-30,http://ufcstats.com/fighter-details/351c4ec637380ad5
Jacob Rosales,71.0,74.0,155.0,Orthodox,1995-07-28,http://ufcstats.com/fighter-details/f7faf5b19e0dec2e
Raul Rosas Jr.,69.0,67.0,135.0,Switch,2004-10-08,http://ufcstats.com/fighter-details/fe2babf95de24fb1
Hilarie Rose,63.0,63.0,115.0,Orthodox,1992-11-11,http://ufcstats.com/fighter-details/b9163ec845c3bfc8
Jake Rosholt,73.0,,185.0,Orthodox,1982-02-09,http://ufcstats.com/fighter-details/4f2fcbefb668689d
Jared Rosholt,74.0,75.0,265.0,Orthodox,1986-08-04,http://ufcstats.com/fighter-details/91ea901c458e95dd
Kevin Rosier,76.0,,275.0,Orthodox,,http://ufcstats.com/fighter-details/598a58db87b890ee
Zach Rosol,,,243.0,,,http://ufcstats.com/fighter-details/208b6926916867c7
Shannon Ross,66.0,66.0,125.0,Switch,1989-05-12,http://ufcstats.com/fighter-details/51c655162e462ceb
Nick Rossborough,77.0,,205.0,,1981-11-18,http://ufcstats.com/fighter-details/ff3a915256b899c0
Kristian Rothaermel,72.0,,205.0,Open Stance,1972-01-31,http://ufcstats.com/fighter-details/af49a6c491ca22a3
Ben Rothwell,76.0,78.0,265.0,Orthodox,1981-10-17,http://ufcstats.com/fighter-details/bd58d34e39b7b12a
Rick Roufus,72.0,,207.0,Southpaw,,http://ufcstats.com/fighter-details/872b018076f831b0
Khalil Rountree Jr.,73.0,76.0,205.0,Southpaw,1990-02-26,http://ufcstats.com/fighter-details/749f572d1d3161fb
Ronda Rousey,67.0,66.0,135.0,Orthodox,1987-02-01,http://ufcstats.com/fighter-details/8bdac25ce0bb874d
Ray Routh,68.0,,185.0,Orthodox,,http://ufcstats.com/fighter-details/cba3a2dfbc06ce79
Roberta Rovel,68.0,,145.0,,,http://ufcstats.com/fighter-details/9d7fbf438766791f
Phil Rowe,75.0,80.0,170.0,Orthodox,1990-07-18,http://ufcstats.com/fighter-details/8e382b585a92affe
Cam Rowston,75.0,78.0,185.0,Orthodox,1995-01-19,http://ufcstats.com/fighter-details/8ebc3a8da015d70c
Kain Royer,,,185.0,,,http://ufcstats.com/fighter-details/712aa894b3a344df
Brad Royster,,,135.0,,,http://ufcstats.com/fighter-details/09f8c233de88998d
Brandon Royval,69.0,68.0,125.0,Southpaw,1992-08-16,http://ufcstats.com/fighter-details/6e15f63b6c2e2c15
Jairzinho Rozenstruik,74.0,78.0,242.0,Orthodox,1988-03-17,http://ufcstats.com/fighter-details/2cd428e9606856fd
Mauricio Rua,73.0,76.0,205.0,Orthodox,1981-11-25,http://ufcstats.com/fighter-details/140745cbbcb023ac
Murilo Rua,71.0,,185.0,Orthodox,1980-05-22,http://ufcstats.com/fighter-details/90e7447d8b7f3f35
Marco Ruas,73.0,,210.0,Orthodox,1961-01-23,http://ufcstats.com/fighter-details/597db668b01c442c
Rodrigo Ruas,70.0,,185.0,Orthodox,1977-10-06,http://ufcstats.com/fighter-details/94070f6544c4b2a5
Rodolfo Rubio Perez,65.0,,145.0,Orthodox,1987-01-29,http://ufcstats.com/fighter-details/c4731f43693b96b8
Robert Ruchala,68.0,72.0,145.0,Switch,1998-05-15,http://ufcstats.com/fighter-details/92aed9d16794f42b
Gabe Ruediger,70.0,,155.0,Orthodox,1977-08-29,http://ufcstats.com/fighter-details/ccba80d4820ef557
Mauricio Ruffy,71.0,75.0,155.0,Orthodox,1996-06-17,http://ufcstats.com/fighter-details/9c393e836a852f30
Eddie Ruiz,67.0,,155.0,Orthodox,1967-06-10,http://ufcstats.com/fighter-details/7b9aa973e5c04624
Anthony Ruiz,74.0,,205.0,Orthodox,1977-11-03,http://ufcstats.com/fighter-details/657c21cb133f1445
Paul Ruiz,66.0,,135.0,,1987-06-23,http://ufcstats.com/fighter-details/babc0b19e89cec6e
Montserrat Conejo Ruiz,60.0,61.0,115.0,Southpaw,1993-02-03,http://ufcstats.com/fighter-details/1235b31de15d0c6e
Mike Russow,73.0,73.0,255.0,Orthodox,1976-09-11,http://ufcstats.com/fighter-details/353de740bb6c7e75
Bas Rutten,73.0,,205.0,Orthodox,1965-02-24,http://ufcstats.com/fighter-details/03688dc3c3af3ac1
Mashrabjon Ruzibaev,68.0,67.0,155.0,Orthodox,1996-02-16,http://ufcstats.com/fighter-details/e5a898f2a1afec67
Nursulton Ruziboev,77.0,76.0,185.0,Orthodox,1993-11-19,http://ufcstats.com/fighter-details/49d2a08964c5eb11
Casey Ryan,,,185.0,,,http://ufcstats.com/fighter-details/5b1b383265433f51
Yusup Saadulaev,66.0,,135.0,,1985-03-31,http://ufcstats.com/fighter-details/b1669a810fae4220
Cameron Saaiman,68.0,67.0,135.0,Southpaw,2000-12-20,http://ufcstats.com/fighter-details/3c8a5200436e19f3
Pete Sabala,,,135.0,,,http://ufcstats.com/fighter-details/7956f026e2672c47
Danny Sabatello,70.0,71.0,135.0,Orthodox,1993-03-31,http://ufcstats.com/fighter-details/cb7ee07982de2a28
Pat Sabatini,68.0,70.0,145.0,Orthodox,1990-11-09,http://ufcstats.com/fighter-details/b8bbdeff718dbb7d
Amir Sadollah,70.0,75.0,170.0,Orthodox,1980-08-27,http://ufcstats.com/fighter-details/2650e2f846a30f64
Nazim Sadykhov,70.0,69.0,155.0,Southpaw,1994-05-16,http://ufcstats.com/fighter-details/ff62013d2fce6d13
Frankie Saenz,66.0,66.0,135.0,Orthodox,1980-08-12,http://ufcstats.com/fighter-details/9ba2226646046b63
Terrance Saeteurn,66.0,67.0,125.0,Orthodox,1995-05-30,http://ufcstats.com/fighter-details/a78f7a9135eb6249
Saparbeg Safarov,73.0,78.0,185.0,Orthodox,1986-10-14,http://ufcstats.com/fighter-details/88d7b6d8230e1f3f
Tarec Saffiedine,70.0,70.0,170.0,Switch,1986-09-06,http://ufcstats.com/fighter-details/0749d968e932df53
Jason Saggo,71.0,71.0,155.0,Orthodox,1985-11-23,http://ufcstats.com/fighter-details/4ac1ecf8ce59ef23
Kiru Sahota,70.0,73.0,125.0,Orthodox,1995-05-28,http://ufcstats.com/fighter-details/296a120cb880477b
Tatsuya Saika,72.0,73.0,155.0,Orthodox,1990-09-18,http://ufcstats.com/fighter-details/cc4e571964b084d4
Mridul Saikia,67.0,68.0,125.0,Orthodox,1997-05-09,http://ufcstats.com/fighter-details/96c76dd695eb3b88
Kaushik Saikumar,70.0,71.0,135.0,Orthodox,1997-12-11,http://ufcstats.com/fighter-details/6a6c4709ebc5499a
Benoit Saint Denis,71.0,73.0,155.0,Southpaw,1995-12-18,http://ufcstats.com/fighter-details/c2299ec916bc7c56
Ovince Saint Preux,75.0,80.0,205.0,Southpaw,1983-04-08,http://ufcstats.com/fighter-details/50db8711c70196cd
Lukasz Sajewski,68.0,71.0,155.0,Orthodox,1990-11-27,http://ufcstats.com/fighter-details/fb41432b622992a9
Yukio Sakaguchi,69.0,,185.0,Orthodox,1973-07-26,http://ufcstats.com/fighter-details/94a5aaf573f780ad
Augusto Sakai,75.0,77.0,265.0,Orthodox,1991-05-09,http://ufcstats.com/fighter-details/441eacbe20e0e80b
Alessio Sakara,72.0,72.0,185.0,Orthodox,1981-09-02,http://ufcstats.com/fighter-details/7f955f71fa2ce7ac
Wataru Sakata,69.0,,195.0,Southpaw,1973-03-11,http://ufcstats.com/fighter-details/d7907a9a968e4d29
Gokhan Saki,72.0,73.0,205.0,Orthodox,1983-10-19,http://ufcstats.com/fighter-details/4690d47bf725fd98
Kazushi Sakuraba,72.0,,185.0,Southpaw,1969-07-14,http://ufcstats.com/fighter-details/9b5b5a75523728f3
Hayato Sakurai,67.0,,168.0,Orthodox,1975-08-24,http://ufcstats.com/fighter-details/85e26e2468b4e82f
Ryuta Sakurai,67.0,,183.0,Orthodox,,http://ufcstats.com/fighter-details/ff9578cdbfabd323
Justin Salas,68.0,70.0,155.0,Southpaw,1982-03-13,http://ufcstats.com/fighter-details/9b198c73e3d0d289
Ivan Salaverry,72.0,,185.0,Orthodox,1971-01-11,http://ufcstats.com/fighter-details/394f55ebca199124
Roman Salazar,67.0,,135.0,Orthodox,1988-02-21,http://ufcstats.com/fighter-details/72c4b253d2f5ebf2
Luis Saldana,71.0,73.0,145.0,Orthodox,1991-01-27,http://ufcstats.com/fighter-details/12e0fdc606f7e274
John Salgado,70.0,,170.0,,,http://ufcstats.com/fighter-details/3e36811b7bc1f6ad
Muslim Salikhov,71.0,70.0,170.0,Orthodox,1984-06-09,http://ufcstats.com/fighter-details/447f9858ae78f921
Gabriel Salinas-Jones,73.0,,245.0,,1984-11-20,http://ufcstats.com/fighter-details/74d5f71eeb0c66c7
Brandon Saling,70.0,,170.0,,1986-01-28,http://ufcstats.com/fighter-details/a049aa06508b9c7b
Quillan Salkilld,72.0,75.0,155.0,Orthodox,1999-12-28,http://ufcstats.com/fighter-details/17734443a833cdf7
Sean Salmon,70.0,,185.0,Southpaw,1977-09-11,http://ufcstats.com/fighter-details/7c0847d3854a95f2
Boston Salmon,69.0,69.0,135.0,Southpaw,1990-11-20,http://ufcstats.com/fighter-details/98e946879ba20c0f
John Salter,73.0,74.0,185.0,Southpaw,1985-03-21,http://ufcstats.com/fighter-details/010986ee359fb863
Vinicius Salvador,67.0,70.0,135.0,Southpaw,1996-07-24,http://ufcstats.com/fighter-details/65cdf4ec31143d86
Dylan Salvador,69.0,69.0,155.0,Southpaw,1993-05-20,http://ufcstats.com/fighter-details/a7a3fb5f6c67b122
Josh Samman,75.0,79.0,185.0,Orthodox,1988-03-14,http://ufcstats.com/fighter-details/9deff9e3e8d94d47
Johnny Sampaio,68.0,,170.0,Orthodox,1975-09-11,http://ufcstats.com/fighter-details/b23388ff8ac6637b
Josh Sampo,64.0,64.0,125.0,Orthodox,1984-07-24,http://ufcstats.com/fighter-details/f65dcb22dada2223
Josh San Diego,70.0,,135.0,,,http://ufcstats.com/fighter-details/983e281d257c24dc
Samuel Sanches,70.0,74.0,155.0,Orthodox,2003-01-28,http://ufcstats.com/fighter-details/438d497617ecb16e
Diego Sanchez,70.0,72.0,170.0,Southpaw,1981-12-31,http://ufcstats.com/fighter-details/82e7929bf6c2b689
Eddie Sanchez,74.0,74.0,230.0,Orthodox,1982-11-04,http://ufcstats.com/fighter-details/7f0b4a75ef3039a3
Julian Sanchez,75.0,,300.0,Orthodox,,http://ufcstats.com/fighter-details/c6da1c24fe473418
Bobby Sanchez,67.0,,155.0,Orthodox,,http://ufcstats.com/fighter-details/6a0047ac8c99fece
Donald Sanchez,70.0,,145.0,,1984-08-18,http://ufcstats.com/fighter-details/bb140b121283acbb
Joby Sanchez,66.0,68.0,135.0,Orthodox,1991-06-24,http://ufcstats.com/fighter-details/b12fc8a41e82d3a2
Emmanuel Sanchez,69.0,71.0,145.0,,1990-08-11,http://ufcstats.com/fighter-details/243a336eaa2d2eb4
Erick Sanchez,70.0,,145.0,,1990-10-04,http://ufcstats.com/fighter-details/ef3663798164adf0
Andrew Sanchez,73.0,74.0,185.0,Orthodox,1988-04-08,http://ufcstats.com/fighter-details/fccf811c1e8b01c7
Robert Sanchez,66.0,66.0,125.0,Orthodox,1986-03-05,http://ufcstats.com/fighter-details/546f8599a63c29da
Jesse Sanders,72.0,,170.0,Orthodox,,http://ufcstats.com/fighter-details/59aaf2730b84698a
Luke Sanders,66.0,67.0,135.0,Southpaw,1985-12-12,http://ufcstats.com/fighter-details/96428b9e9bd048ea
Jerrod Sanders,68.0,72.0,135.0,Orthodox,1979-10-01,http://ufcstats.com/fighter-details/12f1b140e248bdb9
Cory Sandhagen,71.0,70.0,135.0,Switch,1992-04-20,http://ufcstats.com/fighter-details/65f09bacd3957381
Hugo Sandoval,,,135.0,,,http://ufcstats.com/fighter-details/9d51bcc281aa0514
Raul Sandoval,,,130.0,,,http://ufcstats.com/fighter-details/f9ad10f6a49e5452
Joseph Sandoval,67.0,,135.0,Southpaw,1986-05-11,http://ufcstats.com/fighter-details/696002b59f09d73b
Hector Sandoval,62.0,64.0,125.0,Orthodox,1986-07-19,http://ufcstats.com/fighter-details/449c890bd90f3374
Chris Sanford,71.0,,185.0,Orthodox,1968-03-12,http://ufcstats.com/fighter-details/29f935654825331b
Roldan Sangcha'an,64.0,,125.0,Orthodox,1990-12-04,http://ufcstats.com/fighter-details/57887765f831e228
Yuhi Sano,71.0,,243.0,Orthodox,1965-02-02,http://ufcstats.com/fighter-details/4c12aa7ca246e7a4
Martin Sano,71.0,75.0,170.0,Orthodox,1991-05-30,http://ufcstats.com/fighter-details/16a64f93f6678b7b
Jonathan Santa Maria,69.0,,125.0,,,http://ufcstats.com/fighter-details/3143e5daff9e5b71
Duda Santana,67.0,73.0,145.0,Orthodox,1996-01-10,http://ufcstats.com/fighter-details/d6ead04919a894b1
Shaheen Santana,73.0,75.0,155.0,Orthodox,1991-06-04,http://ufcstats.com/fighter-details/19809d475ed832d5
Neemias Santana,74.0,76.0,185.0,Orthodox,1996-07-10,http://ufcstats.com/fighter-details/86989ee8fe97884d
Sean Santella,65.0,,125.0,,1984-10-25,http://ufcstats.com/fighter-details/39792c2f42c9f527
Jorge Santiago,73.0,75.0,170.0,Orthodox,1980-10-09,http://ufcstats.com/fighter-details/f8dc544e7077d014
Mike Santiago,70.0,69.0,145.0,Orthodox,1989-07-28,http://ufcstats.com/fighter-details/bc656db347f31e19
Will Santiago,67.0,,185.0,Orthodox,1983-02-08,http://ufcstats.com/fighter-details/4920292f5d9b76df
Richie Santiago,67.0,67.0,135.0,Southpaw,1992-10-10,http://ufcstats.com/fighter-details/9f95d6b5b459cc6b
Jose Santibanez,,,155.0,,1980-01-18,http://ufcstats.com/fighter-details/8299206ccebc44a7
Art Santore,74.0,,185.0,,1972-10-26,http://ufcstats.com/fighter-details/012fc7cd0779c09a
Adriano Santos,,,,,,http://ufcstats.com/fighter-details/c6e6926a81adcd00
Paulo Santos,,,,,,http://ufcstats.com/fighter-details/7ca4c3f8aa8bacae
Evangelista Santos,70.0,76.0,170.0,Orthodox,1977-12-12,http://ufcstats.com/fighter-details/99bf06f20491cb54
Luis Santos,73.0,,170.0,Southpaw,,http://ufcstats.com/fighter-details/7701377be464d2ef
Iliarde Santos,65.0,67.0,125.0,Orthodox,1980-09-25,http://ufcstats.com/fighter-details/14aa21bc82cac57d
Leonardo Santos,72.0,75.0,155.0,Orthodox,1980-02-05,http://ufcstats.com/fighter-details/9c65736747ca92ec
Thiago Santos,74.0,76.0,205.0,Orthodox,1984-01-07,http://ufcstats.com/fighter-details/dea070ed4a2a8281
Bruno Santos,69.0,,185.0,Orthodox,1987-07-17,http://ufcstats.com/fighter-details/da1d8d76404bb6b5
Andre Santos,72.0,,170.0,,,http://ufcstats.com/fighter-details/5b5b78116d1fc3eb
Gleristone Santos,69.0,,145.0,,1988-08-20,http://ufcstats.com/fighter-details/d12ee718fb35c35c
Yana Santos,66.0,68.0,135.0,Orthodox,1989-11-11,http://ufcstats.com/fighter-details/3143bf892608139a
Taila Santos,66.0,68.0,125.0,Orthodox,1993-06-22,http://ufcstats.com/fighter-details/f7467152fd9f18a2
Marilia Santos,64.0,,125.0,Orthodox,1992-12-12,http://ufcstats.com/fighter-details/4cb79988b2a9bd07
Edivan Santos,76.0,78.0,248.0,Orthodox,1992-05-03,http://ufcstats.com/fighter-details/78719f6663ad9160
Daniel Santos,67.0,67.0,145.0,Orthodox,1995-03-12,http://ufcstats.com/fighter-details/b67d6bacc68d4c92
Gabriel Santos,69.0,70.0,145.0,Orthodox,1996-11-28,http://ufcstats.com/fighter-details/f2f140ce7532e327
Luana Santos,66.0,67.0,135.0,Orthodox,2000-04-16,http://ufcstats.com/fighter-details/5078e1dacf9d25f4
Djorden Santos,72.0,75.0,185.0,Orthodox,1997-08-01,http://ufcstats.com/fighter-details/312f7d7b2b2f7de4
Mairon Santos,67.0,72.0,155.0,Orthodox,2000-06-10,http://ufcstats.com/fighter-details/480779d7f9a424d3
Nick Sanzo,69.0,,190.0,,,http://ufcstats.com/fighter-details/1d147d4163a6989b
Bob Sapp,77.0,,350.0,Orthodox,1974-09-22,http://ufcstats.com/fighter-details/9f3d6ddef3d3cccc
Daniel Sarafian,69.0,73.0,185.0,Orthodox,1982-08-21,http://ufcstats.com/fighter-details/7e47047d0971d566
Jeka Saragih,68.0,69.0,145.0,Orthodox,1995-01-01,http://ufcstats.com/fighter-details/57186c150c645200
Diego Saraiva,66.0,,155.0,Orthodox,1982-04-23,http://ufcstats.com/fighter-details/4f4dac51adc1af4f
Harris Sarmiento,69.0,,155.0,Orthodox,1983-09-09,http://ufcstats.com/fighter-details/026b4f7049085842
Alexander Sarnavskiy,71.0,,155.0,,1989-01-17,http://ufcstats.com/fighter-details/2097b1a5ff47dfb0
Yuki Sasaki,74.0,,185.0,Orthodox,1976-09-12,http://ufcstats.com/fighter-details/e5c38954c006f15c
Kyosuke Sasaki,67.0,,183.0,Southpaw,,http://ufcstats.com/fighter-details/23bd78c3f89bdb54
Yuta Sasaki,70.0,71.0,125.0,Southpaw,1989-10-07,http://ufcstats.com/fighter-details/7c3c48cf54a2848e
Paul Sass,72.0,73.0,155.0,Orthodox,1988-08-04,http://ufcstats.com/fighter-details/7b143a54451263d9
Keisuke Sasu,65.0,69.0,145.0,Switch,1994-09-30,http://ufcstats.com/fighter-details/b7bcf6dfbbb7c16c
Masaaki Satake,73.0,,220.0,Orthodox,1965-08-17,http://ufcstats.com/fighter-details/f4a031ac205ac580
Takenori Sato,70.0,,170.0,Southpaw,1985-06-08,http://ufcstats.com/fighter-details/276c60b14b571dd4
Takashi Sato,70.0,73.0,170.0,Southpaw,1990-06-09,http://ufcstats.com/fighter-details/8abac218746e04ca
Shogo Sato,67.0,66.0,170.0,Southpaw,1993-06-08,http://ufcstats.com/fighter-details/c982b98d33825763
Uran Satybaldiev,76.0,79.0,205.0,Orthodox,1994-08-10,http://ufcstats.com/fighter-details/02f484417a6fa69d
Jeimeson Saudino,66.0,,135.0,,1991-03-05,http://ufcstats.com/fighter-details/f6f9d41669dd3eaa
Tom Sauer,73.0,,263.0,,1970-11-11,http://ufcstats.com/fighter-details/36ab6af06e312b41
Townsend Saunders,65.0,,170.0,Orthodox,,http://ufcstats.com/fighter-details/20bd6c3e03c46ee6
Ben Saunders,74.0,77.0,170.0,Orthodox,1983-04-13,http://ufcstats.com/fighter-details/484acc7b0f856ce9
Chad W. Saunders,70.0,,170.0,Orthodox,,http://ufcstats.com/fighter-details/4fe9492959834bf7
Chris Saunders,68.0,,155.0,,1986-03-11,http://ufcstats.com/fighter-details/b35a159f525764eb
Christien Savoie,71.0,72.0,170.0,Orthodox,1992-08-29,http://ufcstats.com/fighter-details/67f0d1b1b0b39bec
Lumumba Sayers,72.0,,185.0,,1978-06-30,http://ufcstats.com/fighter-details/402ea3b5ee233852
Matt Sayles,67.0,68.0,155.0,Orthodox,1994-02-21,http://ufcstats.com/fighter-details/5b8ba8f5512893b1
Brandon Sayles,77.0,,265.0,,1981-04-23,http://ufcstats.com/fighter-details/72b7c071910990b1
Mikheil Sazhiniani,72.0,71.0,205.0,Orthodox,1996-10-05,http://ufcstats.com/fighter-details/22a1f83edb865aee
Mark Scanlon,69.0,,170.0,Orthodox,,http://ufcstats.com/fighter-details/771b60ff889661c8
Eric Schafer,75.0,76.0,185.0,Orthodox,1977-09-20,http://ufcstats.com/fighter-details/f59f1d3a2ff13edd
Kerry Schall,74.0,,265.0,Orthodox,1971-08-09,http://ufcstats.com/fighter-details/030f08370fd1c2bb
Eric Schambari,71.0,,185.0,Orthodox,1978-04-22,http://ufcstats.com/fighter-details/66e981516e2476d1
Brendan Schaub,76.0,78.0,245.0,Orthodox,1983-03-18,http://ufcstats.com/fighter-details/89a407032911e27e
Matheus Scheffel,74.0,75.0,205.0,Orthodox,1992-11-04,http://ufcstats.com/fighter-details/a296ad1d238d97df
Antonio Schembri,69.0,,205.0,Orthodox,1974-06-01,http://ufcstats.com/fighter-details/a3244e3238541482
Fabiano Scherner,75.0,,257.0,Orthodox,1972-06-30,http://ufcstats.com/fighter-details/0bc7e61d204f2137
Samy Schiavo,68.0,,155.0,Orthodox,1975-12-24,http://ufcstats.com/fighter-details/1208ffc5be6e31ad
Pat Schilling,68.0,,145.0,Orthodox,1988-08-28,http://ufcstats.com/fighter-details/de12bd65e2f46478
Joe Schilling,75.0,,185.0,,,http://ufcstats.com/fighter-details/f41fad444939056b
Semmy Schilt,82.0,,265.0,Orthodox,1973-10-27,http://ufcstats.com/fighter-details/d5ed14b2153c6ed2
Adam Schindler,68.0,,155.0,,1983-05-19,http://ufcstats.com/fighter-details/89ea01f5a7ada40c
Daniel Schmitt,,,185.0,,,http://ufcstats.com/fighter-details/bd02e222a6166d50
Colleen Schneider,,,135.0,,,http://ufcstats.com/fighter-details/aa943b9bc00cb0ed
Matt Schnell,68.0,70.0,125.0,Orthodox,1990-01-15,http://ufcstats.com/fighter-details/67c1d46f4ed16f9e
Alex Schoenauer,75.0,,185.0,Orthodox,1976-05-05,http://ufcstats.com/fighter-details/fdfef29ba17ee525
Bailey Schoenfelder,75.0,76.0,265.0,Orthodox,1997-09-22,http://ufcstats.com/fighter-details/b0353e7f5038dd09
Darrill Schoonover,74.0,,220.0,Orthodox,1985-07-18,http://ufcstats.com/fighter-details/5a558ba1ff5e9121
Bob Schrijber,72.0,,240.0,Orthodox,,http://ufcstats.com/fighter-details/d86e913c548c07c2
Nate Schroeder,73.0,,230.0,,,http://ufcstats.com/fighter-details/040426baba8a45e8
Lacey Schuckman,63.0,,125.0,,,http://ufcstats.com/fighter-details/e44c679c30403cba
Mark Schultz,69.0,,200.0,Orthodox,,http://ufcstats.com/fighter-details/c1684f00c626f4c0
Wes Schultz,74.0,77.0,185.0,Orthodox,1996-08-09,http://ufcstats.com/fighter-details/b4443fae47e7eb9d
Brian Schwartz,75.0,,170.0,Orthodox,,http://ufcstats.com/fighter-details/99c80d2bd5dbe5a9
Eric Schwartz,,,205.0,,,http://ufcstats.com/fighter-details/79cbdf233e5e0496
Justin Scoggins,67.0,66.0,125.0,Southpaw,1992-05-02,http://ufcstats.com/fighter-details/9fa568ad2bf2cb0b
Brad Scott,73.0,76.0,170.0,Orthodox,1989-06-24,http://ufcstats.com/fighter-details/34e552520a934063
Greg Scott,69.0,,145.0,,,http://ufcstats.com/fighter-details/0b235384fe23fc9c
Louis Lee Scott,68.0,70.0,135.0,Orthodox,2000-02-26,http://ufcstats.com/fighter-details/4327506eb9ee342f
Zachary Scroggin,75.0,74.0,170.0,Orthodox,1996-03-09,http://ufcstats.com/fighter-details/03dee485905dbc9f
Mike Seal,76.0,,185.0,Orthodox,,http://ufcstats.com/fighter-details/0c01568b1ac77bff
Demba Seck,73.0,74.0,145.0,Orthodox,1993-07-07,http://ufcstats.com/fighter-details/b9af9f8834e39d3e
Matt Secor,72.0,,170.0,,1986-09-26,http://ufcstats.com/fighter-details/d1ce40aca99a9b70
Kenneth Seegrist,72.0,,185.0,Orthodox,,http://ufcstats.com/fighter-details/55e94a9b525dcf45
Neil Seery,64.0,64.0,125.0,Orthodox,1979-08-30,http://ufcstats.com/fighter-details/49a74b9fb2e45fdf
Rony Sefo,69.0,,225.0,Orthodox,,http://ufcstats.com/fighter-details/d6b68eaf4b68b160
Ray Sefo,72.0,,240.0,Orthodox,1971-02-15,http://ufcstats.com/fighter-details/646d5dbe509accd4
Brendan Seguin,72.0,,185.0,,1976-07-03,http://ufcstats.com/fighter-details/e4bb7e483c4ad318
Tetsuya Seki,70.0,,155.0,,1994-02-08,http://ufcstats.com/fighter-details/5e1062e066c601e6
Stefan Sekulic,72.0,75.0,170.0,Southpaw,1992-02-12,http://ufcstats.com/fighter-details/348dff4e03bd18c6
Pete Sell,71.0,75.0,170.0,Orthodox,1982-08-05,http://ufcstats.com/fighter-details/0359313549d230a1
Matthew Semelsberger,73.0,75.0,170.0,Switch,1992-11-23,http://ufcstats.com/fighter-details/4aa58269d0664b5b
Andrei Semenov,72.0,,185.0,Orthodox,1977-06-17,http://ufcstats.com/fighter-details/5f2f0da6fd6a84fd
Mackens Semerzier,69.0,72.0,145.0,Orthodox,1980-11-03,http://ufcstats.com/fighter-details/51b1e2fd9872005b
Brandon Sene,71.0,,205.0,,1981-05-21,http://ufcstats.com/fighter-details/3ed134d85dfbd7b4
YeDam Seo,63.0,63.0,115.0,Orthodox,1992-03-20,http://ufcstats.com/fighter-details/762572d67204fadb
DongHyun Seo,67.0,67.0,145.0,Orthodox,1990-08-22,http://ufcstats.com/fighter-details/0505e27a5d00704a
Kim In Seok,66.0,,145.0,Orthodox,,http://ufcstats.com/fighter-details/88b250ba222c3a98
Ray Seraille,75.0,,246.0,,,http://ufcstats.com/fighter-details/2f04c4183523be2e
Ivan Serati,72.0,,205.0,Orthodox,,http://ufcstats.com/fighter-details/b23fca14c7b79935
Alex Serdyukov,74.0,74.0,170.0,Orthodox,1980-05-24,http://ufcstats.com/fighter-details/253d3f9e97ca149a
Nicholas Sergiacomi,,,170.0,,,http://ufcstats.com/fighter-details/efab191f204ffa17
Matt Serra,66.0,68.0,170.0,Orthodox,1974-06-02,http://ufcstats.com/fighter-details/86dfed7cc24a9fa7
Nick Serra,69.0,,170.0,Orthodox,1978-03-27,http://ufcstats.com/fighter-details/1975c2272ba40e71
Adrian Serrano,68.0,,170.0,,1963-12-23,http://ufcstats.com/fighter-details/e7ec11096eac0282
Fredy Serrano,63.0,65.0,125.0,Orthodox,1979-09-22,http://ufcstats.com/fighter-details/0ccab7c889ede9ea
Carl Seumanutafa,73.0,,255.0,Orthodox,,http://ufcstats.com/fighter-details/dadaeb402526dca5
Igor Severino,67.0,69.0,125.0,Orthodox,2003-04-21,http://ufcstats.com/fighter-details/6ad8e4296f7522d9
Dan Severn,74.0,,250.0,Southpaw,1958-06-08,http://ufcstats.com/fighter-details/c670aa48827d6be6
Rosi Sexton,63.0,,135.0,Orthodox,1977-07-16,http://ufcstats.com/fighter-details/5dfe71ade71f3a4b
Rodrigo Sezinando,69.0,71.0,170.0,Orthodox,1997-12-11,http://ufcstats.com/fighter-details/c06d6b18862f9a53
Scott Shaffer,67.0,,145.0,Orthodox,,http://ufcstats.com/fighter-details/5c38639f860a5542
Edmen Shahbazyan,74.0,75.0,185.0,Orthodox,1997-11-20,http://ufcstats.com/fighter-details/4144798612ef96e5
Leon Shahbazyan,76.0,74.0,170.0,Orthodox,1995-11-18,http://ufcstats.com/fighter-details/9eed2bcc9e0b92af
Don Shainis,66.0,67.0,145.0,Orthodox,1990-09-16,http://ufcstats.com/fighter-details/da4628f173337902
Liliya Shakirova,64.0,65.0,125.0,Orthodox,1991-10-24,http://ufcstats.com/fighter-details/f300763147320d12
Kamal Shalorus,68.0,68.0,155.0,Orthodox,1972-08-27,http://ufcstats.com/fighter-details/ece280745f8727b8
Ken Shamrock,73.0,72.0,205.0,Orthodox,1964-02-11,http://ufcstats.com/fighter-details/63b65af1c5cb02cb
Frank Shamrock,70.0,,185.0,Orthodox,1972-12-08,http://ufcstats.com/fighter-details/fcaae0385b514f11
Shang Zhifa,67.0,63.0,125.0,Orthodox,1986-03-15,http://ufcstats.com/fighter-details/5a7350645bc9bd6e
Sean Sharaf,75.0,77.0,252.0,Orthodox,1993-07-11,http://ufcstats.com/fighter-details/0f3a990526c5e706
Priya Sharma,61.0,59.0,115.0,Orthodox,1991-08-29,http://ufcstats.com/fighter-details/5f23eaf9e9c34667
Jason Sharp,,,205.0,,,http://ufcstats.com/fighter-details/285e32e41f61a5b1
Eric Shelton,66.0,68.0,125.0,Orthodox,1991-02-02,http://ufcstats.com/fighter-details/a0c64f272b65d441
Sean Sherk,66.0,67.0,155.0,Orthodox,1973-08-05,http://ufcstats.com/fighter-details/029880cdbf5ca089
Chase Sherman,76.0,78.0,250.0,Orthodox,1989-11-16,http://ufcstats.com/fighter-details/01b352b6a9074d5c
Valentina Shevchenko,65.0,66.0,125.0,Southpaw,1988-03-07,http://ufcstats.com/fighter-details/132deb59abae64b1
Antonina Shevchenko,68.0,67.0,125.0,Southpaw,1984-11-20,http://ufcstats.com/fighter-details/d7338bcb141abd2c
Shi Ming,62.0,60.0,115.0,Orthodox,1994-11-14,http://ufcstats.com/fighter-details/d683f4870742b273
Katsuyori Shibata,72.0,,168.0,Orthodox,1979-11-17,http://ufcstats.com/fighter-details/d4da8995fc91e7ef
Jake Shields,72.0,72.0,170.0,Orthodox,1979-01-09,http://ufcstats.com/fighter-details/fe435e440b5de0ff
Henrique Shiguemoto,71.0,72.0,185.0,Orthodox,1989-06-22,http://ufcstats.com/fighter-details/5d1700cfbaafbe06
Shunichi Shimizu,65.0,,135.0,Orthodox,1985-01-31,http://ufcstats.com/fighter-details/10657c60ce349e0f
Wade Shipp,75.0,,245.0,Orthodox,1975-02-09,http://ufcstats.com/fighter-details/a9a314cc77d90b6e
Raja Shippen,66.0,,145.0,,1986-10-07,http://ufcstats.com/fighter-details/d9e1942637bd57a4
Yuya Shirai,68.0,,168.0,Orthodox,1980-04-02,http://ufcstats.com/fighter-details/a79bfbc01b2264d6
Wes Shivers,80.0,,,,,http://ufcstats.com/fighter-details/ad863b0d57952c57
Alexander Shlemenko,71.0,,185.0,,1984-05-20,http://ufcstats.com/fighter-details/ed3ea649b34ddb6c
Josh Shockley,73.0,,155.0,Orthodox,1989-11-15,http://ufcstats.com/fighter-details/1d36f1ac66cf689d
Josh Shockman,76.0,,235.0,Southpaw,1980-12-29,http://ufcstats.com/fighter-details/821cd80aab70d5f9
Akira Shoji,68.0,,195.0,Orthodox,1974-01-31,http://ufcstats.com/fighter-details/b0c95dc8e858452c
Liudvik Sholinian,70.0,71.0,135.0,Orthodox,1990-01-20,http://ufcstats.com/fighter-details/1a54231796e24a3f
Jack Shore,68.0,71.0,145.0,Orthodox,1995-02-06,http://ufcstats.com/fighter-details/b8a85389d115e35a
Landon Showalter,72.0,,185.0,,1976-06-14,http://ufcstats.com/fighter-details/35cc17760b06f36d
Ivan Shtyrkov,72.0,74.0,205.0,Orthodox,1988-06-09,http://ufcstats.com/fighter-details/1f4b1d7d12601c5f
Brandon Shuey,67.0,,155.0,Orthodox,1976-02-01,http://ufcstats.com/fighter-details/585f9ffdb0cd0466
Ronal Siahaan,67.0,71.0,125.0,Southpaw,1996-05-05,http://ufcstats.com/fighter-details/762226efa2b01654
Sam Sicilia,68.0,67.0,145.0,Orthodox,1986-02-01,http://ufcstats.com/fighter-details/b8aef0faf4ce9b31
Kiril Sidelnikov,71.0,,230.0,,1988-08-17,http://ufcstats.com/fighter-details/cf772fb504842dc3
Serhiy Sidey,71.0,72.0,135.0,Switch,1996-07-04,http://ufcstats.com/fighter-details/1a2bf44edb8055b6
Steven Siler,71.0,70.0,145.0,Orthodox,1987-02-15,http://ufcstats.com/fighter-details/d188a3b817860ec6
Siala Siliga,73.0,,290.0,Orthodox,1970-10-08,http://ufcstats.com/fighter-details/3cf68c1d17f66af7
Xavier Siller,65.0,,125.0,,1994-06-06,http://ufcstats.com/fighter-details/9a08c2753184ac6d
Assuerio Silva,70.0,,241.0,Orthodox,1974-06-18,http://ufcstats.com/fighter-details/e091482fa6648261
Anderson Silva,74.0,77.0,185.0,Southpaw,1975-04-14,http://ufcstats.com/fighter-details/1f454354805b6f75
Wanderlei Silva,71.0,74.0,205.0,Orthodox,1976-07-03,http://ufcstats.com/fighter-details/a1f6999fe57236e0
Thiago Silva,74.0,74.0,205.0,Orthodox,1982-11-12,http://ufcstats.com/fighter-details/2924886ee9c4c527
Paulo Cesar Silva,89.0,,385.0,Orthodox,1963-07-21,http://ufcstats.com/fighter-details/55b8dc4e54fe2c59
Jean Silva,66.0,,160.0,Orthodox,1977-10-08,http://ufcstats.com/fighter-details/9211aae062b799d6
Edson Silva,,,205.0,Orthodox,,http://ufcstats.com/fighter-details/a1153013cb5f628f
Sidney Silva,75.0,,170.0,Southpaw,1972-02-27,http://ufcstats.com/fighter-details/a6c32678efd4f434
Jay Silva,74.0,,185.0,Southpaw,,http://ufcstats.com/fighter-details/53bb0d40905b87c0
Antonio Silva,76.0,82.0,264.0,Orthodox,1979-09-14,http://ufcstats.com/fighter-details/8349d55cdecd393a
Fabio Silva,71.0,,205.0,Orthodox,1982-03-31,http://ufcstats.com/fighter-details/2ba479b409011527
Erick Silva,72.0,74.0,170.0,Orthodox,1984-06-21,http://ufcstats.com/fighter-details/5866fc86183a9fb8
Leandro Silva,69.0,72.0,155.0,Orthodox,1985-11-11,http://ufcstats.com/fighter-details/159da492e000afbf
Claudio Silva,71.0,71.0,170.0,Southpaw,1982-09-06,http://ufcstats.com/fighter-details/6f7c616b98e18c29
Wagner Silva,72.0,,170.0,Orthodox,1987-02-07,http://ufcstats.com/fighter-details/fb79582c410d049e
Rafael Silva,67.0,,135.0,,1985-03-20,http://ufcstats.com/fighter-details/a31358d90d4bb40a
Joaquim Silva,68.0,69.0,155.0,Southpaw,1989-02-05,http://ufcstats.com/fighter-details/ae7fe94f117f98cf
Felipe Silva,72.0,77.0,155.0,Orthodox,1984-05-08,http://ufcstats.com/fighter-details/1b38a2b897f6209c
Dayana Silva,67.0,,135.0,Orthodox,1990-08-27,http://ufcstats.com/fighter-details/b19aecbfbb5508cc
Bruno Silva,64.0,65.0,125.0,Orthodox,1990-03-16,http://ufcstats.com/fighter-details/294aa73dbf37d281
Gabriel Silva,66.0,71.0,135.0,Orthodox,1994-08-26,http://ufcstats.com/fighter-details/002ca196477ce572
Jacob Silva,65.0,67.0,125.0,Orthodox,1988-02-23,http://ufcstats.com/fighter-details/f6f2ea21a67be3a7
Natalia Silva,64.0,65.0,125.0,Southpaw,1997-02-03,http://ufcstats.com/fighter-details/262d32ebda89efc4
Jansey Silva,74.0,67.0,185.0,Orthodox,1995-05-30,http://ufcstats.com/fighter-details/0d09efd31eb9fadf
Maria Silva,63.0,64.0,115.0,Orthodox,1995-12-19,http://ufcstats.com/fighter-details/4408865b4e65e374
Karine Silva,65.0,67.0,125.0,Orthodox,1993-12-02,http://ufcstats.com/fighter-details/9d62c2d8ee151f08
Erik Silva,69.0,71.0,145.0,Orthodox,1987-03-16,http://ufcstats.com/fighter-details/21b813b919776d90
Janaina Silva,61.0,60.0,115.0,Orthodox,1992-02-16,http://ufcstats.com/fighter-details/4784a5b4a452464a
Jhonata Silva,65.0,66.0,125.0,Orthodox,1997-04-24,http://ufcstats.com/fighter-details/4e33534d1e036444
Danny Silva,71.0,70.0,145.0,Switch,1997-01-30,http://ufcstats.com/fighter-details/d964a59c48381cb6
Frank Silva,,,125.0,,2004-08-25,http://ufcstats.com/fighter-details/79f60d34ad48d7a3
Samuel Silva,72.0,72.0,155.0,Orthodox,1996-01-02,http://ufcstats.com/fighter-details/04e0507b94014dbb
Douglas Silva de Andrade,67.0,68.0,135.0,Orthodox,1985-06-22,http://ufcstats.com/fighter-details/3a314d9fa7c6825d
Leonardo Silva de Oliveira,74.0,,185.0,Orthodox,1992-04-23,http://ufcstats.com/fighter-details/28e088bbcaaa6366
Marcus Silveira,75.0,,242.0,Orthodox,,http://ufcstats.com/fighter-details/f717b6002486f73f
Elias Silverio,71.0,73.0,155.0,Orthodox,1986-09-22,http://ufcstats.com/fighter-details/52ba464d9068d871
Sim Kai Xiong,66.0,67.0,135.0,Orthodox,1997-09-06,http://ufcstats.com/fighter-details/79e2cb1e813f881b
Jamey Simmons,66.0,70.0,135.0,Orthodox,1992-09-11,http://ufcstats.com/fighter-details/f0fad0e9f3b65752
Ricky Simon,66.0,69.0,135.0,Orthodox,1992-08-31,http://ufcstats.com/fighter-details/5987b2458f4b5290
Aaron Simpson,72.0,73.0,170.0,Orthodox,1974-07-20,http://ufcstats.com/fighter-details/d5f820c11a121050
Wes Sims,82.0,,260.0,Orthodox,1979-08-04,http://ufcstats.com/fighter-details/e0f7c4f3f67bc808
Marlon Sims,,,170.0,,,http://ufcstats.com/fighter-details/9eedac48b497de5a
Tony Sims,71.0,70.0,155.0,Southpaw,1985-10-14,http://ufcstats.com/fighter-details/57bad6a84230f0c9
Everett Sims,77.0,77.0,260.0,Southpaw,1988-09-04,http://ufcstats.com/fighter-details/59c6d5af765df641
Lodune Sincaid,69.0,,185.0,Orthodox,1973-05-07,http://ufcstats.com/fighter-details/265589bdd93e7ce5
Rob Sinclair,68.0,,155.0,,1980-02-20,http://ufcstats.com/fighter-details/3b65c9dd39741bc4
Rory Singer,74.0,77.0,185.0,Orthodox,1976-05-28,http://ufcstats.com/fighter-details/546015aa2ad945fd
Rana Rudra Pratap Singh,70.0,69.0,135.0,Orthodox,1997-05-09,http://ufcstats.com/fighter-details/254ed71756cfd18c
Kiran Singh,61.0,65.0,115.0,Orthodox,2000-07-25,http://ufcstats.com/fighter-details/f985ca2370a37078
Elvis Sinosic,75.0,77.0,205.0,Orthodox,1971-02-13,http://ufcstats.com/fighter-details/817e0bdf08efce2e
Mitchell Sipe,74.0,,245.0,Orthodox,1996-04-09,http://ufcstats.com/fighter-details/71ef1111bf829b82
Gian Siqueira,73.0,74.0,170.0,Orthodox,1994-06-23,http://ufcstats.com/fighter-details/a46fdda658fee832
Jeremia Siregar,62.0,63.0,125.0,Orthodox,1991-07-27,http://ufcstats.com/fighter-details/a7ac3b1b0c4146db
AJ Siscoe,67.0,,135.0,,,http://ufcstats.com/fighter-details/fce9b4056a8ef559
Yokthai Sithoar,67.0,,143.0,,1974-12-25,http://ufcstats.com/fighter-details/436cdea7bdfdc016
Jeri Sitzes,65.0,,125.0,,,http://ufcstats.com/fighter-details/44a1dd0ef4373edc
Dennis Siver,66.0,70.0,145.0,Orthodox,1979-01-13,http://ufcstats.com/fighter-details/5f87a5c00b3d17ed
Chas Skelly,71.0,72.0,145.0,Orthodox,1985-05-11,http://ufcstats.com/fighter-details/4bd6b4800070b069
Matt Skelton,75.0,,265.0,Orthodox,1967-01-23,http://ufcstats.com/fighter-details/caced97768818230
Zach Skinner,66.0,,145.0,Orthodox,,http://ufcstats.com/fighter-details/c337c3c85b1871e0
Brian Sleeman,68.0,,185.0,,,http://ufcstats.com/fighter-details/9db861c26b63daa8
Joe Slick,72.0,,199.0,Orthodox,1977-10-17,http://ufcstats.com/fighter-details/80e6d71e14c1d356
Ray Sloan,73.0,,205.0,,1985-07-14,http://ufcstats.com/fighter-details/a2d1d3d144fed708
Kestutis Smirnovas,70.0,,200.0,Orthodox,,http://ufcstats.com/fighter-details/1979c80150f630c4
Maurice Smith,74.0,,221.0,Orthodox,1961-12-13,http://ufcstats.com/fighter-details/33e33d51f289d2a1
Patrick Smith,74.0,,225.0,Orthodox,1963-08-28,http://ufcstats.com/fighter-details/46c8ec317aff28ac
Scott Smith,72.0,70.0,185.0,Orthodox,1979-05-21,http://ufcstats.com/fighter-details/3410cf010558dc8b
Eric Smith,,,,Southpaw,,http://ufcstats.com/fighter-details/9114c8ded5ccd71d
Josh Smith,72.0,,155.0,Orthodox,1982-07-02,http://ufcstats.com/fighter-details/f626aa1c85f8af03
David Smith,,,155.0,,,http://ufcstats.com/fighter-details/e955046551f8c7dd
Adam Smith,,,,,,http://ufcstats.com/fighter-details/754968e325d6f60d
Dillon Smith,72.0,,170.0,,,http://ufcstats.com/fighter-details/ffee353f55e3aa2c
Trevor Smith,75.0,75.0,185.0,Orthodox,1981-01-05,http://ufcstats.com/fighter-details/f797f0c57a83353e
Anthony Smith,76.0,76.0,205.0,Orthodox,1988-07-26,http://ufcstats.com/fighter-details/d4c9dcd330403612
Colton Smith,72.0,71.0,155.0,Orthodox,1987-08-14,http://ufcstats.com/fighter-details/2e25c1d983c26311
Gilbert Smith,69.0,,185.0,Southpaw,1981-10-19,http://ufcstats.com/fighter-details/54ed8dc6f8c31207
Leslie Smith,69.0,66.0,135.0,Orthodox,1982-08-17,http://ufcstats.com/fighter-details/76984112f697631f
Devonte Smith,69.0,76.0,155.0,Orthodox,1993-07-30,http://ufcstats.com/fighter-details/207773daeb4afa7b
Cole Smith,71.0,67.0,135.0,Orthodox,1989-04-05,http://ufcstats.com/fighter-details/56709e66f1c6008f
Nate Smith,66.0,69.0,125.0,Switch,1995-04-09,http://ufcstats.com/fighter-details/0bbb69f69c9a2eea
Braxton Smith,71.0,72.0,257.0,Orthodox,1990-01-01,http://ufcstats.com/fighter-details/eaa9402e5a7990ad
Elijah Smith,69.0,71.0,135.0,Orthodox,2002-09-05,http://ufcstats.com/fighter-details/7478b7f959ba61f5
Jacobe Smith,70.0,72.0,170.0,Southpaw,1996-01-17,http://ufcstats.com/fighter-details/85497ffd934ecf7e
Walter Smith-Cotito,68.0,,135.0,,,http://ufcstats.com/fighter-details/625b65b45c1c6888
Justin Smitley,,,145.0,,,http://ufcstats.com/fighter-details/c5776fa8f4bf77aa
Dmitrii Smoliakov,74.0,74.0,253.0,Switch,1982-08-05,http://ufcstats.com/fighter-details/75afb06215a07341
Louis Smolka,69.0,68.0,135.0,Orthodox,1991-07-16,http://ufcstats.com/fighter-details/d2bc285ead803db0
Cameron Smotherman,69.0,69.0,135.0,Orthodox,1997-09-17,http://ufcstats.com/fighter-details/5c84f673b7bb7c15
Shimon Smotritsky,74.0,74.0,170.0,Orthodox,2000-08-22,http://ufcstats.com/fighter-details/1b0491ef0f9c965e
Richie Smullen,69.0,68.0,155.0,Orthodox,1991-08-17,http://ufcstats.com/fighter-details/f75c5ca0d91b9115
Devin Smyth,70.0,72.0,170.0,Switch,1995-07-21,http://ufcstats.com/fighter-details/7684c8137b4545ba
Denis Sobolev,75.0,,216.0,Orthodox,,http://ufcstats.com/fighter-details/03b1e846b09f721d
Peter Sobotta,72.0,75.0,170.0,Southpaw,1987-01-11,http://ufcstats.com/fighter-details/1fcfc3709fe58151
Renato Sobral,73.0,75.0,205.0,Orthodox,1975-09-07,http://ufcstats.com/fighter-details/d468288756ae3982
Rameau Thierry Sokoudjou,70.0,78.0,205.0,Orthodox,1984-04-18,http://ufcstats.com/fighter-details/d1152823307d7e7c
Axel Sola,74.0,74.0,170.0,Southpaw,1997-09-17,http://ufcstats.com/fighter-details/1d2d98ddd05b38fb
Alexander Soldatkin,74.0,75.0,250.0,Orthodox,1993-06-10,http://ufcstats.com/fighter-details/f1451d605bad178e
Joe Solecki,69.0,70.0,155.0,Orthodox,1993-08-27,http://ufcstats.com/fighter-details/af65aa688d13eedf
Chris Solomon,71.0,,155.0,,,http://ufcstats.com/fighter-details/324c7a749128df8d
Joe Son,64.0,,236.0,Orthodox,1970-11-22,http://ufcstats.com/fighter-details/83b743fedde154fb
Paul Song,,,185.0,,,http://ufcstats.com/fighter-details/9775eabcb1be1a00
Song Kenan,72.0,71.0,170.0,Orthodox,1990-03-10,http://ufcstats.com/fighter-details/32490e80ddab1e5a
Song Yadong,68.0,67.0,135.0,Orthodox,1997-12-02,http://ufcstats.com/fighter-details/efb96bf3e9ada36f
YoungJae Song,67.0,70.0,145.0,Orthodox,1996-01-03,http://ufcstats.com/fighter-details/0efb0d4ebb950fcb
Hyeonjong Song,,,135.0,,2002-04-23,http://ufcstats.com/fighter-details/c5dc1bf9b78f262c
Emrah Sonmez,70.0,71.0,145.0,Orthodox,1992-06-26,http://ufcstats.com/fighter-details/fe759b24e344d7eb
Chael Sonnen,73.0,73.0,205.0,Southpaw,1977-04-03,http://ufcstats.com/fighter-details/48d1f690b763934c
Cody Sons,69.0,,205.0,,,http://ufcstats.com/fighter-details/3324129f3745b300
Jin Soo Son,66.0,69.0,135.0,Orthodox,1993-04-01,http://ufcstats.com/fighter-details/7c9c6a884be167fe
Benardo Sopaj,66.0,66.0,135.0,Orthodox,2000-09-25,http://ufcstats.com/fighter-details/b6c37948cb226e8c
Emiliano Sordi,74.0,,205.0,Orthodox,1991-02-15,http://ufcstats.com/fighter-details/4c9b84d559822830
Sean Soriano,69.0,70.0,145.0,Orthodox,1989-10-06,http://ufcstats.com/fighter-details/bd5403efbaa445c0
Punahele Soriano,71.0,72.0,170.0,Southpaw,1992-11-22,http://ufcstats.com/fighter-details/64facb6cc564262d
Hecher Sosa,69.0,70.0,135.0,Orthodox,1995-08-25,http://ufcstats.com/fighter-details/ec3bd30378d63dd1
Dmitry Sosnovskiy,75.0,77.0,240.0,Orthodox,1989-07-06,http://ufcstats.com/fighter-details/85ff1b9471d35238
Ben Sosoli,72.0,72.0,265.0,Southpaw,1989-12-10,http://ufcstats.com/fighter-details/326f94d6cfb1bf25
Krzysztof Soszynski,73.0,77.0,205.0,Open Stance,1977-08-02,http://ufcstats.com/fighter-details/59583ff832fe9d68
George Sotiropoulos,70.0,71.0,155.0,Orthodox,1977-07-09,http://ufcstats.com/fighter-details/896c322f56b8be5a
Greg Soto,71.0,73.0,170.0,Orthodox,1986-06-03,http://ufcstats.com/fighter-details/9c669abd35b2522f
Alex Soto,68.0,,135.0,Southpaw,1984-02-15,http://ufcstats.com/fighter-details/d18dbcb0f8e2b55d
Joe Soto,66.0,65.0,135.0,Orthodox,1987-03-22,http://ufcstats.com/fighter-details/a4e85a58fbce64b2
Mario Soto,72.0,,145.0,,,http://ufcstats.com/fighter-details/cac3aaa66c20bee1
Andre Soukhamthath,69.0,70.0,135.0,Orthodox,1988-10-23,http://ufcstats.com/fighter-details/d0e50a3d1b250708
Mario Sousa,75.0,79.0,185.0,Orthodox,1996-10-20,http://ufcstats.com/fighter-details/72782745eb47161a
Manoel Sousa,69.0,70.0,155.0,Orthodox,1997-06-04,http://ufcstats.com/fighter-details/5870c541798124ae
Bobby Southworth,74.0,,205.0,Orthodox,1969-12-16,http://ufcstats.com/fighter-details/aee8eecfc4bfb1e7
Jacare Souza,73.0,72.0,185.0,Orthodox,1979-12-07,http://ufcstats.com/fighter-details/7a703c565ccaa18f
Edimilson Souza,72.0,74.0,145.0,Orthodox,1984-10-17,http://ufcstats.com/fighter-details/6c7020b859c7a3ce
Livinha Souza,63.0,63.0,115.0,Orthodox,1991-03-11,http://ufcstats.com/fighter-details/dab8cfbb6b1db10a
Bruno Souza,70.0,70.0,145.0,Orthodox,1996-03-07,http://ufcstats.com/fighter-details/0e5c4e72237461bb
Ketlen Souza,63.0,63.0,115.0,Orthodox,1994-08-18,http://ufcstats.com/fighter-details/8bd4200561c77a62
Heraldo Souza,71.0,73.0,185.0,Orthodox,1994-12-15,http://ufcstats.com/fighter-details/22b43be04d7454d0
Charon Spain,69.0,,155.0,,1988-03-11,http://ufcstats.com/fighter-details/c278e8843b8abfec
Chris Spang,74.0,,170.0,Orthodox,1987-11-26,http://ufcstats.com/fighter-details/411d012af19ecb59
Andreas Spang,73.0,,185.0,,1978-11-07,http://ufcstats.com/fighter-details/b9eb5b4ed07d1525
Ryan Spann,77.0,79.0,205.0,Orthodox,1991-08-24,http://ufcstats.com/fighter-details/a67f5afa8d6a1b80
Ron Sparks,77.0,,265.0,,,http://ufcstats.com/fighter-details/743fd9080892501d
Tommy Speer,70.0,71.0,170.0,Orthodox,1984-08-20,http://ufcstats.com/fighter-details/1411c630ba711b64
Patrick Speight,73.0,,170.0,Orthodox,,http://ufcstats.com/fighter-details/ae4650eb56ab6a11
Sean Spencer,70.0,74.0,170.0,Orthodox,1987-06-25,http://ufcstats.com/fighter-details/ab850a77a0fa487d
Felicia Spencer,66.0,68.0,145.0,Orthodox,1990-11-29,http://ufcstats.com/fighter-details/39d91e95949de3d9
Sam Spengler,71.0,,185.0,Orthodox,,http://ufcstats.com/fighter-details/221b2a3070c7ce3e
Nick Sperling,,,135.0,,,http://ufcstats.com/fighter-details/7d68f3bec89e08ec
Mario Sperry,74.0,,205.0,Orthodox,1966-09-28,http://ufcstats.com/fighter-details/5f2197acaba7d5ef
Eric Spicely,73.0,73.0,185.0,Orthodox,1986-09-29,http://ufcstats.com/fighter-details/b9664eae2ac75262
Waachiim Spiritwolf,68.0,,170.0,,,http://ufcstats.com/fighter-details/71caa995674203aa
Daniel Spitz,79.0,82.0,245.0,Orthodox,1990-07-31,http://ufcstats.com/fighter-details/f86cb5f25d545e0e
Serghei Spivac,75.0,78.0,260.0,Orthodox,1995-01-24,http://ufcstats.com/fighter-details/e2f6b2769aaedd6c
Daniel Spohn,76.0,79.0,205.0,Southpaw,1984-10-12,http://ufcstats.com/fighter-details/87f3bbf52e6c9dc9
Pete Spratt,69.0,,170.0,Orthodox,1971-01-09,http://ufcstats.com/fighter-details/c3ea8deeba00462b
Austin Springer,68.0,71.0,145.0,Orthodox,1987-05-12,http://ufcstats.com/fighter-details/37cc294027f55e4d
Georges St-Pierre,71.0,76.0,185.0,Orthodox,1981-05-19,http://ufcstats.com/fighter-details/6506c1d34da9c013
Bobby Stack,69.0,,155.0,Orthodox,,http://ufcstats.com/fighter-details/6436029b50a9c255
Andreas Stahl,71.0,,170.0,Orthodox,1988-05-20,http://ufcstats.com/fighter-details/69a400af4420cd6a
Ron Stallings,74.0,75.0,170.0,Southpaw,1983-01-25,http://ufcstats.com/fighter-details/6dd758d34da8d254
Cody Stamann,66.0,64.0,135.0,Orthodox,1989-11-09,http://ufcstats.com/fighter-details/bf7ad5628363eec9
Cristina Stanciu,63.0,,115.0,Orthodox,1994-03-29,http://ufcstats.com/fighter-details/175852708cb55776
Brian Stann,73.0,74.0,205.0,Orthodox,1980-09-24,http://ufcstats.com/fighter-details/579fcdfcabd23a7b
Josh Stansbury,74.0,74.0,205.0,Orthodox,1984-11-19,http://ufcstats.com/fighter-details/30ea504870f8597b
Dion Staring,73.0,,235.0,Orthodox,1978-06-09,http://ufcstats.com/fighter-details/289a57039d742bfe
Lucas Stark,,,155.0,,,http://ufcstats.com/fighter-details/93e4754d0984c82f
Clifford Starks,72.0,78.0,185.0,Orthodox,1981-04-25,http://ufcstats.com/fighter-details/5abf827d62f98fee
Kalib Starnes,75.0,74.0,185.0,Orthodox,1975-01-06,http://ufcstats.com/fighter-details/c8136ab8aa32c974
Laureano Staropoli,73.0,71.0,185.0,Orthodox,1993-02-27,http://ufcstats.com/fighter-details/a12a8314adc1c1c9
Damian Stasiak,65.0,70.0,135.0,Orthodox,1990-02-20,http://ufcstats.com/fighter-details/42a7e90605df3c8a
Adam Steele,,,170.0,,,http://ufcstats.com/fighter-details/16044bd8762cf794
Dominique Steele,70.0,74.0,170.0,Orthodox,1988-01-27,http://ufcstats.com/fighter-details/68c11c27d4d56572
Ricky Steele,69.0,74.0,135.0,Orthodox,1988-05-26,http://ufcstats.com/fighter-details/09a6ed4ee97a5606
Kody Steele,69.0,71.0,155.0,Orthodox,1995-04-21,http://ufcstats.com/fighter-details/aebaa8cec15b083d
Eric Steenberg,,,155.0,,1983-06-22,http://ufcstats.com/fighter-details/377bc9dc0b2745f9
Steve Steinbeiss,75.0,75.0,185.0,Orthodox,1981-05-05,http://ufcstats.com/fighter-details/0b5b6876c2a4723f
Ray Steinbeiss,71.0,,170.0,Orthodox,1979-09-12,http://ufcstats.com/fighter-details/6000b5ae6c462142
Dmitri Stepanov,75.0,,217.0,Orthodox,,http://ufcstats.com/fighter-details/738acab0c6934dd8
Jeremy Stephens,69.0,71.0,155.0,Orthodox,1986-05-25,http://ufcstats.com/fighter-details/18968f97ad34f15c
Aljamain Sterling,67.0,71.0,145.0,Orthodox,1989-07-31,http://ufcstats.com/fighter-details/cb696ebfb6598724
Marc Stevens,69.0,,155.0,,,http://ufcstats.com/fighter-details/310c4d4b2b32796b
Joe Stevenson,67.0,70.0,145.0,Orthodox,1982-06-15,http://ufcstats.com/fighter-details/79899ecf62020f6d
Maia Stevenson,64.0,62.0,115.0,Orthodox,1982-03-19,http://ufcstats.com/fighter-details/2fee10d5cf86bfca
Luke Stewart,71.0,,170.0,Orthodox,,http://ufcstats.com/fighter-details/27b1a406ac171b19
Darren Stewart,72.0,74.0,205.0,Orthodox,1990-12-30,http://ufcstats.com/fighter-details/a17ad5a5048e8c3f
Kyle Stewart,72.0,76.0,170.0,Orthodox,1989-01-31,http://ufcstats.com/fighter-details/bb61823f76361297
Alex Stiebling,74.0,,205.0,Southpaw,,http://ufcstats.com/fighter-details/df5a77121ba84a5d
Tyler Stinson,75.0,,170.0,,1986-01-17,http://ufcstats.com/fighter-details/2cf520143e76cd2e
Navajo Stirling,76.0,79.0,205.0,Orthodox,1997-11-07,http://ufcstats.com/fighter-details/b4b496ec2197ee3e
Dan Stittgen,73.0,,170.0,Orthodox,1980-11-17,http://ufcstats.com/fighter-details/cc3147b49c7d7d92
Lazar Stojadinovic,67.0,68.0,145.0,Southpaw,1989-03-22,http://ufcstats.com/fighter-details/4d25497994da569c
Denis Stojnic,72.0,,245.0,Orthodox,1980-02-02,http://ufcstats.com/fighter-details/a421465acbe59c77
Julija Stoliarenko,67.0,66.0,125.0,Orthodox,1993-04-08,http://ufcstats.com/fighter-details/a78a87d8c2bbb1cb
Dustin Stoltzfus,72.0,75.0,185.0,Orthodox,1991-11-15,http://ufcstats.com/fighter-details/71505842fb6455c3
Niklas Stolze,73.0,74.0,155.0,Switch,1992-12-28,http://ufcstats.com/fighter-details/62f7097c04311193
Ken Stone,68.0,71.0,135.0,Southpaw,1982-10-08,http://ufcstats.com/fighter-details/fbf0947399d14323
Ryan Stonitsch,69.0,,170.0,Southpaw,1977-02-03,http://ufcstats.com/fighter-details/8d477c3fbe001f9d
George Stork,70.0,,185.0,,,http://ufcstats.com/fighter-details/61dd409cb40d1a55
Rick Story,69.0,71.0,170.0,Southpaw,1984-08-28,http://ufcstats.com/fighter-details/5b5307450405abf0
Darko Stosic,72.0,76.0,205.0,Orthodox,1992-02-09,http://ufcstats.com/fighter-details/025f0b1b58fbad01
Greg Stott,67.0,,220.0,Southpaw,,http://ufcstats.com/fighter-details/91181b29be041f1c
Curtis Stout,73.0,,185.0,Southpaw,1973-11-07,http://ufcstats.com/fighter-details/e09dbbd5fe3f0fe2
Sam Stout,69.0,70.0,155.0,Orthodox,1984-04-23,http://ufcstats.com/fighter-details/501b07aec9b8fc2d
Tim Stout,71.0,,185.0,,1979-02-09,http://ufcstats.com/fighter-details/e1a4568fec1fc24f
Jesse Strader,67.0,70.0,135.0,Orthodox,1991-05-29,http://ufcstats.com/fighter-details/8c39367b53eadf8a
Gennaro Strangis,,,,,,http://ufcstats.com/fighter-details/495add4fbede0a44
Dave Strasser,70.0,,170.0,Orthodox,1969-07-13,http://ufcstats.com/fighter-details/980b4e712489098e
Daniel Straus,67.0,71.0,145.0,,1984-07-27,http://ufcstats.com/fighter-details/15347cd4cdf01b03
Gerald Strebendt,69.0,,155.0,Orthodox,1979-03-01,http://ufcstats.com/fighter-details/04f9fe830cf13482
Sean Strickland,73.0,76.0,185.0,Orthodox,1991-02-27,http://ufcstats.com/fighter-details/0d8011111be000b2
Mark Striegl,68.0,70.0,145.0,Southpaw,1988-06-23,http://ufcstats.com/fighter-details/ef1182eb28c17d4e
Hans Stringer,75.0,,205.0,Orthodox,1987-07-06,http://ufcstats.com/fighter-details/523f6ad11dbe9b53
Stefan Struve,83.0,84.0,265.0,Orthodox,1988-02-18,http://ufcstats.com/fighter-details/ebc1f40e00e0c481
Josh Stuart,69.0,,160.0,,,http://ufcstats.com/fighter-details/601cf40c09090853
Mike Stumpf,70.0,,170.0,,1986-08-01,http://ufcstats.com/fighter-details/c0c36a5b3d5bbdd5
Kyle Sturgeon,75.0,,225.0,Switch,,http://ufcstats.com/fighter-details/d30415ec5e8783cd
Tatiana Suarez,65.0,66.0,115.0,Southpaw,1990-12-19,http://ufcstats.com/fighter-details/b08012bbe542592a
Masanori Suda,69.0,,183.0,Orthodox,,http://ufcstats.com/fighter-details/3a7513372f79c8c8
Genki Sudo,69.0,,155.0,Orthodox,1978-03-08,http://ufcstats.com/fighter-details/99dd0147dc4ef80c
Lucasz Sudolski,76.0,75.0,205.0,Orthodox,1993-06-15,http://ufcstats.com/fighter-details/b160e4f251283d70
Daisuke Sugie,66.0,,160.0,Orthodox,,http://ufcstats.com/fighter-details/8215e4fe24e8e81b
Takashi Sugiura,71.0,,225.0,Southpaw,1970-05-31,http://ufcstats.com/fighter-details/06c60fc2c8dcd7bd
Naho Sugiyuma,61.0,,105.0,,1978-02-03,http://ufcstats.com/fighter-details/b205d4f2ff44bc89
Sulangrangbo,69.0,66.0,135.0,Southpaw,2005-07-17,http://ufcstats.com/fighter-details/1dd1a3aacde66f72
George Sullivan,72.0,73.0,170.0,Orthodox,1981-03-13,http://ufcstats.com/fighter-details/6c7e25571490aa3b
Amar Suloev,69.0,,183.0,Orthodox,1976-07-01,http://ufcstats.com/fighter-details/7aa88401f93ce836
Magomed Sultanakhmedov,74.0,,185.0,Southpaw,,http://ufcstats.com/fighter-details/fe1fdc6be470f773
Justin Sumter,74.0,80.0,185.0,Southpaw,1989-11-16,http://ufcstats.com/fighter-details/31f9a1f56cbb6ac5
Sumudaerji,68.0,72.0,125.0,Southpaw,1996-01-20,http://ufcstats.com/fighter-details/3cf18e01cb6cbde3
Rama Supandhi,65.0,66.0,125.0,Southpaw,1991-11-07,http://ufcstats.com/fighter-details/6d537248fe7cccf1
Aji Susilo,70.0,,155.0,,,http://ufcstats.com/fighter-details/22af3546bd967280
Baisangur Susurkaev,74.0,79.0,185.0,Orthodox,2001-01-08,http://ufcstats.com/fighter-details/d1feea7a4bdcd503
Louie Sutherland,75.0,76.0,264.0,Orthodox,1994-02-08,http://ufcstats.com/fighter-details/cdb7b38b1b357f26
Jason Suttie,72.0,,210.0,Orthodox,1973-08-07,http://ufcstats.com/fighter-details/cc5834a495d1ea08
Joel Sutton,71.0,,205.0,Orthodox,,http://ufcstats.com/fighter-details/a6a9ab5a824e8f66
Chad Sutton,73.0,,185.0,,1982-08-07,http://ufcstats.com/fighter-details/556347e2b0e33979
Danilo Suzart,72.0,,260.0,Orthodox,1991-12-04,http://ufcstats.com/fighter-details/3d99e5aa85d7576a
Martin Svensson,73.0,,155.0,,1985-04-25,http://ufcstats.com/fighter-details/bcad7223af3c19da
Daniel Swain,69.0,70.0,145.0,Orthodox,1991-01-30,http://ufcstats.com/fighter-details/cc39185f2d7d89e4
Cub Swanson,68.0,70.0,145.0,Orthodox,1983-11-02,http://ufcstats.com/fighter-details/d247691a6c0e9034
Mike Swick,73.0,77.0,170.0,Orthodox,1979-06-19,http://ufcstats.com/fighter-details/9fe85152f351e737
Floyd Sword,72.0,,185.0,Orthodox,1976-08-24,http://ufcstats.com/fighter-details/5330fe7e4c3af81c
Oumar Sy,76.0,83.0,205.0,Orthodox,1995-11-21,http://ufcstats.com/fighter-details/46e2011d92463b7e
Klaudia Sygula,68.0,69.0,135.0,Orthodox,1998-12-30,http://ufcstats.com/fighter-details/9f5e3c20ce40b344
Bentley Syler,64.0,,125.0,Orthodox,1982-12-22,http://ufcstats.com/fighter-details/abd2109bc4cb0291
Kevin Syler,69.0,71.0,155.0,Switch,1993-07-29,http://ufcstats.com/fighter-details/9094a881a7513de3
Leo Sylvest,71.0,,205.0,Orthodox,1973-09-03,http://ufcstats.com/fighter-details/58a36b4ccf5dc30e
Tony Sylvester,73.0,,225.0,Southpaw,1978-01-27,http://ufcstats.com/fighter-details/87b7df65c30008c4
Tim Sylvia,80.0,80.0,265.0,Orthodox,1976-03-05,http://ufcstats.com/fighter-details/2a542ee8a8b83559
Kevin Szaflarski,77.0,77.0,260.0,Orthodox,1994-12-30,http://ufcstats.com/fighter-details/d2d05dda5f887f87
Sebastian Szalay,66.0,66.0,145.0,Orthodox,1994-02-03,http://ufcstats.com/fighter-details/f201f21cf2c79eb2
Bartosz Szewczyk,76.0,73.0,205.0,Orthodox,1997-09-18,http://ufcstats.com/fighter-details/224050896306f00c
Osamu Tachihikari,77.0,,300.0,Orthodox,,http://ufcstats.com/fighter-details/e7bc606d269896aa
Amber Tackett,,,115.0,,,http://ufcstats.com/fighter-details/bb01bc3c57f39b04
Eugenio Tadeu,68.0,,160.0,Orthodox,,http://ufcstats.com/fighter-details/f70144caea5c4c80
Albert Tadevosyan,,,170.0,,1992-04-12,http://ufcstats.com/fighter-details/6751b11102b6adfe
Justin Tafa,72.0,74.0,264.0,Southpaw,1993-12-13,http://ufcstats.com/fighter-details/e13abac8089a801a
Junior Tafa,75.0,75.0,205.0,Orthodox,1996-09-21,http://ufcstats.com/fighter-details/c15fa95b9a12fde4
Khalid Taha,65.0,69.0,135.0,Orthodox,1992-02-15,http://ufcstats.com/fighter-details/b4537562f88ac582
Joe Taimanglo,64.0,,135.0,,1984-06-27,http://ufcstats.com/fighter-details/9bf126927843e184
Tatsuro Taira,67.0,70.0,125.0,Orthodox,2000-01-27,http://ufcstats.com/fighter-details/4461d7e47375a895
Mairbek Taisumov,69.0,73.0,155.0,Orthodox,1988-08-08,http://ufcstats.com/fighter-details/8f5c8850b2484173
Taiyilake Nueraji,74.0,75.0,170.0,Southpaw,2001-01-12,http://ufcstats.com/fighter-details/7498b3ac79a3b948
Nobuhiko Takada,72.0,,220.0,Southpaw,1962-04-12,http://ufcstats.com/fighter-details/a25b71fe5e31fa97
Yoshiki Takahashi,71.0,,199.0,Southpaw,1969-03-13,http://ufcstats.com/fighter-details/6420efac0578988b
Yoko Takahashi,68.0,,150.0,,1973-04-20,http://ufcstats.com/fighter-details/01f86e2d604e2f3c
Daiju Takase,72.0,,170.0,Southpaw,1978-04-20,http://ufcstats.com/fighter-details/4f74c8be51db8a37
Hiroyuki Takaya,66.0,,139.0,Orthodox,1977-06-10,http://ufcstats.com/fighter-details/0d16bdb7d32e88e9
Yoshihiro Takayama,77.0,,280.0,Orthodox,1968-09-19,http://ufcstats.com/fighter-details/d856a0080ac09ed7
Makoto Takimoto,67.0,,205.0,Southpaw,1979-12-08,http://ufcstats.com/fighter-details/a7724f51e32e763e
Oleg Taktarov,72.0,,210.0,Orthodox,1967-08-26,http://ufcstats.com/fighter-details/1dc56b59cb28425d
Payton Talbott,70.0,70.0,135.0,Switch,1998-09-09,http://ufcstats.com/fighter-details/6e743a33d56bdaa4
Nordine Taleb,73.0,74.0,170.0,Orthodox,1981-06-10,http://ufcstats.com/fighter-details/49858bf46dabf6fb
Murtaza Talha,72.0,74.0,205.0,Orthodox,1996-07-10,http://ufcstats.com/fighter-details/6aab5c20395ee722
Tsuyoshi Tamakairiki,72.0,,220.0,Orthodox,,http://ufcstats.com/fighter-details/eaa0a728cc91ef60
Eli Tamez,67.0,,135.0,,1985-08-22,http://ufcstats.com/fighter-details/bfd4d50591033a1f
Kiyoshi Tamura,71.0,,185.0,Southpaw,1969-12-17,http://ufcstats.com/fighter-details/30e8b4505f5ccf92
Akitoshi Tamura,69.0,70.0,135.0,Orthodox,1980-05-31,http://ufcstats.com/fighter-details/c95fbc085e17a532
Issei Tamura,65.0,63.0,135.0,Orthodox,1984-03-12,http://ufcstats.com/fighter-details/57bf89d42364d39e
Jason Tan,70.0,,170.0,Orthodox,1981-12-17,http://ufcstats.com/fighter-details/ad3041e61896b975
Akihito Tanaka,,,,Southpaw,,http://ufcstats.com/fighter-details/1bf49bf829964144
Michinori Tanaka,65.0,67.0,135.0,Orthodox,1990-10-04,http://ufcstats.com/fighter-details/64788ee44b062ded
Evan Tanner,72.0,74.0,185.0,Orthodox,1971-02-11,http://ufcstats.com/fighter-details/8f2d9ee27f206f1f
Kasey Tanner,67.0,69.0,135.0,Orthodox,1992-01-11,http://ufcstats.com/fighter-details/078b732efa497f49
Otari Tanzilovi,70.0,70.0,135.0,Orthodox,1998-04-09,http://ufcstats.com/fighter-details/b9124c308671e303
Manny Tapia,65.0,67.0,135.0,Orthodox,1981-03-14,http://ufcstats.com/fighter-details/0eec866a077889f0
Gary Tapusoa,67.0,,185.0,,,http://ufcstats.com/fighter-details/37ac9e0f4fc86171
Miesha Tate,66.0,65.0,135.0,Orthodox,1986-08-18,http://ufcstats.com/fighter-details/b96619b3acd7d9da
Aaron Tau,64.0,66.0,125.0,Switch,1993-08-21,http://ufcstats.com/fighter-details/7abf7f8778472b7b
Deividas Taurosevicius,69.0,68.0,145.0,Southpaw,1977-08-28,http://ufcstats.com/fighter-details/ef927e4fe2117ab8
Thiago Tavares,67.0,70.0,145.0,Orthodox,1984-11-08,http://ufcstats.com/fighter-details/8a59d346dc976a10
Jeremy Tavares,,,135.0,,,http://ufcstats.com/fighter-details/681d07e328798ec0
Brad Tavares,73.0,74.0,185.0,Orthodox,1987-12-21,http://ufcstats.com/fighter-details/0c6d9ea8306c029e
Ramon Taveras,68.0,70.0,145.0,Southpaw,1994-01-09,http://ufcstats.com/fighter-details/c5ccd878231c5407
Paul Taylor,72.0,72.0,155.0,Orthodox,1979-12-15,http://ufcstats.com/fighter-details/9b74de674c355425
Jesse Taylor,72.0,73.0,170.0,Orthodox,1983-01-02,http://ufcstats.com/fighter-details/dd992d569aaebee6
Torrance Taylor,67.0,,155.0,,,http://ufcstats.com/fighter-details/88e53ec16b801740
Louis Taylor,71.0,,185.0,Orthodox,1979-05-12,http://ufcstats.com/fighter-details/49bddfee9ed54cf3
Anthony Taylor,67.0,,145.0,,,http://ufcstats.com/fighter-details/637a4d8825464c62
Danielle Taylor,60.0,60.0,115.0,Orthodox,1989-10-25,http://ufcstats.com/fighter-details/b76c6268dc1d3c05
J.T Taylor,70.0,,,,,http://ufcstats.com/fighter-details/17c6e35e4da505b0
James Te Huna,74.0,75.0,185.0,Orthodox,1981-09-29,http://ufcstats.com/fighter-details/f5431394fb284bb9
Cam Teague,70.0,69.0,145.0,Orthodox,1998-02-13,http://ufcstats.com/fighter-details/b47c9ea5f2895d6e
Shawn Teed,77.0,,265.0,Orthodox,1992-02-13,http://ufcstats.com/fighter-details/5bb70ebd65075c5c
Glover Teixeira,74.0,76.0,205.0,Orthodox,1979-10-28,http://ufcstats.com/fighter-details/7ff97850e8c32bda
John Teixeira,67.0,,145.0,Orthodox,1986-11-18,http://ufcstats.com/fighter-details/86061eaba822bfea
Ewerton Teixeira,73.0,,242.0,,1982-02-13,http://ufcstats.com/fighter-details/de9e331b3e6bae70
Tallison Teixeira,79.0,83.0,258.0,Orthodox,1999-12-07,http://ufcstats.com/fighter-details/17923f676f100e16
Tra Telligman,74.0,,233.0,Orthodox,1965-02-07,http://ufcstats.com/fighter-details/1dab0d1d81dd06db
Ramazan Temirov,64.0,63.0,125.0,Orthodox,1997-01-31,http://ufcstats.com/fighter-details/7d0a1968b38ca439
Taneisha Tennant,67.0,70.0,145.0,Orthodox,1989-06-15,http://ufcstats.com/fighter-details/87911d22a79d3203
Herman Terrado,,,170.0,,,http://ufcstats.com/fighter-details/61d6368013f8637f
Dave Terrel,68.0,,170.0,Southpaw,1978-05-10,http://ufcstats.com/fighter-details/b9aa0024f295609e
David Terrell,73.0,,185.0,Southpaw,1978-01-09,http://ufcstats.com/fighter-details/4123fd4dcc1fe937
James Terry,70.0,,170.0,Orthodox,1981-03-16,http://ufcstats.com/fighter-details/5befa793316d3469
Jeff Terry,74.0,,205.0,,,http://ufcstats.com/fighter-details/60f86c449cd31e23
David Teymur,69.0,73.0,155.0,Southpaw,1989-05-01,http://ufcstats.com/fighter-details/2747c60e42d9d75f
Daniel Teymur,65.0,69.0,145.0,Orthodox,1988-02-03,http://ufcstats.com/fighter-details/fbf0537e420e698e
Motonobu Tezuka,67.0,,135.0,Southpaw,1987-08-29,http://ufcstats.com/fighter-details/d34636a85f0f4c90
Jason Thacker,70.0,,185.0,Orthodox,1975-08-18,http://ufcstats.com/fighter-details/f0264252e191da22
Alexia Thainara,64.0,67.0,115.0,Orthodox,1995-11-20,http://ufcstats.com/fighter-details/545092d13c67aa49
Brandon Thatch,74.0,74.0,170.0,Switch,1985-07-11,http://ufcstats.com/fighter-details/638cfec7ec559d6e
Elias Theodorou,73.0,75.0,185.0,Orthodox,1988-05-31,http://ufcstats.com/fighter-details/34f88592c0ab7a54
Nik Theotikos,,,185.0,Orthodox,,http://ufcstats.com/fighter-details/ca936c67687789e9
Paulo Thiago,71.0,74.0,170.0,Orthodox,1981-01-25,http://ufcstats.com/fighter-details/30a09e43f15f1d75
Colby Thicknesse,67.0,69.0,135.0,Orthodox,1999-06-23,http://ufcstats.com/fighter-details/ed7d329d7c29428d
Din Thomas,69.0,,155.0,Orthodox,1976-09-28,http://ufcstats.com/fighter-details/40a604761ca7d64d
Ryan Thomas,72.0,,170.0,Orthodox,1984-11-05,http://ufcstats.com/fighter-details/b732b326c362fb62
Noah Thomas,69.0,,135.0,Orthodox,1981-03-27,http://ufcstats.com/fighter-details/319c15b8aac5bfde
Joel Thomas,70.0,,170.0,,,http://ufcstats.com/fighter-details/2b33e57c4d0a4502
Treston Thomison,68.0,,145.0,,,http://ufcstats.com/fighter-details/ed5f04f833459877
Nick Thompson,73.0,74.0,170.0,Orthodox,1981-06-23,http://ufcstats.com/fighter-details/7d3caf0f96f1b33d
James Thompson,77.0,,265.0,Orthodox,1978-12-16,http://ufcstats.com/fighter-details/9e30f69cc0869301
Oli Thompson,73.0,75.0,242.0,Orthodox,1980-01-02,http://ufcstats.com/fighter-details/dcdd511ff757f15c
Stephen Thompson,72.0,75.0,170.0,Orthodox,1983-02-11,http://ufcstats.com/fighter-details/4a28cb716c19157a
Josh Thomson,70.0,71.0,155.0,Orthodox,1978-09-21,http://ufcstats.com/fighter-details/a566371ba2ad7152
Simeon Thoresen,73.0,79.0,170.0,Orthodox,1984-03-14,http://ufcstats.com/fighter-details/fea8acf9bfcf09ec
Josh Thornburg,72.0,,170.0,,1984-05-24,http://ufcstats.com/fighter-details/083e15da67d9b0fa
Ti Haitao,,,135.0,,,http://ufcstats.com/fighter-details/3848cd6cac73e091
Gleison Tibau,70.0,71.0,155.0,Southpaw,1983-10-07,http://ufcstats.com/fighter-details/75e5fec9f72910ef
Chris Tickle,69.0,,155.0,,1982-02-01,http://ufcstats.com/fighter-details/1d1b85389a05df69
Nolan Ticman,66.0,,125.0,Orthodox,1988-05-17,http://ufcstats.com/fighter-details/9eb069062a0cfc13
Darren Till,72.0,74.0,185.0,Southpaw,1992-12-24,http://ufcstats.com/fighter-details/9ce6d5a03af801b7
Brett Tillis,,,145.0,,,http://ufcstats.com/fighter-details/7b461ccae8270207
Rio Tirto,64.0,66.0,125.0,Switch,2000-02-09,http://ufcstats.com/fighter-details/c830bc2eb134b646
Denis Tiuliulin,73.0,77.0,185.0,Orthodox,1988-05-17,http://ufcstats.com/fighter-details/0112352cb32f5026
Ryan Tobar,,,155.0,,,http://ufcstats.com/fighter-details/57481f1f10530c61
Rafael Tobias,74.0,74.0,205.0,Orthodox,2003-03-20,http://ufcstats.com/fighter-details/d6a8edb7410223a0
Andrew Todhunter,72.0,,185.0,Switch,1987-11-30,http://ufcstats.com/fighter-details/274ca7b799b402cc
Dusko Todorovic,73.0,74.0,185.0,Orthodox,1994-05-19,http://ufcstats.com/fighter-details/866fd7b1a6c90e7f
Tuco Tokkos,76.0,76.0,205.0,Orthodox,1990-06-30,http://ufcstats.com/fighter-details/3e8118c1ab52f211
Hideo Tokoro,67.0,,135.0,Orthodox,1977-08-22,http://ufcstats.com/fighter-details/2d5fbe2103f97053
Anatoly Tokov,70.0,,185.0,,1990-02-17,http://ufcstats.com/fighter-details/679ae8c4fd022c6b
Kazuki Tokudome,71.0,73.0,155.0,Southpaw,1987-03-04,http://ufcstats.com/fighter-details/c4af2feb4b58bc3b
Puja Tomar,64.0,59.0,115.0,Southpaw,1993-12-05,http://ufcstats.com/fighter-details/19f8a2f6eecd92ac
Tyler Toner,68.0,70.0,145.0,Orthodox,1983-03-31,http://ufcstats.com/fighter-details/8e893f269d5696b2
James Toney,69.0,,220.0,Orthodox,1968-08-24,http://ufcstats.com/fighter-details/d10b35152277cf98
Masanori Tonooka,68.0,,185.0,Orthodox,,http://ufcstats.com/fighter-details/9de7c97e1c0d7927
Carl Toomey,,,,,,http://ufcstats.com/fighter-details/5ee87e0432205755
Ilia Topuria,67.0,69.0,155.0,Orthodox,1997-01-21,http://ufcstats.com/fighter-details/54f64b5e283b0ce7
Aleksandre Topuria,67.0,68.0,135.0,Orthodox,1996-01-28,http://ufcstats.com/fighter-details/4a6dff1b260bcf61
Anthony Torres,68.0,,170.0,Orthodox,1978-07-31,http://ufcstats.com/fighter-details/918d9d89d4d52acc
Miguel Torres,69.0,76.0,135.0,Orthodox,1981-01-18,http://ufcstats.com/fighter-details/33b2f68ef95252e0
Ronys Torres,67.0,,155.0,Orthodox,1975-08-13,http://ufcstats.com/fighter-details/cce79e827569f26e
Haven Torres,,,125.0,,,http://ufcstats.com/fighter-details/1ff10dee2f7ae60c
Alex Torres,70.0,,145.0,Orthodox,1988-05-29,http://ufcstats.com/fighter-details/e4e0f310b3cf23a8
Abram Torres,70.0,,170.0,,1982-10-29,http://ufcstats.com/fighter-details/e175a261a280f7cb
Jose Torres,64.0,65.0,125.0,Orthodox,1992-08-02,http://ufcstats.com/fighter-details/d2036f31c035e0d1
Desmond Torres,66.0,69.0,135.0,Orthodox,1997-01-06,http://ufcstats.com/fighter-details/971aebf56267de20
Manuel Torres,70.0,73.0,155.0,Switch,1995-03-25,http://ufcstats.com/fighter-details/2e7878927067fdca
Justice Torres,67.0,66.0,145.0,Southpaw,1997-10-19,http://ufcstats.com/fighter-details/01762e1d4ff4dc51
Eduardo Torres Caut,67.0,70.0,135.0,Orthodox,1995-04-26,http://ufcstats.com/fighter-details/c8d46028907bcece
Salim Touahri,70.0,72.0,170.0,Orthodox,1989-09-28,http://ufcstats.com/fighter-details/cbf1c7ba5408a66f
Dequan Townsend,75.0,79.0,205.0,Orthodox,1986-05-11,http://ufcstats.com/fighter-details/3f7dab21b6c971bc
Minoru Toyonaga,71.0,,195.0,Southpaw,,http://ufcstats.com/fighter-details/04076783ca83d6ae
Slim Trabelsi,75.0,,235.0,,1993-05-09,http://ufcstats.com/fighter-details/ff2ec83f44000f78
Roberto Traven,75.0,,227.0,Orthodox,1968-09-16,http://ufcstats.com/fighter-details/20ec0061400178ca
Bryan Travers,,,155.0,,1983-04-11,http://ufcstats.com/fighter-details/008cf84faae9c7a5
Alexander Trevino,,,170.0,,,http://ufcstats.com/fighter-details/73abb7a5c57fb443
Francisco Trevino,69.0,70.0,155.0,Orthodox,1981-12-17,http://ufcstats.com/fighter-details/97a6bbe6e6566a94
Angelo Trevino,71.0,,170.0,Switch,1993-06-10,http://ufcstats.com/fighter-details/0cf9f5518d6063bb
Frank Trigg,69.0,71.0,170.0,Southpaw,1972-05-07,http://ufcstats.com/fighter-details/d2d37e8eeb3abc8d
Francisco Trinaldo,69.0,70.0,170.0,Southpaw,1978-08-24,http://ufcstats.com/fighter-details/a8283a4f415e1eb9
Damien Trites,71.0,,165.0,,1979-08-23,http://ufcstats.com/fighter-details/cb1c09c8126dbee0
Michael Trizano,71.0,71.0,145.0,Orthodox,1991-12-31,http://ufcstats.com/fighter-details/5bf31a46becc1204
Antonio Trocoli,78.0,79.0,185.0,Orthodox,1990-12-06,http://ufcstats.com/fighter-details/6d48a2df51749d91
Tor Troeng,74.0,,185.0,Orthodox,1983-01-25,http://ufcstats.com/fighter-details/8abf70f79e9e27c2
Aaron Trujillo,65.0,,125.0,,,http://ufcstats.com/fighter-details/cc18abc046b382c9
Reynaldo Trujillo,69.0,,155.0,,1982-01-01,http://ufcstats.com/fighter-details/e6b233a007cb06c4
Abel Trujillo,68.0,70.0,155.0,Orthodox,1983-09-18,http://ufcstats.com/fighter-details/e14b5aa06eea9653
Arman Tsarukyan,67.0,72.0,155.0,Orthodox,1996-10-11,http://ufcstats.com/fighter-details/eae48ff31db420c2
Rei Tsuruya,66.0,68.0,125.0,Orthodox,2002-06-22,http://ufcstats.com/fighter-details/2f43a3e82661fa99
Chris Tuchscherer,74.0,76.0,258.0,Orthodox,1975-09-08,http://ufcstats.com/fighter-details/df05aa15b2d66f57
Jon Tuck,71.0,73.0,155.0,Orthodox,1984-08-28,http://ufcstats.com/fighter-details/53ec9cb470e1a4ea
Gavin Tucker,66.0,66.0,145.0,Southpaw,1986-06-17,http://ufcstats.com/fighter-details/da816417a579a0bd
Jumabieke Tuerxun,67.0,,135.0,Orthodox,1986-04-17,http://ufcstats.com/fighter-details/1ed32eaaba9ffe10
Tom Tuggle,74.0,,250.0,Orthodox,,http://ufcstats.com/fighter-details/b9aa7d230865b5fe
Blair Tugman,72.0,,135.0,,,http://ufcstats.com/fighter-details/63f8775391301891
Tai Tuivasa,74.0,75.0,264.0,Southpaw,1993-03-16,http://ufcstats.com/fighter-details/c62fbc117d57b943
Zubaira Tukhugov,68.0,68.0,155.0,Orthodox,1991-01-15,http://ufcstats.com/fighter-details/aceffa19749c4dc0
Teila Tuli,72.0,,430.0,Orthodox,1969-06-14,http://ufcstats.com/fighter-details/96eff1a628adcc7f
Marco Tulio,72.0,74.0,185.0,Orthodox,1994-06-13,http://ufcstats.com/fighter-details/9384e71bca6c409d
Nyamjargal Tumendemberel,67.0,71.0,125.0,Orthodox,1998-03-22,http://ufcstats.com/fighter-details/17cb6d8e8187f304
Albert Tumenov,71.0,73.0,170.0,Orthodox,1991-12-26,http://ufcstats.com/fighter-details/ff6a1f63c254127e
Ricky Turcios,69.0,71.0,135.0,Orthodox,1993-06-05,http://ufcstats.com/fighter-details/cd3d7e37ff2d679c
Anton Turkalj,76.0,78.0,205.0,Orthodox,1996-06-10,http://ufcstats.com/fighter-details/82529ce93cd9a2cf
Wellington Turman,72.0,72.0,170.0,Orthodox,1996-07-22,http://ufcstats.com/fighter-details/4dcfb28c011c11b2
Courtney Turner,74.0,,170.0,,,http://ufcstats.com/fighter-details/56f4b81ec4db61af
Jalin Turner,75.0,77.0,155.0,Southpaw,1995-05-18,http://ufcstats.com/fighter-details/4d8fa64202cee4c1
Austin Tweedy,69.0,,155.0,Orthodox,1990-09-25,http://ufcstats.com/fighter-details/885adaff8fe15cf7
Marcin Tybura,75.0,78.0,246.0,Orthodox,1985-11-09,http://ufcstats.com/fighter-details/c9cf753cfdf77fc2
Raphael Uchegbu,69.0,73.0,135.0,Orthodox,1995-08-16,http://ufcstats.com/fighter-details/cb680d85b84cbfd9
Takeru Uchida,65.0,68.0,125.0,Southpaw,2002-09-30,http://ufcstats.com/fighter-details/1d76f07ffdd765c2
Alberto Uda,75.0,,185.0,Orthodox,1984-08-08,http://ufcstats.com/fighter-details/8f2deefe8c5dfb5d
Ryuki Ueyama,71.0,,180.0,Southpaw,1976-04-17,http://ufcstats.com/fighter-details/bcd124bcd3d5be46
Christian Uflacker,71.0,,170.0,,1985-08-04,http://ufcstats.com/fighter-details/10ccf4ec9913cadc
Andy Uhrich,72.0,,170.0,,,http://ufcstats.com/fighter-details/4a1a492f299581d9
Tagir Ulanbekov,67.0,70.0,125.0,Southpaw,1991-08-07,http://ufcstats.com/fighter-details/f00ac08ab056af5d
Carlos Ulberg,76.0,77.0,205.0,Orthodox,1990-11-07,http://ufcstats.com/fighter-details/9014c02eff8b3d62
Gasan Umalatov,71.0,71.0,170.0,Orthodox,1982-09-11,http://ufcstats.com/fighter-details/7a39bbac8cc0fa70
Jeremy Umphries,,,160.0,,,http://ufcstats.com/fighter-details/4793a2d90f5ab8ae
Zach Underwood,74.0,,185.0,,,http://ufcstats.com/fighter-details/1e310618d02ff93b
Caol Uno,67.0,70.0,155.0,Southpaw,1975-05-08,http://ufcstats.com/fighter-details/eb1723480fa2f96c
Kengo Ura,69.0,,165.0,,1981-06-20,http://ufcstats.com/fighter-details/58258914525740a5
Logan Urban,72.0,72.0,170.0,Orthodox,1994-04-22,http://ufcstats.com/fighter-details/5e23f30e9c6ed74e
Hector Urbina,71.0,73.0,170.0,Orthodox,1987-09-17,http://ufcstats.com/fighter-details/4b8fb0453a596b8e
Elias Urbina,75.0,77.0,185.0,Southpaw,1993-10-09,http://ufcstats.com/fighter-details/47fcdcaccb58ca80
Gilbert Urbina,75.0,75.0,170.0,Orthodox,1996-04-05,http://ufcstats.com/fighter-details/b12fb759e02378de
Guilherme Uriel,73.0,74.0,265.0,Orthodox,1997-02-18,http://ufcstats.com/fighter-details/4252b09f0c8c4472
Nick Urso,66.0,66.0,125.0,Southpaw,1985-09-26,http://ufcstats.com/fighter-details/e78c4c3d329c531b
Yasuhiro Urushitani,65.0,,125.0,Southpaw,1976-09-08,http://ufcstats.com/fighter-details/c34e5849184b08c3
Sho Patrick Usami,69.0,70.0,155.0,Orthodox,2000-05-08,http://ufcstats.com/fighter-details/fe30c5f5cc3e028b
Kamaru Usman,72.0,76.0,170.0,Switch,1987-05-11,http://ufcstats.com/fighter-details/f1b2aa7853d1ed6e
Mohammed Usman,74.0,79.0,239.0,Orthodox,1989-04-01,http://ufcstats.com/fighter-details/da7f113b5ea39c43
Darren Uyenoyama,66.0,65.0,125.0,Orthodox,1979-10-15,http://ufcstats.com/fighter-details/6546af7ab545b90c
Richie Vaculik,66.0,69.0,125.0,Orthodox,1983-06-19,http://ufcstats.com/fighter-details/54578e5927adea53
Rashid Vagabov,67.0,63.0,125.0,Orthodox,1998-06-27,http://ufcstats.com/fighter-details/0d1190beced94f7c
Artem Vakhitov,73.0,75.0,205.0,Orthodox,1991-04-04,http://ufcstats.com/fighter-details/43e549b803ec7375
Egidijus Valavicius,72.0,,200.0,Orthodox,,http://ufcstats.com/fighter-details/fc1868f56d3036eb
Genaro Valdez,69.0,72.0,155.0,Orthodox,1992-01-16,http://ufcstats.com/fighter-details/cda1099995b46cc2
Charlie Valencia,63.0,64.0,135.0,Orthodox,1974-10-31,http://ufcstats.com/fighter-details/8a0be41c0380188d
Robert Valentin,74.0,77.0,185.0,Orthodox,1995-03-31,http://ufcstats.com/fighter-details/0cd0456d6029cec2
Victor Valenzuela,70.0,,155.0,,,http://ufcstats.com/fighter-details/de277a4abcfeea46
Ivan Valenzuela,74.0,77.0,185.0,Orthodox,1992-11-17,http://ufcstats.com/fighter-details/45b82ebf0b9e0fd2
Timur Valiev,66.0,67.0,135.0,Orthodox,1990-01-19,http://ufcstats.com/fighter-details/45e738622ea2c02c
Victor Valimaki,72.0,,205.0,Orthodox,,http://ufcstats.com/fighter-details/663b76da637402c3
Andrew Valladerez,,,135.0,,,http://ufcstats.com/fighter-details/2a898bf9fb7710b3
Kevin Vallejos,67.0,68.0,145.0,Switch,2001-12-08,http://ufcstats.com/fighter-details/239d8e5359022f3b
Isaac Vallie-Flagg,68.0,70.0,155.0,Orthodox,1978-04-08,http://ufcstats.com/fighter-details/c295de4e10acd4c9
Joshua Van,65.0,65.0,125.0,Orthodox,2001-10-10,http://ufcstats.com/fighter-details/17e97649403ba428
Mike van Arsdale,74.0,,205.0,Switch,1965-06-20,http://ufcstats.com/fighter-details/2ee09ec2a0695eb9
Matt Van Buren,77.0,,205.0,,1986-06-12,http://ufcstats.com/fighter-details/7b39035fae7268b8
Ron van Clief,70.0,,190.0,Orthodox,1943-01-25,http://ufcstats.com/fighter-details/23ab42947c1990e3
Lloyd Van Dams,73.0,,240.0,Southpaw,1972-03-05,http://ufcstats.com/fighter-details/02177caefe7c07d4
Alain Van der Merckt,,,185.0,,1993-06-11,http://ufcstats.com/fighter-details/f6bbc6ba4f06ad60
Cameron VanCamp,74.0,74.0,155.0,Switch,1993-04-27,http://ufcstats.com/fighter-details/87e2468b986ebb79
Chad Vance,72.0,,185.0,Orthodox,,http://ufcstats.com/fighter-details/26d61e92a6069cd2
Jared Vanderaa,76.0,80.0,265.0,Orthodox,1992-05-12,http://ufcstats.com/fighter-details/2b68d9f125d07b42
Austin Vanderford,71.0,74.0,170.0,Orthodox,1990-03-21,http://ufcstats.com/fighter-details/32c3ee378671a5d9
Lando Vannata,69.0,71.0,155.0,Orthodox,1992-03-14,http://ufcstats.com/fighter-details/f9b200db02b488d9
Paige VanZant,64.0,65.0,115.0,Orthodox,1994-03-26,http://ufcstats.com/fighter-details/4d5197f331c47290
Paul Varelans,80.0,,300.0,Orthodox,,http://ufcstats.com/fighter-details/07a18ae55dfc3cd9
Kazula Vargas,68.0,71.0,155.0,Southpaw,1985-08-15,http://ufcstats.com/fighter-details/ec18eb918121787c
Jamie Varner,68.0,71.0,155.0,Orthodox,1984-10-12,http://ufcstats.com/fighter-details/a54fc2d6fc224dc3
Guilherme Vasconcelos,72.0,,185.0,Orthodox,1986-03-23,http://ufcstats.com/fighter-details/d6d5da3c209884bc
Linton Vassell,76.0,,205.0,,1983-06-03,http://ufcstats.com/fighter-details/a148dfe3485be79d
Billy Vaughan,66.0,,155.0,,1983-12-02,http://ufcstats.com/fighter-details/61428ed51f5ff465
Yuri Vaulin,76.0,,197.0,Southpaw,,http://ufcstats.com/fighter-details/4679a38cced7c64a
Javier Vazquez,67.0,69.0,145.0,Southpaw,1977-07-16,http://ufcstats.com/fighter-details/be5cfd73617a5b1a
Manny Vazquez,70.0,72.0,125.0,Orthodox,1993-11-19,http://ufcstats.com/fighter-details/8d4d25fd9218860b
Matt Veach,71.0,,155.0,Orthodox,1981-05-31,http://ufcstats.com/fighter-details/5731cc327790b731
Joe Vedepo,72.0,,185.0,Orthodox,,http://ufcstats.com/fighter-details/d35c3ed553b71fa2
Kelly Velasco,69.0,,135.0,Orthodox,1995-05-21,http://ufcstats.com/fighter-details/93c9897f0f9f5dab
Greg Velasco,74.0,70.0,265.0,Southpaw,1993-09-23,http://ufcstats.com/fighter-details/34a81ebbce32b06b
Cain Velasquez,73.0,77.0,240.0,Orthodox,1982-07-28,http://ufcstats.com/fighter-details/0ff11cc094e887bc
David Velasquez,65.0,,145.0,Orthodox,,http://ufcstats.com/fighter-details/09c44b317c98bf96
Bojan Velickovic,72.0,76.0,170.0,Southpaw,1988-12-18,http://ufcstats.com/fighter-details/fcce75a25c14a804
Karlos Vemola,72.0,75.0,185.0,Orthodox,1985-07-03,http://ufcstats.com/fighter-details/d23ccf4a6c221284
Luigi Vendramini,68.0,73.0,155.0,Orthodox,1996-01-16,http://ufcstats.com/fighter-details/2f1a257d6777096d
Jerrel Venetiaan,73.0,,195.0,Orthodox,1971-03-09,http://ufcstats.com/fighter-details/602bb270f2bdbf02
Scott Ventimiglia,71.0,,185.0,,1972-11-17,http://ufcstats.com/fighter-details/6e62bb64f7cc5026
Brandon Vera,75.0,78.0,230.0,Orthodox,1977-10-10,http://ufcstats.com/fighter-details/fa315e6c77eee106
Kerry Vera,67.0,,135.0,Orthodox,,http://ufcstats.com/fighter-details/df0a1c1e11ad199b
Marlon Vera,68.0,70.0,135.0,Switch,1992-12-02,http://ufcstats.com/fighter-details/7c7332319c14094c
Carlos Vera,66.0,69.0,135.0,Orthodox,1987-11-05,http://ufcstats.com/fighter-details/07f959e6596307bb
Isis Verbeek,64.0,64.0,115.0,Orthodox,1995-01-12,http://ufcstats.com/fighter-details/d6f58b8cd1a6ff52
Ernie Verdicia,71.0,,199.0,Orthodox,,http://ufcstats.com/fighter-details/2b1587a3376ab743
Joe Veres,67.0,,155.0,Orthodox,1977-11-09,http://ufcstats.com/fighter-details/c6d8ae3b016d5ad5
Nikolay Veretennikov,73.0,74.0,170.0,Orthodox,1989-12-22,http://ufcstats.com/fighter-details/0f1efce7d2571d10
CJ Vergara,66.0,68.0,125.0,Orthodox,1991-06-18,http://ufcstats.com/fighter-details/077e3ace32b72be9
Renato Verissimo,73.0,,170.0,Orthodox,1973-08-03,http://ufcstats.com/fighter-details/c24b1db4b809d41b
Bryan Vetell,75.0,,265.0,Southpaw,1977-07-26,http://ufcstats.com/fighter-details/13a0fb8fbdafb54f
Marvin Vettori,72.0,74.0,185.0,Southpaw,1993-09-20,http://ufcstats.com/fighter-details/7acbb0972e75281a
Hugo Viana,66.0,67.0,135.0,Orthodox,1982-09-26,http://ufcstats.com/fighter-details/f95381efb3051d81
Guilherme Viana,76.0,,205.0,,,http://ufcstats.com/fighter-details/393b8e03fb410a78
Polyana Viana,65.0,67.0,115.0,Orthodox,1992-06-14,http://ufcstats.com/fighter-details/9673a497a9da119a
Vitor Vianna,,,205.0,Orthodox,,http://ufcstats.com/fighter-details/744f50016c39c26c
James Vick,75.0,76.0,155.0,Orthodox,1987-02-23,http://ufcstats.com/fighter-details/6256b2b1562cb8e1
Tamires Vidal,66.0,68.0,135.0,Orthodox,1998-07-27,http://ufcstats.com/fighter-details/4f3064faf17aa711
Freddy Vidal,75.0,79.0,205.0,Orthodox,1994-05-06,http://ufcstats.com/fighter-details/024158997e7c5829
Milton Vieira,72.0,,145.0,Orthodox,1978-10-04,http://ufcstats.com/fighter-details/7cf20446453f852b
Reginaldo Vieira,67.0,65.0,135.0,Orthodox,1982-11-26,http://ufcstats.com/fighter-details/f9081770e28ea2e1
Ketlen Vieira,68.0,68.0,135.0,Orthodox,1991-08-26,http://ufcstats.com/fighter-details/b9706f80d005036c
Rodolfo Vieira,72.0,73.0,185.0,Orthodox,1989-09-25,http://ufcstats.com/fighter-details/260e9e0d4954aea6
Steve Vigneault,70.0,,185.0,Orthodox,1978-02-14,http://ufcstats.com/fighter-details/6888e31ce88f5b17
Alejandro Villalobos,67.0,,145.0,,1979-10-26,http://ufcstats.com/fighter-details/2e88f2030d8a928a
DeMarco Villalona,69.0,,185.0,,,http://ufcstats.com/fighter-details/0275e33febc2818c
Gian Villante,75.0,76.0,230.0,Orthodox,1985-08-18,http://ufcstats.com/fighter-details/fcd448a2fe1a23cc
Ike Villanueva,73.0,73.0,205.0,Orthodox,1984-04-04,http://ufcstats.com/fighter-details/f9d0cae37dabfafc
Ruben Villareal,76.0,,265.0,Orthodox,1970-05-01,http://ufcstats.com/fighter-details/39f68882def7a507
Armando Villarreal,67.0,66.0,135.0,Southpaw,1989-08-08,http://ufcstats.com/fighter-details/454c1f0b638972ab
Pablo Villaseca,67.0,,155.0,,1987-01-26,http://ufcstats.com/fighter-details/34f93dfbd43b2144
Joey Villasenor,72.0,,185.0,Orthodox,1975-10-17,http://ufcstats.com/fighter-details/15515e797aedc137
Danillo Villefort,73.0,,185.0,Orthodox,1983-05-08,http://ufcstats.com/fighter-details/fd87b1bbfcde9d5e
Yuri Villefort,72.0,73.0,170.0,Orthodox,1991-03-23,http://ufcstats.com/fighter-details/0fb1e2694a39a02f
Tre'ston Vines,73.0,79.0,185.0,Orthodox,1996-06-18,http://ufcstats.com/fighter-details/563a1d42bb0e3cef
Marcos Vinicius,69.0,,125.0,Orthodox,1979-12-05,http://ufcstats.com/fighter-details/e363b21261814830
Brandon Visher,66.0,68.0,135.0,Orthodox,1984-05-06,http://ufcstats.com/fighter-details/7c4ec656d8fcb867
Falaniko Vitale,70.0,,185.0,Orthodox,1974-07-14,http://ufcstats.com/fighter-details/445a98acb8985970
Cheyanne Vlismas,63.0,63.0,115.0,Switch,1995-06-25,http://ufcstats.com/fighter-details/4959f10a62f3fec3
Bobby Voelker,72.0,74.0,170.0,Orthodox,1979-04-26,http://ufcstats.com/fighter-details/fb8a3025ae722e64
Mateo Vogel,68.0,71.0,145.0,Orthodox,1996-03-05,http://ufcstats.com/fighter-details/90b57b19d20e1969
Danylo Voievodkin,76.0,78.0,265.0,Southpaw,2000-07-19,http://ufcstats.com/fighter-details/d73a7c36746fbc5b
Alexander Volkanovski,66.0,71.0,145.0,Orthodox,1988-09-29,http://ufcstats.com/fighter-details/e1248941344b3288
Jacob Volkmann,69.0,71.0,155.0,Southpaw,1980-09-05,http://ufcstats.com/fighter-details/6f81b6de2557739a
Alexander Volkov,79.0,80.0,250.0,Orthodox,1988-10-24,http://ufcstats.com/fighter-details/279566840aa55bf2
Mark Vologdin,,,135.0,Orthodox,2000-04-18,http://ufcstats.com/fighter-details/0e6b611451a9a7d8
Jason Von Flue,72.0,,170.0,Orthodox,1975-08-01,http://ufcstats.com/fighter-details/c4b9296214f4c09c
Milco Voorn,,,220.0,Orthodox,,http://ufcstats.com/fighter-details/277ffed20cf07aea
Mark Vorgeas,70.0,,135.0,,,http://ufcstats.com/fighter-details/ef0344ed552d8a22
Igor Vovchanchyn,68.0,,205.0,Orthodox,1973-08-06,http://ufcstats.com/fighter-details/7929be8290289a47
Jordan Vucenic,70.0,73.0,155.0,Orthodox,1996-03-02,http://ufcstats.com/fighter-details/6d38e41efa47a72d
James Wade,70.0,,205.0,,,http://ufcstats.com/fighter-details/6291decf7f3b6608
Chris Wade,70.0,70.0,155.0,Orthodox,1987-09-30,http://ufcstats.com/fighter-details/c8097968da5e5f13
Neil Wain,70.0,,242.0,Orthodox,,http://ufcstats.com/fighter-details/6b7bc7eaf2465387
TJ Waldburger,71.0,75.0,170.0,Orthodox,1988-04-25,http://ufcstats.com/fighter-details/8f2939f5fd9cca1e
Chase Waldon,73.0,75.0,185.0,Orthodox,1986-09-19,http://ufcstats.com/fighter-details/aeb6c57b9bd8bc3a
Andre Walker,71.0,,205.0,Southpaw,,http://ufcstats.com/fighter-details/18944a1a6ac1becf
Herschel Walker,73.0,,215.0,Orthodox,1962-03-03,http://ufcstats.com/fighter-details/bd92e38aef641673
Donny Walker,69.0,,135.0,,1980-01-04,http://ufcstats.com/fighter-details/e6147d5ab3685899
Johnny Walker,78.0,82.0,205.0,Orthodox,1992-03-30,http://ufcstats.com/fighter-details/c21f26bbde777573
Brogan Walker,64.0,67.0,125.0,Switch,1988-08-02,http://ufcstats.com/fighter-details/4333a8e70a672eb7
Valter Walker,78.0,78.0,265.0,Orthodox,1997-12-14,http://ufcstats.com/fighter-details/f5779a2303ed76ec
Julius Walker,76.0,78.0,205.0,Orthodox,1999-07-16,http://ufcstats.com/fighter-details/6add18754930182b
Ben Wall,70.0,,155.0,Orthodox,1989-03-25,http://ufcstats.com/fighter-details/1ad381c8994c4e5b
Crafton Wallace,72.0,,185.0,Orthodox,1975-11-10,http://ufcstats.com/fighter-details/bf41b5131545da12
Rodney Wallace,69.0,72.0,205.0,Switch,1981-11-21,http://ufcstats.com/fighter-details/b9415726dc3ec526
Jeremy Wallace,69.0,,,,,http://ufcstats.com/fighter-details/b87c3f460709f74c
Randall Wallace,71.0,73.0,185.0,Orthodox,1989-03-01,http://ufcstats.com/fighter-details/95cf6be9071e68b0
James Wallace,70.0,69.0,155.0,Orthodox,1992-11-17,http://ufcstats.com/fighter-details/4078de7181a19142
Jim Wallhead,70.0,,170.0,Orthodox,1984-03-14,http://ufcstats.com/fighter-details/0c670b443c3d269f
Cory Walmsley,72.0,,205.0,Orthodox,,http://ufcstats.com/fighter-details/83c6c3e0f8bde8ee
Richard Walsh,72.0,73.0,170.0,Orthodox,1988-12-01,http://ufcstats.com/fighter-details/303a05a7aa3ff761
Patrick Walsh,71.0,,185.0,,1988-11-28,http://ufcstats.com/fighter-details/b4c96c3d9139bf0e
Erick Wanderlei,73.0,,205.0,Orthodox,,http://ufcstats.com/fighter-details/d57e6a8971b6d2bd
Dimitiri Wanderley,,,205.0,Orthodox,,http://ufcstats.com/fighter-details/a1d6b308781aa2f5
Andy Wang,66.0,,155.0,Orthodox,1977-05-28,http://ufcstats.com/fighter-details/476414d2f18cd059
Sai Wang,72.0,,170.0,Southpaw,1986-01-14,http://ufcstats.com/fighter-details/efb9a43415a56d34
Anying Wang,72.0,,170.0,Orthodox,1991-04-04,http://ufcstats.com/fighter-details/69e8c632135af48b
Wang Cong,66.0,66.0,125.0,Southpaw,1992-05-15,http://ufcstats.com/fighter-details/2997e7fe3c9d3d4a
Joshua Wang-Kim,69.0,71.0,135.0,Switch,1992-11-16,http://ufcstats.com/fighter-details/d538f13ab21d9633
Curt Warburton,72.0,73.0,155.0,Orthodox,,http://ufcstats.com/fighter-details/2721bb808bb2523c
Brennan Ward,70.0,71.0,170.0,,1988-06-28,http://ufcstats.com/fighter-details/67cd6495280b0a57
Charlie Ward,71.0,,170.0,Orthodox,1980-12-17,http://ufcstats.com/fighter-details/e81dd0bb8a64b550
Terrion Ware,68.0,71.0,135.0,Orthodox,1986-03-31,http://ufcstats.com/fighter-details/ba5e253af86db1a8
Joe Warren,66.0,,135.0,Orthodox,1976-10-31,http://ufcstats.com/fighter-details/c0c1bc0766df4c00
Brian Warren,72.0,,185.0,Orthodox,,http://ufcstats.com/fighter-details/c4c4c7dd26c15d91
Merritt Warren,70.0,,155.0,Southpaw,,http://ufcstats.com/fighter-details/1e47dba648ea438c
Idris Wasi,72.0,,186.0,,1989-12-11,http://ufcstats.com/fighter-details/8a19676a3388845a
Kengo Watanabe,76.0,,220.0,Orthodox,1976-01-31,http://ufcstats.com/fighter-details/2abe38b81d68a24a
Kazuhisa Watanabe,66.0,,139.0,,1983-05-18,http://ufcstats.com/fighter-details/951ffadfc4e917ea
Ron Waterman,74.0,,280.0,Orthodox,1965-11-23,http://ufcstats.com/fighter-details/efaf544314bb5c2e
Andy Waters,72.0,,170.0,,,http://ufcstats.com/fighter-details/103e2e67919379c5
Dominic Waters,73.0,79.0,170.0,Orthodox,1989-04-11,http://ufcstats.com/fighter-details/2de91c2244ad7e89
Trey Waters,77.0,77.0,170.0,Orthodox,1995-02-21,http://ufcstats.com/fighter-details/31dbfbe4e7a6727c
Michelle Waterson-Gomez,63.0,62.0,115.0,Orthodox,1986-01-06,http://ufcstats.com/fighter-details/eb04b9d31e938edb
Sam Watford,,,155.0,,,http://ufcstats.com/fighter-details/1836639ecf9b6e7f
Blake Watkins,,,185.0,,,http://ufcstats.com/fighter-details/117580b232409824
Kyle Watson,72.0,,155.0,Southpaw,1979-08-09,http://ufcstats.com/fighter-details/d7b2c0b53883ee80
Maka Watson,,,155.0,,1984-09-22,http://ufcstats.com/fighter-details/a31dfd9e8b2dc6ca
Walel Watson,71.0,75.0,135.0,Orthodox,1984-07-16,http://ufcstats.com/fighter-details/92aafa8f4b26269b
Tom Watson,73.0,73.0,185.0,Orthodox,1982-07-13,http://ufcstats.com/fighter-details/6809c31286b08d97
Enrique Watson,,,185.0,,,http://ufcstats.com/fighter-details/a99d4aa689bdca18
Brok Weaver,72.0,73.0,155.0,Southpaw,1991-12-05,http://ufcstats.com/fighter-details/7c9f96f9a6a5cd50
Jonavin Webb,70.0,,170.0,Orthodox,1989-04-28,http://ufcstats.com/fighter-details/f40ec51dd4de47c3
Stephanie Webber,66.0,,135.0,,,http://ufcstats.com/fighter-details/d44a84409bf0da64
Royston Wee,67.0,67.0,135.0,Orthodox,1986-11-15,http://ufcstats.com/fighter-details/b9c03e7a4557e542
Darian Weeks,71.0,72.0,170.0,Orthodox,1993-11-23,http://ufcstats.com/fighter-details/326a001926ffb7ec
Joshua Weems,68.0,69.0,135.0,Orthodox,1994-05-05,http://ufcstats.com/fighter-details/69888118d968ba52
Daniel Weichel,70.0,70.0,145.0,,1984-11-22,http://ufcstats.com/fighter-details/7b9dade6bedaabbe
Chris Weidman,74.0,78.0,185.0,Orthodox,1984-06-17,http://ufcstats.com/fighter-details/3a8176e15b9887c1
Mark Weir,74.0,,185.0,Southpaw,1967-09-19,http://ufcstats.com/fighter-details/9ccdd2ce45903f34
Christian Wellisch,74.0,77.0,234.0,Orthodox,1975-09-13,http://ufcstats.com/fighter-details/f1b2a4365799c48b
Malcolm Wellmaker,70.0,71.0,135.0,Switch,1994-06-04,http://ufcstats.com/fighter-details/2e45d08b3f2f02c8
Jeremiah Wells,69.0,74.0,170.0,Switch,1986-10-30,http://ufcstats.com/fighter-details/d66a46de8d705353
Fabricio Werdum,76.0,77.0,231.0,Orthodox,1977-07-30,http://ufcstats.com/fighter-details/492b202d2064e7a9
Mike Wessel,72.0,,260.0,Orthodox,1977-12-02,http://ufcstats.com/fighter-details/b51841e7c594090d
Dustin West,71.0,,170.0,,,http://ufcstats.com/fighter-details/5f5763b3a4de8dd4
Sheldon Westcott,73.0,71.0,170.0,Southpaw,1984-08-20,http://ufcstats.com/fighter-details/ec2d13a87d3d9541
Aaron Wetherspoon,,,170.0,,,http://ufcstats.com/fighter-details/1ce7998e0a215caa
Coty Wheeler,66.0,67.0,135.0,Orthodox,1978-10-11,http://ufcstats.com/fighter-details/e57f0b06ea39e360
Vernon White,72.0,,205.0,Southpaw,1971-12-03,http://ufcstats.com/fighter-details/12458872d6afae1b
Steve White,71.0,,175.0,,,http://ufcstats.com/fighter-details/d181689653115b6a
Alex White,72.0,71.0,155.0,Southpaw,1988-10-22,http://ufcstats.com/fighter-details/c17041f1bb5768d8
Craig White,74.0,76.0,170.0,Orthodox,1990-07-01,http://ufcstats.com/fighter-details/3dd949593346dbc3
Patrik White,72.0,72.0,155.0,Orthodox,1993-06-11,http://ufcstats.com/fighter-details/4debc6c4c6249690
Robert Whiteford,69.0,69.0,145.0,Southpaw,1983-04-12,http://ufcstats.com/fighter-details/1dafccb62a0f98ec
Mike Whitehead,73.0,,205.0,Orthodox,1981-06-29,http://ufcstats.com/fighter-details/22d1e00e1aabb7c9
Garett Whiteley,72.0,72.0,155.0,Orthodox,1980-12-13,http://ufcstats.com/fighter-details/129537073431e52e
Mitch Whitesel,69.0,,185.0,,1981-07-12,http://ufcstats.com/fighter-details/b6debbda44d4a5a0
Emily Whitmire,65.0,63.0,125.0,Orthodox,1991-05-24,http://ufcstats.com/fighter-details/b3d21b2610dcfaeb
Robert Whittaker,72.0,73.0,185.0,Orthodox,1990-12-20,http://ufcstats.com/fighter-details/e1147d3d2dabe1ce
Josh Wick,69.0,69.0,155.0,Switch,1994-10-04,http://ufcstats.com/fighter-details/13935768cf8aeb86
Adam Wieczorek,77.0,81.0,250.0,Orthodox,1992-02-05,http://ufcstats.com/fighter-details/efa1f6b42c86793c
Orlando Wiet,70.0,,170.0,Southpaw,,http://ufcstats.com/fighter-details/a6c2f5381d575920
Jonathan Wiezorek,75.0,,250.0,Southpaw,1978-02-10,http://ufcstats.com/fighter-details/60884f31ead1609c
Jakub Wiklacz,70.0,72.0,135.0,Orthodox,1996-09-10,http://ufcstats.com/fighter-details/6902fcf0610dd303
Justin Wilcox,66.0,,155.0,Orthodox,1979-03-12,http://ufcstats.com/fighter-details/4a482a0100cfcd0a
Joe Wilk,69.0,,145.0,,1982-04-12,http://ufcstats.com/fighter-details/781014fb7e8e647a
Aaron Wilkinson,70.0,,155.0,Orthodox,1987-01-31,http://ufcstats.com/fighter-details/338a11d3674eb2d4
Mike Wilkinson,67.0,66.0,145.0,Orthodox,1987-09-15,http://ufcstats.com/fighter-details/cfaf010d5b389c09
Rob Wilkinson,75.0,80.0,185.0,Orthodox,1992-02-22,http://ufcstats.com/fighter-details/826475cc758e60e6
James Wilks,73.0,75.0,170.0,Orthodox,1978-05-04,http://ufcstats.com/fighter-details/852454c572675334
Tedd Williams,73.0,,275.0,Orthodox,1969-12-19,http://ufcstats.com/fighter-details/b63e800c18e011b5
Pete Williams,75.0,,235.0,Orthodox,1975-07-10,http://ufcstats.com/fighter-details/6291ac0a3726732f
Rubin Williams,73.0,,185.0,Orthodox,1976-04-09,http://ufcstats.com/fighter-details/6f812143641ceff8
Carter Williams,73.0,,265.0,Orthodox,,http://ufcstats.com/fighter-details/b8e2f10efb6eca85
Patrick Williams,68.0,73.0,135.0,Orthodox,1981-09-07,http://ufcstats.com/fighter-details/39330403ad27c2bb
Tim Williams,74.0,76.0,185.0,Orthodox,1986-07-03,http://ufcstats.com/fighter-details/990bd63726a577f8
Jordan Williams,73.0,75.0,185.0,Southpaw,1990-10-13,http://ufcstats.com/fighter-details/e26bd53b751d61d9
Cole Williams,72.0,73.0,170.0,Orthodox,1983-12-15,http://ufcstats.com/fighter-details/f9a20a17d712ef7c
Khaos Williams,72.0,77.0,170.0,Orthodox,1994-03-30,http://ufcstats.com/fighter-details/2558ae2e5671e318
Karl Williams,75.0,79.0,235.0,Orthodox,1990-01-06,http://ufcstats.com/fighter-details/d35f734c56a89103
Karl Willis,,,,,,http://ufcstats.com/fighter-details/95883dbdab4fcf0f
Justin Willis,73.0,78.0,264.0,Southpaw,1987-07-19,http://ufcstats.com/fighter-details/ce1e867808ef5fce
Chris Wilson,73.0,75.0,170.0,Orthodox,1977-06-07,http://ufcstats.com/fighter-details/a56607a451e4c70d
Greg Wilson,,,155.0,,1988-10-02,http://ufcstats.com/fighter-details/9cc84087ee768342
Jonathan Wilson,74.0,75.0,205.0,Southpaw,1987-07-17,http://ufcstats.com/fighter-details/cd01f0b768a32475
Sean Wilson,68.0,,145.0,,1982-10-20,http://ufcstats.com/fighter-details/b8e6393c39cb9740
Westin Wilson,73.0,73.0,145.0,Southpaw,1989-01-24,http://ufcstats.com/fighter-details/7b3503352cd53abb
Damon Wilson,69.0,69.0,145.0,Switch,1993-04-29,http://ufcstats.com/fighter-details/81254702b51cc832
Matt Wiman,70.0,68.0,155.0,Orthodox,1983-09-19,http://ufcstats.com/fighter-details/eb29176b03dfa888
Eddie Wineland,67.0,69.0,135.0,Orthodox,1984-06-26,http://ufcstats.com/fighter-details/fc9a9559a05f2704
Deron Winn,66.0,70.0,185.0,Orthodox,1989-06-13,http://ufcstats.com/fighter-details/483a953b18d73bb3
Andre Winner,71.0,73.0,155.0,Orthodox,1981-11-09,http://ufcstats.com/fighter-details/b45d6b73f4ca4467
Eric Wisely,68.0,,145.0,Southpaw,1984-07-25,http://ufcstats.com/fighter-details/53f84637dfffab7a
Keith Wisniewski,72.0,,170.0,Orthodox,1981-10-25,http://ufcstats.com/fighter-details/cd12227edd3f134b
Jason Witt,70.0,70.0,170.0,Orthodox,1986-11-07,http://ufcstats.com/fighter-details/5f3805dda9661cba
Travis Wiuff,75.0,,205.0,Orthodox,1978-03-15,http://ufcstats.com/fighter-details/7f9f528cb72a6ed1
Ray Wizard,,,,,,http://ufcstats.com/fighter-details/ea0ad155451ed1f5
Karolina Wojcik,62.0,,115.0,Orthodox,1994-12-09,http://ufcstats.com/fighter-details/b99b3620839ea911
Danyelle Wolf,71.0,70.0,145.0,Orthodox,1983-09-08,http://ufcstats.com/fighter-details/a7e3f02fe2b2fe30
Brandon Wolff,69.0,,170.0,Orthodox,1975-10-18,http://ufcstats.com/fighter-details/aa79d5399571068e
Xue Do Won,67.0,,165.0,,,http://ufcstats.com/fighter-details/daa89f01e1c0f42a
Kwon Won Il,,,135.0,,1995-06-24,http://ufcstats.com/fighter-details/751aa58b7fb03c74
Joanne Wood,66.0,65.0,125.0,Orthodox,1985-12-23,http://ufcstats.com/fighter-details/12f91bfa8f1f723b
Nathaniel Wood,66.0,69.0,145.0,Orthodox,1993-05-08,http://ufcstats.com/fighter-details/329e403448756217
Val Woodburn,68.0,74.0,170.0,Orthodox,1993-08-10,http://ufcstats.com/fighter-details/7a47e068f8017019
Tyron Woodley,69.0,74.0,170.0,Orthodox,1982-04-07,http://ufcstats.com/fighter-details/effd9de9937996f8
Salvador Woods,71.0,,170.0,,1985-02-05,http://ufcstats.com/fighter-details/8de471543d9c933e
Logan Woods,,,185.0,,1994-05-30,http://ufcstats.com/fighter-details/133a9d2e6efd8a50
Sean Woodson,74.0,78.0,145.0,Orthodox,1992-06-07,http://ufcstats.com/fighter-details/4682bc59d5f55145
Cal Worsham,71.0,,230.0,Orthodox,,http://ufcstats.com/fighter-details/de3ed2e152520c8d
Hunter Worsham,,,185.0,,,http://ufcstats.com/fighter-details/8fb808fc2e145bd6
Khama Worthy,71.0,74.0,155.0,Orthodox,1986-10-15,http://ufcstats.com/fighter-details/78e501478a36a018
Eric Wray,72.0,,170.0,Orthodox,,http://ufcstats.com/fighter-details/eb6edce3028f05c0
Justin Wren,74.0,,265.0,Orthodox,1987-04-27,http://ufcstats.com/fighter-details/e78f601035d677f2
JW Wright,,,130.0,,1976-01-12,http://ufcstats.com/fighter-details/2a0b19a96f848eff
Chris Wright,,,,,,http://ufcstats.com/fighter-details/7182146226dabe22
Jordan Wright,74.0,77.0,205.0,Orthodox,1991-10-07,http://ufcstats.com/fighter-details/c878270af633eb11
Marcin Wrzosek,69.0,,155.0,,1987-10-14,http://ufcstats.com/fighter-details/aac6edb0d5e0b7e9
Wu Yanan,68.0,66.0,135.0,Orthodox,1996-04-18,http://ufcstats.com/fighter-details/fdbefee0827e1567
Wulijiburen,69.0,69.0,135.0,Orthodox,1989-03-01,http://ufcstats.com/fighter-details/2296125b6c362355
Wuziazibieke Jiahefu,69.0,70.0,145.0,Orthodox,1990-04-09,http://ufcstats.com/fighter-details/2d077e22886298be
Rubens Xavier,75.0,,220.0,Orthodox,,http://ufcstats.com/fighter-details/e6dac752a2418a88
Xiao Long,68.0,70.0,135.0,Orthodox,1998-04-13,http://ufcstats.com/fighter-details/86bace9e4ad85542
Xie Bin,70.0,72.0,145.0,Orthodox,1998-02-28,http://ufcstats.com/fighter-details/e415ea6f8d41c917
Jamie Yager,73.0,,185.0,Orthodox,1983-11-29,http://ufcstats.com/fighter-details/85248da6e9e2f7e7
Eddie Yagin,67.0,,145.0,Orthodox,1979-03-23,http://ufcstats.com/fighter-details/cc84b68f862b466f
Rani Yahya,66.0,67.0,135.0,Orthodox,1984-09-12,http://ufcstats.com/fighter-details/94527830000ab715
Mohammad Yahya,69.0,73.0,145.0,Switch,1994-05-23,http://ufcstats.com/fighter-details/3753714927f18437
Abdul Rakhman Yakhyaev,74.0,78.0,205.0,Orthodox,2001-01-03,http://ufcstats.com/fighter-details/95aff2fd8d09a5f0
Alexander Yakovlev,75.0,74.0,155.0,Southpaw,1984-07-18,http://ufcstats.com/fighter-details/d06f8869449ba7bd
Keiichiro Yamamiya,71.0,,185.0,Southpaw,1972-07-12,http://ufcstats.com/fighter-details/6014d25e73b669c9
Kenichi Yamamoto,72.0,,170.0,Orthodox,1976-07-11,http://ufcstats.com/fighter-details/9f488f520ed25bbf
Yoshihisa Yamamoto,74.0,,220.0,Southpaw,1970-07-04,http://ufcstats.com/fighter-details/eed2b71d77d95416
Atsushi Yamamoto,66.0,,139.0,Orthodox,1980-10-02,http://ufcstats.com/fighter-details/351264d11286d09a
Norifumi Yamamoto,64.0,66.0,135.0,Southpaw,1977-03-15,http://ufcstats.com/fighter-details/4834ff149dc9542a
Hiroko Yamanaka,71.0,,135.0,,1978-10-24,http://ufcstats.com/fighter-details/283645128ae57eda
Goiti Yamauchi,70.0,,145.0,,1993-01-05,http://ufcstats.com/fighter-details/9e1a7101fefe9746
Wataru Yamauchi,66.0,68.0,125.0,Orthodox,1999-06-22,http://ufcstats.com/fighter-details/d8bf3df51ff3a270
Takeshi Yamazaki,68.0,,139.0,Southpaw,,http://ufcstats.com/fighter-details/d1d20e651e6cbc02
Yan Xiaonan,65.0,63.0,115.0,Orthodox,1989-06-16,http://ufcstats.com/fighter-details/c41d426cc7326d1b
Petr Yan,67.0,67.0,135.0,Switch,1993-02-11,http://ufcstats.com/fighter-details/d661ce4da776fc20
Yan Qihui,63.0,62.0,125.0,Orthodox,1996-10-21,http://ufcstats.com/fighter-details/5c9c2e247c836b67
Adam Yandiev,69.0,74.0,185.0,Orthodox,1988-08-07,http://ufcstats.com/fighter-details/0a95c474e61a6c44
Adrian Yanez,67.0,70.0,135.0,Orthodox,1993-11-29,http://ufcstats.com/fighter-details/0232cabbc30a2372
Dongi Yang,70.0,73.0,185.0,Southpaw,1984-12-07,http://ufcstats.com/fighter-details/aed06011bf62237b
Jianping Yang,67.0,,145.0,Orthodox,1988-11-27,http://ufcstats.com/fighter-details/d3c554d6e11fc9d6
John Yannis,67.0,70.0,145.0,Southpaw,1994-07-07,http://ufcstats.com/fighter-details/450bcab0968562c4
Masutatsu Yano,69.0,,198.0,Orthodox,1975-07-11,http://ufcstats.com/fighter-details/d56caaa5e123f518
Emmanuel Yarborough,80.0,,770.0,Open Stance,1960-09-05,http://ufcstats.com/fighter-details/2299605af59fd309
Cale Yarbrough,73.0,,185.0,Orthodox,1986-12-27,http://ufcstats.com/fighter-details/a0b91014e9d16a76
Tadao Yasuda,76.0,,310.0,Orthodox,1963-10-09,http://ufcstats.com/fighter-details/49e7e05f902479ca
Yoshiaki Yatsu,73.0,,165.0,Orthodox,1956-07-19,http://ufcstats.com/fighter-details/620be7e0712d431b
Chris Yee,69.0,,185.0,,,http://ufcstats.com/fighter-details/920632ca1b78fae5
Yibugele,67.0,69.0,145.0,Southpaw,1989-11-13,http://ufcstats.com/fighter-details/cc2fcae2c0dc501d
Yin Shuai,65.0,66.0,125.0,Southpaw,1997-01-01,http://ufcstats.com/fighter-details/a78dc3910554dbae
Yizha,67.0,71.0,145.0,Orthodox,1997-01-08,http://ufcstats.com/fighter-details/3f11fd1751fa83b1
Ashley Yoder,67.0,69.0,115.0,Southpaw,1987-10-20,http://ufcstats.com/fighter-details/b4c6c904a9ffc5e8
Hirotaka Yokoi,71.0,,205.0,Orthodox,1978-06-08,http://ufcstats.com/fighter-details/35585d970300d45a
Kazunori Yokota,68.0,,154.0,Orthodox,1978-04-03,http://ufcstats.com/fighter-details/a8e8587a06e73c87
John Yoo,,,135.0,,,http://ufcstats.com/fighter-details/40eb2aef4d5577d4
SangHoon Yoo,72.0,74.0,170.0,Orthodox,1990-01-18,http://ufcstats.com/fighter-details/00b490982afd1b17
JooSang Yoo,67.0,71.0,145.0,Orthodox,1994-01-21,http://ufcstats.com/fighter-details/a44020ea2e8cd026
Dong Sik Yoon,72.0,,185.0,Orthodox,1972-08-24,http://ufcstats.com/fighter-details/ad99fa5325519169
ChangMin Yoon,68.0,70.0,145.0,Orthodox,1994-05-10,http://ufcstats.com/fighter-details/29ab96eae72bad9f
Yoshiyuki Yoshida,71.0,70.0,170.0,Southpaw,1974-05-10,http://ufcstats.com/fighter-details/ab8900ae1f1dfd4c
Hidehiko Yoshida,71.0,,225.0,Orthodox,1969-09-03,http://ufcstats.com/fighter-details/2eae41f61776c60f
Kai Yoshida,69.0,69.0,125.0,Southpaw,1999-10-10,http://ufcstats.com/fighter-details/2e517966267a468a
SuYoung You,66.0,65.0,135.0,Orthodox,1995-12-11,http://ufcstats.com/fighter-details/a474aade8eb3a8f0
Kaitlin Young,69.0,,135.0,Orthodox,1985-09-15,http://ufcstats.com/fighter-details/79ff6545b0abc685
Artenus Young,,,205.0,,1980-07-16,http://ufcstats.com/fighter-details/8d4943a9ce9f521b
Trenell Young,66.0,,145.0,Orthodox,1976-06-19,http://ufcstats.com/fighter-details/bf5183e1c1afc3b2
Jason Young,69.0,73.0,145.0,Orthodox,1986-06-28,http://ufcstats.com/fighter-details/f59e9e49ef85b469
Shane Young,68.0,72.0,145.0,Orthodox,1993-07-31,http://ufcstats.com/fighter-details/4cd8b03aee1d0138
Shanna Young,67.0,65.0,125.0,Orthodox,1991-02-20,http://ufcstats.com/fighter-details/568bbad0eaced57c
Gauge Young,69.0,70.0,155.0,Orthodox,2000-07-14,http://ufcstats.com/fighter-details/b2a78df161bd67f9
Besam Yousef,71.0,,170.0,Orthodox,1985-03-25,http://ufcstats.com/fighter-details/98ec9f385cca47fc
Han Ten Yun,71.0,,220.0,,,http://ufcstats.com/fighter-details/67ec58d7cf599835
Rob Yundt,73.0,,185.0,Orthodox,1980-05-05,http://ufcstats.com/fighter-details/42078a86d3dd037b
Sodiq Yusuff,69.0,71.0,155.0,Orthodox,1993-05-19,http://ufcstats.com/fighter-details/94426bb170c88115
Gilbert Yvel,74.0,77.0,225.0,Orthodox,1976-06-30,http://ufcstats.com/fighter-details/d29b5c4f22c6357d
Luke Zachrich,74.0,74.0,185.0,Orthodox,1981-12-19,http://ufcstats.com/fighter-details/2284092f8b63273b
Anton Zafir,71.0,,170.0,Orthodox,1987-05-10,http://ufcstats.com/fighter-details/8c822811eedc11ad
Aiemann Zahabi,68.0,68.0,135.0,Orthodox,1987-11-19,http://ufcstats.com/fighter-details/24656ef4d605c96f
Joao Zaiden,,,205.0,,1993-03-16,http://ufcstats.com/fighter-details/6b614bda982f5214
Youssef Zalal,70.0,72.0,145.0,Switch,1996-09-04,http://ufcstats.com/fighter-details/52c2ae6d2f2d2613
Elizeu Zaleski dos Santos,71.0,73.0,170.0,Orthodox,1986-12-11,http://ufcstats.com/fighter-details/8adcbd525fab8d9b
Zach Zane,67.0,69.0,145.0,Southpaw,1989-12-14,http://ufcstats.com/fighter-details/cc3878d1ab41a5fa
Roger Zapata,71.0,,170.0,Southpaw,1986-05-09,http://ufcstats.com/fighter-details/fe5ca7ef93c3f6a7
Marius Zaromskis,69.0,,170.0,Orthodox,1980-07-30,http://ufcstats.com/fighter-details/abcf7e55a0a9ed89
David Zawada,72.0,75.0,170.0,Orthodox,1990-08-01,http://ufcstats.com/fighter-details/3bb2dc8e87b10a46
Magomed Zaynukov,,,155.0,Orthodox,1995-01-02,http://ufcstats.com/fighter-details/04ff3a711504d6b3
Manolo Zecchini,68.0,68.0,145.0,Orthodox,1996-10-22,http://ufcstats.com/fighter-details/fd7ab338e4953644
Joao Zeferino,71.0,,170.0,Orthodox,1986-01-15,http://ufcstats.com/fighter-details/be4076c9e8d791e3
Daniel Zellhuber,73.0,77.0,155.0,Switch,1999-07-07,http://ufcstats.com/fighter-details/4148802ae4a50768
Craig Zellner,74.0,,205.0,Orthodox,1976-09-09,http://ufcstats.com/fighter-details/3794e5e0bb0defb6
Rickson Zenidim,67.0,67.0,125.0,Orthodox,1999-02-17,http://ufcstats.com/fighter-details/c879d8620261b1a3
Roman Zentsov,73.0,,230.0,Orthodox,1973-09-10,http://ufcstats.com/fighter-details/3144121470023e9a
Carlos Zevallos,72.0,,205.0,Orthodox,,http://ufcstats.com/fighter-details/cbf69fa846c7e3ee
Zhang Tiequan,68.0,69.0,155.0,Orthodox,1978-07-25,http://ufcstats.com/fighter-details/c23e3d4875340d8d
Zhang Lipeng,71.0,71.0,155.0,Southpaw,1990-03-10,http://ufcstats.com/fighter-details/7b310409440c9102
Zhang Weili,64.0,63.0,115.0,Switch,1989-08-13,http://ufcstats.com/fighter-details/1ebe20ebbfa15e29
Zhang Mingyang,74.0,75.0,205.0,Orthodox,1998-08-16,http://ufcstats.com/fighter-details/8a65fd9ba31fd3f7
Zhang Qinghe,67.0,67.0,135.0,Southpaw,2001-11-05,http://ufcstats.com/fighter-details/45c7979c71751fcf
Zhang Zhenyang,,,155.0,,,http://ufcstats.com/fighter-details/286e1d61fb315355
Daermisi Zhawupasi,68.0,68.0,135.0,Switch,1999-09-15,http://ufcstats.com/fighter-details/fd52e5f9ab25c94c
Daria Zhelezniakova,69.0,68.0,135.0,Orthodox,1996-01-23,http://ufcstats.com/fighter-details/07047eb7d17fb0a2
Yao Zhikui,65.0,64.0,125.0,Orthodox,1991-02-07,http://ufcstats.com/fighter-details/5ea918ea81b7dee2
Zhou Kun,,,125.0,,,http://ufcstats.com/fighter-details/d027fff39a34a9df
Zhu Kangjie,68.0,70.0,145.0,Orthodox,1996-01-16,http://ufcstats.com/fighter-details/6f4ec5aa3eced219
Zhalgas Zhumagulov,64.0,66.0,125.0,Switch,1988-08-29,http://ufcstats.com/fighter-details/55fa6ce3e522c8bb
Fares Ziam,73.0,75.0,155.0,Orthodox,1997-03-21,http://ufcstats.com/fighter-details/1e4f273069fb9e85
Mike Zichelle,,,205.0,,,http://ufcstats.com/fighter-details/6d3398b910461f2f
James Zikic,74.0,,205.0,Orthodox,1977-03-01,http://ufcstats.com/fighter-details/4b4fc3ddc307bc73
Errol Zimmerman,75.0,,185.0,Orthodox,1986-04-20,http://ufcstats.com/fighter-details/0aa74d04c196800c
Cat Zingano,66.0,68.0,145.0,Southpaw,1982-07-01,http://ufcstats.com/fighter-details/3ecd936bd8814108
Igor Zinoviev,73.0,,199.0,Orthodox,,http://ufcstats.com/fighter-details/108afe61a26bcbf4
Dave Zitanick,,,170.0,,1980-03-05,http://ufcstats.com/fighter-details/be124bdd60fab7d5
Alex Zuniga,,,145.0,,,http://ufcstats.com/fighter-details/02d808afb96669de
George Zuniga,69.0,,185.0,,,http://ufcstats.com/fighter-details/1291dd6b8ab4d952
Allan Zuniga,67.0,70.0,155.0,Orthodox,1992-04-04,http://ufcstats.com/fighter-details/523af801b3429015
Brahyam Zurcher,70.0,70.0,145.0,Orthodox,1996-03-10,http://ufcstats.com/fighter-details/392878af4680849f
Virgil Zwicker,74.0,74.0,205.0,,1982-06-26,http://ufcstats.com/fighter-details/0c277f3ff66b0208
Max Gimenis,,,265.0,,1983-04-14,http://ufcstats.com/fighter-details/6a311920edd73c85
Ethyn Ewing,,,145.0,,1998-02-16,http://ufcstats.com/fighter-details/d776b5814f2400b4
Yaroslav Amosov,,,185.0,,1993-09-09,http://ufcstats.com/fighter-details/f139d6836efd43dd
Lance Gibson Jr.,,,155.0,,1995-02-02,http://ufcstats.com/fighter-details/07bc580bdf3eb9c8
Isaac Thomson,,,145.0,,2002-05-03,http://ufcstats.com/fighter-details/5d8006587d6a6711
Gianni Vazquez,,,135.0,Orthodox,1994-07-17,http://ufcstats.com/fighter-details/51ec9dc3b4964f19
Julien Leblanc,,,185.0,,1992-01-21,http://ufcstats.com/fighter-details/cd0dfd9846bd03b9
Gokhan Saricam,,,265.0,,1991-02-26,http://ufcstats.com/fighter-details/1a97a3ef4c758fae
Regina Malpica,,,125.0,,2004-10-19,http://ufcstats.com/fighter-details/bc7f4b2d4c2724a2
Yi Sak Lee,,,185.0,,2000-01-01,http://ufcstats.com/fighter-details/e6666480a830f764
Farida Abdueva,,,115.0,,2004-05-15,http://ufcstats.com/fighter-details/8f3837b4c06f3d1e
Ryoga Arimoto,,,125.0,,1998-12-07,http://ufcstats.com/fighter-details/e0e1801e8721af17
Eros Baluyot,,,125.0,,1992-10-23,http://ufcstats.com/fighter-details/3497f4c29654862c
Bo Meng,,,115.0,,1996-04-21,http://ufcstats.com/fighter-details/2d85fcb4468c30d7
Otgonbaatar Boldbaatar,,,125.0,,2002-12-25,http://ufcstats.com/fighter-details/3f773caad71c4131
Yudi Cahyadi,,,145.0,,,http://ufcstats.com/fighter-details/8c457cf7da551d4b
Dagiisuren Chagnaadorj,,,145.0,,1999-12-31,http://ufcstats.com/fighter-details/70186298465de3f3
Rabindra Dhant,,,135.0,,1998-11-30,http://ufcstats.com/fighter-details/9f8bd85aaeec2f56
Machi Fukuda,,,115.0,,2003-06-03,http://ufcstats.com/fighter-details/42189c98d434a413
Matty Iann,,,135.0,,2000-10-26,http://ufcstats.com/fighter-details/031c06c8210e357c
Joseph Larcinese,,,125.0,,1998-10-01,http://ufcstats.com/fighter-details/62a72adeb0227603
Kwan Woo Lim,,,155.0,,2001-07-27,http://ufcstats.com/fighter-details/a53657e43b00614e
Yunosuke Minami,,,135.0,,2000-09-10,http://ufcstats.com/fighter-details/9f2c07bd65fde55c
Ryuho Miyaguchi,,,135.0,,1998-01-27,http://ufcstats.com/fighter-details/f1a9c0998c683782
Kasib Murdoch,,,135.0,,,http://ufcstats.com/fighter-details/3a51f8d30900b580
Kaito Oda,,,125.0,,1998-02-13,http://ufcstats.com/fighter-details/629bac37f70891fb
Bo Hyun Park,,,115.0,,1999-05-14,http://ufcstats.com/fighter-details/504d3a11e4408253
Gezhen Re,,,155.0,,,http://ufcstats.com/fighter-details/be5fd2ae27d20842
Youmin Shin,,,135.0,,,http://ufcstats.com/fighter-details/b94ac19bad67a389
Takaya Suzuki,,,125.0,,2004-09-04,http://ufcstats.com/fighter-details/81d59c1e07478361
Ryo Tajima,,,135.0,,1999-08-14,http://ufcstats.com/fighter-details/34fbfc3f65b64645
Kim Tran,,,115.0,,1996-11-22,http://ufcstats.com/fighter-details/5f440fdb94f626c5
Xiong Jingnan,,,115.0,,1988-01-12,http://ufcstats.com/fighter-details/2cdb479a0ef0ee1d
Yuito Yanagawa,,,145.0,,2000-10-16,http://ufcstats.com/fighter-details/7c592bf20095fd17
Dakota Hope,,,145.0,,1997-01-29,http://ufcstats.com/fighter-details/6142edbd477d20c9
Benjamin Donovan Johnston,,,185.0,,1990-10-11,http://ufcstats.com/fighter-details/3261aa79bf6caa64
Jamie Siraj,,,145.0,,1994-06-28,http://ufcstats.com/fighter-details/e6679e38e7fab7a8
Kimbert Alintozon,,,135.0,,1999-01-21,http://ufcstats.com/fighter-details/a075a34d7527fadf
Abubakar Vagaev,,,170.0,,1993-04-14,http://ufcstats.com/fighter-details/f7adc1fd115f8fdd
Gable Steveson,,,249.0,,2000-05-31,http://ufcstats.com/fighter-details/f7e856a73c96048e
Lucas Brennan,,,155.0,Southpaw,2000-06-03,http://ufcstats.com/fighter-details/33a8708747b7f943
Anelya Toktogonova,,,125.0,,2005-08-01,http://ufcstats.com/fighter-details/3a89481e3a9d47c0
Kento Imai,,,125.0,,1999-08-10,http://ufcstats.com/fighter-details/3abe2b6b2d9b7efc
Ollie Schmid,,,145.0,,2000-12-28,http://ufcstats.com/fighter-details/b701f095e6ccb149
Farman Hasanov,,,170.0,,1995-08-01,http://ufcstats.com/fighter-details/c88f8a9c1ea7165d
Rodrigo Vera,,,145.0,,1995-10-18,http://ufcstats.com/fighter-details/2b266e623e20737a
Christian Edwards,,,205.0,,1998-11-05,http://ufcstats.com/fighter-details/f5d82eccdea4e2dd
Artur Minev,,,155.0,,,http://ufcstats.com/fighter-details/20d37922ba85e6fc
Vlasto Cepo,,,185.0,,1995-01-25,http://ufcstats.com/fighter-details/025c1ee70b2cedf4
Magomed Tuchalov,,,205.0,,1999-12-30,http://ufcstats.com/fighter-details/bc5a51159ec2fdf2
Akbar Abdullaev,,,155.0,,1997-09-20,http://ufcstats.com/fighter-details/24cb8f04de1310cb
Tahir Abdullayev,68.0,73.0,170.0,Orthodox,1997-02-02,http://ufcstats.com/fighter-details/e047d3b541afd4a7
Matt Adams,,,256.0,,1997-09-07,http://ufcstats.com/fighter-details/acff8cdcfc634cb5
Abe Alsaghir,,,155.0,,2001-07-01,http://ufcstats.com/fighter-details/27a9ce2c04071efe
Damien Anderson,68.0,69.0,145.0,Southpaw,1997-01-04,http://ufcstats.com/fighter-details/df619b9a86ce0a9a
Gary Balletto,,,170.0,,1995-01-20,http://ufcstats.com/fighter-details/623f2eed9e1495af
Delphine Benouaich,,,115.0,,1995-03-21,http://ufcstats.com/fighter-details/3138df4d117ebc12
Theodor Berggren,71.0,75.0,170.0,Switch,2000-04-09,http://ufcstats.com/fighter-details/feef5f8f5629e5e7
Arlind Berisha,,,205.0,,2000-11-05,http://ufcstats.com/fighter-details/364e7a7a1ea5e200
Alivia Bierley,,,135.0,,1996-09-20,http://ufcstats.com/fighter-details/f2da98858f61ca78
Levan Chokheli,71.0,72.0,170.0,Orthodox,1996-10-02,http://ufcstats.com/fighter-details/a69a7120cf26669d
Sean Clancy Jr.,,,170.0,,2002-11-25,http://ufcstats.com/fighter-details/c02862a5f6d3fbd0
Charlie Cleveland,,,248.0,,1997-12-30,http://ufcstats.com/fighter-details/a221b4812b0e7364
Shane Collins,69.0,71.0,145.0,Orthodox,2000-03-08,http://ufcstats.com/fighter-details/70fc8214822b5a85
Callum Connor,,,155.0,,,http://ufcstats.com/fighter-details/6ab620a6b7e80a72
Adam Darby,,,170.0,,1998-11-13,http://ufcstats.com/fighter-details/a4555c13e6257539
Alvi Dasuyev,,,170.0,,,http://ufcstats.com/fighter-details/03c629aaa15a17ce
Marcos Degli,,,125.0,,2000-05-13,http://ufcstats.com/fighter-details/0575068a0f83f963
Adama Diop,,,,,,http://ufcstats.com/fighter-details/8730ab4b1057f925
Ezra Elliott,69.0,72.0,145.0,Orthodox,2000-05-18,http://ufcstats.com/fighter-details/b852ad2b35354fcb
Fabrizio Escarrega,,,155.0,,1998-02-18,http://ufcstats.com/fighter-details/9ebd666f99ba686b
Namo Fazil,,,170.0,,1996-10-29,http://ufcstats.com/fighter-details/f36af23639501cdf
Nicholas Galanti,,,185.0,,1998-06-18,http://ufcstats.com/fighter-details/8988705468d04ef7
John Garza,67.0,68.0,135.0,Orthodox,2002-10-30,http://ufcstats.com/fighter-details/a54b961a1f8be1d5
Magomedrasul Gasanov,,,170.0,,1994-10-23,http://ufcstats.com/fighter-details/30ba4c2779e68a1e
Severino Apollo Gomes,,,145.0,,2000-07-10,http://ufcstats.com/fighter-details/b3db81defb03d7af
Piero Guaylupo,,,155.0,,2004-10-29,http://ufcstats.com/fighter-details/b4e8867d60ef0e69
Noah Gugnon,,,155.0,,2000-10-18,http://ufcstats.com/fighter-details/6266abf6e4245c72
Hugo Guillon,,,185.0,,1997-04-12,http://ufcstats.com/fighter-details/aabf33d691f64d61
RJ Harris,75.0,78.0,258.0,Orthodox,1998-10-01,http://ufcstats.com/fighter-details/e03187ec8b5b6abc
Bilal Hasan,,,125.0,,2001-07-16,http://ufcstats.com/fighter-details/5182316da3c1d891
Luis Hernandez,,,185.0,,1996-08-22,http://ufcstats.com/fighter-details/5dad1e8a516e6477
Ronald Humphrey,,,170.0,,2000-09-20,http://ufcstats.com/fighter-details/15e0d2df09025bda
Zevan Hunt,,,170.0,,1998-12-08,http://ufcstats.com/fighter-details/da27d061bad0f341
Abdul Hussein,,,135.0,Orthodox,1997-08-02,http://ufcstats.com/fighter-details/0e6bc8d1d6c0ad90
Milos Janicic,,,155.0,,1997-05-03,http://ufcstats.com/fighter-details/dfcadfcbd3a3f097
Reginaldo Junior,,,170.0,,1999-02-10,http://ufcstats.com/fighter-details/9e6cd25e0bd05e3d
Martin Kozak,,,185.0,,2002-07-09,http://ufcstats.com/fighter-details/716538be58c6c5e1
Joseph Kropschot,,,185.0,,1995-06-19,http://ufcstats.com/fighter-details/8a81a0707350c4a8
Liu Ce,,,205.0,,1996-09-04,http://ufcstats.com/fighter-details/a9936818d709e2d7
Gabriel Lorenco,,,,,1999-09-30,http://ufcstats.com/fighter-details/e3fc6c1fab298561
Colton Loud,,,125.0,,2000-12-07,http://ufcstats.com/fighter-details/1c01e9a0c44e3128
Yilizhati Maimaitijiang,,,185.0,,,http://ufcstats.com/fighter-details/df1e855932897f45
Liam McCracken,,,155.0,,2001-09-07,http://ufcstats.com/fighter-details/e431ed30fc027c77
Anna Melisano,64.0,68.0,125.0,Orthodox,1997-05-20,http://ufcstats.com/fighter-details/40a7ec5d1ad6ffa8
Nina Milosevic,,,135.0,,1996-08-08,http://ufcstats.com/fighter-details/eabece0edc2d62ca
Bella Mir,,,125.0,,2003-01-01,http://ufcstats.com/fighter-details/9ab21ab88230ce48
Alexis Miranda,,,185.0,,1999-01-03,http://ufcstats.com/fighter-details/d458266c796643e2
Paris Moran,,,125.0,,1996-02-04,http://ufcstats.com/fighter-details/abe2e048a04d22cf
Jefferson Nascimento,68.0,70.0,170.0,Orthodox,1998-11-19,http://ufcstats.com/fighter-details/4b85abc5abbe657c
Norbert Novenyi,,,185.0,,1999-10-06,http://ufcstats.com/fighter-details/770108c77e4bcfd8
Jaden Ortega,,,170.0,,2002-09-18,http://ufcstats.com/fighter-details/fc425affea8ca8cb
Thomas Pagliarulo,,,145.0,,1997-06-19,http://ufcstats.com/fighter-details/0e75cd3ba8274cea
Stefano Paterno,,,170.0,,1995-08-18,http://ufcstats.com/fighter-details/12954cff4025a427
Logan Paxton,,,155.0,,1995-08-04,http://ufcstats.com/fighter-details/b4ce04f082391b54
Mayton Perea,,,170.0,,2000-08-18,http://ufcstats.com/fighter-details/19c46512d8dd6202
Carlos Petruzella,,,185.0,,1997-03-29,http://ufcstats.com/fighter-details/2e1f3640443272ad
Damian Piwowarczyk,,,205.0,,1997-09-14,http://ufcstats.com/fighter-details/30b7ef4026bd7c15
Roman Puga,,,145.0,,1996-09-17,http://ufcstats.com/fighter-details/44f95ae20a6238e5
Emilio Quissua,,,205.0,,1997-04-21,http://ufcstats.com/fighter-details/2b13dba37724eb87
Oscar Ravello,,,185.0,,1998-09-27,http://ufcstats.com/fighter-details/56370b594d5fe0b3
Camila Reynoso,,,115.0,,2003-08-28,http://ufcstats.com/fighter-details/7631e2ba8e1ab9a5
Patrick Rivera,,,170.0,,1992-02-24,http://ufcstats.com/fighter-details/73ab2872b8633322
Douglas Rodrigues,,,185.0,,1999-01-13,http://ufcstats.com/fighter-details/19388069e19ec6b9
Modestino Rodrigues,,,185.0,,2003-10-09,http://ufcstats.com/fighter-details/48e43b65f7838878
Damian Rzepecki,,,155.0,Orthodox,2001-11-23,http://ufcstats.com/fighter-details/99223fbb4a05326b
Zaurbek Sabanov,,,255.0,,1998-06-14,http://ufcstats.com/fighter-details/633f0800d178dd21
Muhammad Said,,,205.0,Orthodox,1996-01-10,http://ufcstats.com/fighter-details/b01a5e0dcd9f231d
Silvestre Sanchez,,,155.0,,2001-11-15,http://ufcstats.com/fighter-details/acdefc52a4b6c576
Hunter Smith,,,155.0,,1998-10-27,http://ufcstats.com/fighter-details/c3217a727e43b0cd
Marina Spasic,,,115.0,,1994-07-11,http://ufcstats.com/fighter-details/5847c1a960bb23af
Taner Trembley,,,155.0,,1994-12-28,http://ufcstats.com/fighter-details/00b8dd0fbe2fbfd9
Alexander Trujillo,,,125.0,,2000-10-01,http://ufcstats.com/fighter-details/ccf25f81fcdaecb4
Tyshawn Williams,,,145.0,,1996-08-24,http://ufcstats.com/fighter-details/2e75399d5a934b0e
Anthony Wint,,,238.0,,1995-09-14,http://ufcstats.com/fighter-details/b34976c022b24568
Hailai Wushamo,,,115.0,,2000-09-03,http://ufcstats.com/fighter-details/78f4cad9548b79e1
Borislav Nikolic,,,135.0,Orthodox,1993-01-29,http://ufcstats.com/fighter-details/5f926979c980b87e
Alexis Apodaca,,,135.0,,,http://ufcstats.com/fighter-details/14a48a86b2b57f0e
Salahdine Parnasse,,,155.0,,1997-12-04,http://ufcstats.com/fighter-details/b3cb9dfccff3be76
Jessie Rosas,,,135.0,,2002-12-04,http://ufcstats.com/fighter-details/d1026588fa65693f
Richie Miranda,,,155.0,Southpaw,1994-08-12,http://ufcstats.com/fighter-details/abde3388a589103c
Gigi Canuto,,,115.0,Orthodox,2002-11-16,http://ufcstats.com/fighter-details/651d209fa8c8cd83
Salhahuddin Everett,,,185.0,,,http://ufcstats.com/fighter-details/4c718f671bf0b525
Ozzy Martin,,,170.0,,2002-09-18,http://ufcstats.com/fighter-details/d0359429b6adb404
Cameron Nelson,,,170.0,,1998-07-28,http://ufcstats.com/fighter-details/34d4cae19105eb68
Stan Dorsainvil,,,155.0,,2000-05-12,http://ufcstats.com/fighter-details/5be51426ff3c1929
Nell Ariano,,,205.0,,,http://ufcstats.com/fighter-details/0adbaf643b60b130
Terrance Chatman,,,265.0,,,http://ufcstats.com/fighter-details/23a81656507b56a3
Ryan Kuse,,,145.0,,1994-06-24,http://ufcstats.com/fighter-details/d958ed9e5a08c849
Summer Onley,,,135.0,,,http://ufcstats.com/fighter-details/c9ef8dcc299f4f75
Nilson Rojas,,,125.0,,1999-04-21,http://ufcstats.com/fighter-details/bf60dd3256801649
Loai Abushaar,,,155.0,,1996-08-10,http://ufcstats.com/fighter-details/44753fa1e57c5289
Aieza Bertolso,,,115.0,,2001-08-29,http://ufcstats.com/fighter-details/2db2ab1032bb4e76
Luca Borando,,,155.0,,2000-09-24,http://ufcstats.com/fighter-details/15a064f0c3bdb6e0
Ilias Bulaid,,,145.0,,1995-01-05,http://ufcstats.com/fighter-details/d189880f25580bcf
Hector de Sousa Santiago,,,135.0,,1993-03-23,http://ufcstats.com/fighter-details/8e4902b4a8045070
Ian Escuza,,,145.0,,1996-04-28,http://ufcstats.com/fighter-details/1fa85d7dcf2f57c5
Luis Francischinelli,,,170.0,,1996-03-16,http://ufcstats.com/fighter-details/d245202d8ace5b1a
Sean King,,,145.0,,2003-10-17,http://ufcstats.com/fighter-details/41523699f37d400c
William Rentz,,,170.0,,1999-03-19,http://ufcstats.com/fighter-details/bfb58d214212127b
Fabia Sintes,,,125.0,,1994-07-27,http://ufcstats.com/fighter-details/9911989cf48b195d
Mateus Soares,,,135.0,,,http://ufcstats.com/fighter-details/b4a7816e47bd2c26
George Staines,,,155.0,,2000-09-20,http://ufcstats.com/fighter-details/24176a5b6f3872e0
Erick Visconde,,,145.0,,1996-11-21,http://ufcstats.com/fighter-details/65ff41ab071ab326
Douglas Da Lapa,,,185.0,,1999-07-02,http://ufcstats.com/fighter-details/d399b2bfa2c27d9e
Francesco Nuzzi,,,135.0,,1996-08-28,http://ufcstats.com/fighter-details/874cfc98877daecd
Michael Aljarouj,,,125.0,,1997-08-21,http://ufcstats.com/fighter-details/22e3458965d5d08a
Davi Cabral de Souza,,,185.0,,1999-03-19,http://ufcstats.com/fighter-details/a6e76a8bf3c59ef6
Aline Silva Pereira,,,135.0,,1990-10-06,http://ufcstats.com/fighter-details/aeeba48b683a05f1
Smilla Sundell,,,135.0,,2004-11-12,http://ufcstats.com/fighter-details/b6a871a01c66438a
Melissa Amaya,,,115.0,,1994-11-27,http://ufcstats.com/fighter-details/71758ab9f337716c
Christian Echols,,,185.0,,1998-06-11,http://ufcstats.com/fighter-details/13ebc425c8dade90
Javad Mahjoub,,,,,1992-05-26,http://ufcstats.com/fighter-details/e9f9add1481fc11c
Mehemmedeli Osmanli,,,135.0,,2004-08-05,http://ufcstats.com/fighter-details/2bbdbc925f4323ac
Lucia Szabova,,,135.0,,1997-12-23,http://ufcstats.com/fighter-details/184f6ec4ee712e9f
Ilimbek Akylbek Uulu,,,135.0,,2003-09-01,http://ufcstats.com/fighter-details/130b65b53f30f33c
Isaac Moreno,,,170.0,,1997-09-11,http://ufcstats.com/fighter-details/0572ebd8e276d66f
Pavel Andrusca,,,145.0,Orthodox,2002-05-08,http://ufcstats.com/fighter-details/93f9c19ae41d2a97
Christian Natividad,,,125.0,,1996-12-07,http://ufcstats.com/fighter-details/6a85d319e47d7c8e
Roberto Soldic,,,170.0,,1995-01-25,http://ufcstats.com/fighter-details/5a229cbd9cdd28ca
Ednilson Santos,,,155.0,Orthodox,1992-03-07,http://ufcstats.com/fighter-details/f302d3b66e72792e
Lucas Armand,,,264.0,,1995-10-26,http://ufcstats.com/fighter-details/20e04625a5395a06
Preston La Grange,,,185.0,,1998-12-16,http://ufcstats.com/fighter-details/93666034ca7c65be
Asaf Chopurov,,,135.0,,2001-11-17,http://ufcstats.com/fighter-details/a24bc9922ee76e9f
Joel Faglier,,,,,2001-01-18,http://ufcstats.com/fighter-details/6188ad39d85a8bf8
Hu Yong,,,135.0,,1996-02-07,http://ufcstats.com/fighter-details/4c0577304fce19c3
Bruce Whitehead,,,170.0,,1996-12-14,http://ufcstats.com/fighter-details/6c39d016053601ee
Jason Asher,,,145.0,,2000-08-10,http://ufcstats.com/fighter-details/78685c71d5c7f864
Alexander Chavez,,,125.0,Orthodox,2000-10-01,http://ufcstats.com/fighter-details/8c86155e6f380129
Gregory Foster,,,170.0,,1992-06-30,http://ufcstats.com/fighter-details/9c58d5a8c8d9fa73
Mackenzie Stiller,,,115.0,,1999-07-15,http://ufcstats.com/fighter-details/55896e25df067f9d
