date,event,division,fighter_a,pos_a,fighter_b,pos_b,top10_bout,top15_bout,title_fight,nontitle_top10_bout,method
2022-01-15,UFC Fight Night: Kattar vs. Chikadze,Welterweight,Court McGee,43,Ramiz Brahimaj,52,False,False,False,False,U-DEC
2022-01-15,UFC Fight Night: Kattar vs. Chikadze,Lightweight,TJ Brown,999,Charles Rosa,999,False,False,False,False,U-DEC
2022-01-15,UFC Fight Night: Kattar vs. Chikadze,Heavyweight,Jake Collier,33,Chase Sherman,39,False,False,False,False,SUB
2022-01-15,UFC Fight Night: Kattar vs. Chikadze,Featherweight,Brian Kelleher,999,Kevin Croom,60,False,False,False,False,U-DEC
2022-01-15,UFC Fight Night: Kattar vs. Chikadze,Featherweight,Bill Algeo,41,Joanderson Brito,999,False,False,False,False,U-DEC
2022-01-15,UFC Fight Night: Kattar vs. Chikadze,Flyweight,Brandon Royval,19,Rogerio Bontorin,27,False,False,False,False,S-DEC
2022-01-15,UFC Fight Night: Kattar vs. Chikadze,Featherweight,Calvin Kattar,15,Giga Chikadze,3,False,True,False,False,U-DEC
2022-01-15,UFC Fight Night: Kattar vs. Chikadze,Lightweight,Dakota Bush,76,Viacheslav Borshchev,999,False,False,False,False,KO/TKO
2022-01-15,UFC Fight Night: Kattar vs. Chikadze,Middleweight,Jamie Pickett,75,Joseph Holmes,999,False,False,False,False,U-DEC
2022-01-15,UFC Fight Night: Kattar vs. Chikadze,Women's Flyweight,Katlyn Cerminara,8,Jennifer Maia,24,False,False,False,False,U-DEC
2022-01-22,UFC 270: Ngannou vs. Gane,Welterweight,Jack Della Maddalena,999,Pete Rodriguez,999,False,False,False,False,KO/TKO
2022-01-22,UFC 270: Ngannou vs. Gane,Women's Flyweight,Kay Hansen,999,Jasmine Jasudavicius,999,False,False,False,False,U-DEC
2022-01-22,UFC 270: Ngannou vs. Gane,Women's Strawweight,Silvana Gomez Juarez,38,Vanessa Demopoulos,999,False,False,False,False,SUB
2022-01-22,UFC 270: Ngannou vs. Gane,Bantamweight,Raoni Barcelos,16,Victor Henry,999,False,False,False,False,U-DEC
2022-01-22,UFC 270: Ngannou vs. Gane,Welterweight,Michael Morales,999,Trevin Giles,999,False,False,False,False,KO/TKO
2022-01-22,UFC 270: Ngannou vs. Gane,Welterweight,Michel Pereira,27,Andre Fialho,999,False,False,False,False,U-DEC
2022-01-22,UFC 270: Ngannou vs. Gane,Lightweight,Matt Frevola,83,Genaro Valdez,999,False,False,False,False,KO/TKO
2022-01-22,UFC 270: Ngannou vs. Gane,Bantamweight,Cody Stamann,24,Said Nurmagomedov,9,False,False,False,False,SUB
2022-01-22,UFC 270: Ngannou vs. Gane,Bantamweight,Tony Gravely,44,Saimon Oliveira,999,False,False,False,False,U-DEC
2022-01-22,UFC 270: Ngannou vs. Gane,Flyweight,Brandon Moreno,1,Deiveson Figueiredo,5,True,True,True,False,U-DEC
2022-01-22,UFC 270: Ngannou vs. Gane,Heavyweight,Francis Ngannou,1,Ciryl Gane,4,True,True,True,False,U-DEC
2022-02-05,UFC Fight Night: Hermansson vs. Strickland,Middleweight,Tresean Gore,999,Bryan Battle,50,False,False,False,False,U-DEC
2022-02-05,UFC Fight Night: Hermansson vs. Strickland,Light Heavyweight,Sam Alvey,999,Brendan Allen,999,False,False,False,False,SUB
2022-02-05,UFC Fight Night: Hermansson vs. Strickland,Flyweight,Malcolm Gordon,29,Denys Bondar,999,False,False,False,False,KO/TKO
2022-02-05,UFC Fight Night: Hermansson vs. Strickland,Featherweight,Julian Erosa,999,Steven Peterson,56,False,False,False,False,S-DEC
2022-02-05,UFC Fight Night: Hermansson vs. Strickland,Welterweight,Jason Witt,71,Phil Rowe,66,False,False,False,False,KO/TKO
2022-02-05,UFC Fight Night: Hermansson vs. Strickland,Middleweight,Jack Hermansson,5,Sean Strickland,4,True,True,False,True,S-DEC
2022-02-05,UFC Fight Night: Hermansson vs. Strickland,Women's Bantamweight,Alexis Davis,10,Julija Stoliarenko,22,False,False,False,False,U-DEC
2022-02-05,UFC Fight Night: Hermansson vs. Strickland,Welterweight,Shavkat Rakhmonov,28,Carlston Harris,27,False,False,False,False,KO/TKO
2022-02-05,UFC Fight Night: Hermansson vs. Strickland,Featherweight,Hakeem Dawodu,21,Michael Trizano,41,False,False,False,False,U-DEC
2022-02-05,UFC Fight Night: Hermansson vs. Strickland,Middleweight,Punahele Soriano,28,Nick Maximov,49,False,False,False,False,S-DEC
2022-02-05,UFC Fight Night: Hermansson vs. Strickland,Bantamweight,Miles Johns,27,John Castaneda,39,False,False,False,False,SUB
2022-02-05,UFC Fight Night: Hermansson vs. Strickland,Light Heavyweight,Jailton Almeida,999,Danilo Marques,28,False,False,False,False,KO/TKO
2022-02-05,UFC Fight Night: Hermansson vs. Strickland,Middleweight,Chidi Njokuani,999,Marc-Andre Barriault,33,False,False,False,False,KO/TKO
2022-02-12,UFC 271: Adesanya vs. Whittaker 2,Middleweight,Jared Cannonier,10,Derek Brunson,3,True,True,False,True,KO/TKO
2022-02-12,UFC 271: Adesanya vs. Whittaker 2,Bantamweight,Mana Martinez,50,Ronnie Lawrence,34,False,False,False,False,U-DEC
2022-02-12,UFC 271: Adesanya vs. Whittaker 2,Lightweight,Alexander Hernandez,17,Renato Moicano,25,False,False,False,False,SUB
2022-02-12,UFC 271: Adesanya vs. Whittaker 2,Lightweight,King Green,10,Nasrat Haqparast,40,False,False,False,False,U-DEC
2022-02-12,UFC 271: Adesanya vs. Whittaker 2,Light Heavyweight,Carlos Ulberg,33,Fabio Cherant,46,False,False,False,False,U-DEC
2022-02-12,UFC 271: Adesanya vs. Whittaker 2,Welterweight,Jeremiah Wells,41,Blood Diamond,999,False,False,False,False,SUB
2022-02-12,UFC 271: Adesanya vs. Whittaker 2,Heavyweight,William Knight,999,Maxim Grishin,999,False,False,False,False,U-DEC
2022-02-12,UFC 271: Adesanya vs. Whittaker 2,Heavyweight,Andrei Arlovski,23,Jared Vanderaa,35,False,False,False,False,S-DEC
2022-02-12,UFC 271: Adesanya vs. Whittaker 2,Bantamweight,Douglas Silva de Andrade,38,Sergey Morozov,55,False,False,False,False,SUB
2022-02-12,UFC 271: Adesanya vs. Whittaker 2,Bantamweight,Kyler Phillips,24,Marcelo Rojo,999,False,False,False,False,SUB
2022-02-12,UFC 271: Adesanya vs. Whittaker 2,Women's Flyweight,Roxanne Modafferi,42,Casey O'Neill,8,False,False,False,False,S-DEC
2022-02-12,UFC 271: Adesanya vs. Whittaker 2,Heavyweight,Derrick Lewis,7,Tai Tuivasa,8,True,True,False,True,KO/TKO
2022-02-12,UFC 271: Adesanya vs. Whittaker 2,Middleweight,AJ Dobson,999,Jacob Malkoun,54,False,False,False,False,U-DEC
2022-02-12,UFC 271: Adesanya vs. Whittaker 2,Middleweight,Israel Adesanya,1,Robert Whittaker,2,True,True,True,False,U-DEC
2022-02-19,UFC Fight Night: Walker vs. Hill,Middleweight,Joaquin Buckley,42,Abdul Razak Alhassan,41,False,False,False,False,S-DEC
2022-02-19,UFC Fight Night: Walker vs. Hill,Featherweight,Gabriel Benitez,37,David Onama,999,False,False,False,False,KO/TKO
2022-02-19,UFC Fight Night: Walker vs. Hill,Featherweight,Chas Skelly,999,Mark Striegl,999,False,False,False,False,KO/TKO
2022-02-19,UFC Fight Night: Walker vs. Hill,Women's Strawweight,Diana Belbita,22,Gloria de Paula,40,False,False,False,False,U-DEC
2022-02-19,UFC Fight Night: Walker vs. Hill,Featherweight,Jonathan Pearce,39,Christian Rodriguez,999,False,False,False,False,U-DEC
2022-02-19,UFC Fight Night: Walker vs. Hill,Bantamweight,Mario Bautista,51,Jay Perrin,999,False,False,False,False,U-DEC
2022-02-19,UFC Fight Night: Walker vs. Hill,Heavyweight,Parker Porter,28,Alan Baudot,41,False,False,False,False,U-DEC
2022-02-19,UFC Fight Night: Walker vs. Hill,Lightweight,Jim Miller,35,Nikolas Motta,999,False,False,False,False,KO/TKO
2022-02-19,UFC Fight Night: Walker vs. Hill,Women's Bantamweight,Jessica-Rose Clark,13,Stephanie Egger,16,False,True,False,False,SUB
2022-02-19,UFC Fight Night: Walker vs. Hill,Bantamweight,Chad Anheliger,999,Jesse Strader,71,False,False,False,False,KO/TKO
2022-02-19,UFC Fight Night: Walker vs. Hill,Light Heavyweight,Johnny Walker,15,Jamahal Hill,17,False,False,False,False,KO/TKO
2022-02-26,UFC Fight Night: Makhachev vs. Green,Middleweight,Misha Cirkunov,41,Wellington Turman,65,False,False,False,False,SUB
2022-02-26,UFC Fight Night: Makhachev vs. Green,Flyweight,Victor Altamirano,999,Carlos Hernandez,999,False,False,False,False,S-DEC
2022-02-26,UFC Fight Night: Makhachev vs. Green,Lightweight,Rongzhu,52,Ignacio Bahamondes,38,False,False,False,False,SUB
2022-02-26,UFC Fight Night: Makhachev vs. Green,Middleweight,Armen Petrosyan,999,Gregory Rodrigues,18,False,False,False,False,S-DEC
2022-02-26,UFC Fight Night: Makhachev vs. Green,Lightweight,Arman Tsarukyan,7,Joel Alvarez,18,False,False,False,False,KO/TKO
2022-02-26,UFC Fight Night: Makhachev vs. Green,Featherweight,Alejandro Perez,999,Jonathan Martinez,999,False,False,False,False,U-DEC
2022-02-26,UFC Fight Night: Makhachev vs. Green,Women's Flyweight,Ji Yeon Kim,36,Priscila Cachoeira,46,False,False,False,False,U-DEC
2022-02-26,UFC Fight Night: Makhachev vs. Green,Welterweight,Ramiz Brahimaj,70,Micheal Gillmore,999,False,False,False,False,SUB
2022-02-26,UFC Fight Night: Makhachev vs. Green,Lightweight,Terrance McKinney,39,Fares Ziam,61,False,False,False,False,SUB
2022-03-05,UFC 272: Covington vs. Masvidal,Lightweight,Devonte Smith,67,Ludovit Klein,999,False,False,False,False,S-DEC
2022-03-05,UFC 272: Covington vs. Masvidal,Welterweight,Kevin Holland,999,Alex Oliveira,53,False,False,False,False,KO/TKO
2022-03-05,UFC 272: Covington vs. Masvidal,Featherweight,Brian Kelleher,43,Umar Nurmagomedov,999,False,False,False,False,SUB
2022-03-05,UFC 272: Covington vs. Masvidal,Women's Strawweight,Marina Rodriguez,4,Yan Xiaonan,8,True,True,False,True,S-DEC
2022-03-05,UFC 272: Covington vs. Masvidal,Featherweight,Edson Barboza,17,Bryce Mitchell,7,False,False,False,False,U-DEC
2022-03-05,UFC 272: Covington vs. Masvidal,Flyweight,Tim Elliott,12,Tagir Ulanbekov,18,False,False,False,False,U-DEC
2022-03-05,UFC 272: Covington vs. Masvidal,Women's Flyweight,Maryna Moroz,999,Mariya Agapova,11,False,False,False,False,SUB
2022-03-05,UFC 272: Covington vs. Masvidal,Heavyweight,Serghei Spivac,23,Greg Hardy,22,False,False,False,False,KO/TKO
2022-03-05,UFC 272: Covington vs. Masvidal,Welterweight,Colby Covington,2,Jorge Masvidal,3,True,True,False,True,U-DEC
2022-03-05,UFC 272: Covington vs. Masvidal,Light Heavyweight,Dustin Jacoby,18,Michal Oleksiejczuk,25,False,False,False,False,U-DEC
2022-03-05,UFC 272: Covington vs. Masvidal,Light Heavyweight,Nicolae Negumereanu,35,Kennedy Nzechukwu,33,False,False,False,False,S-DEC
2022-03-05,UFC 272: Covington vs. Masvidal,Lightweight,Jalin Turner,17,Jamie Mullarkey,31,False,False,False,False,KO/TKO
2022-03-12,UFC Fight Night: Santos vs. Ankalaev,Middleweight,Alex Pereira,43,Bruno Silva,11,False,False,False,False,U-DEC
2022-03-12,UFC Fight Night: Santos vs. Ankalaev,Light Heavyweight,Khalil Rountree Jr.,31,Karl Roberson,999,False,False,False,False,KO/TKO
2022-03-12,UFC Fight Night: Santos vs. Ankalaev,Women's Flyweight,JJ Aldrich,28,Gillian Robertson,19,False,False,False,False,U-DEC
2022-03-12,UFC Fight Night: Santos vs. Ankalaev,Welterweight,Matthew Semelsberger,26,AJ Fletcher,999,False,False,False,False,U-DEC
2022-03-12,UFC Fight Night: Santos vs. Ankalaev,Lightweight,Drew Dober,19,Terrance McKinney,23,False,False,False,False,KO/TKO
2022-03-12,UFC Fight Night: Santos vs. Ankalaev,Featherweight,Damon Jackson,50,Kamuela Kirk,44,False,False,False,False,SUB
2022-03-12,UFC Fight Night: Santos vs. Ankalaev,Featherweight,Sodiq Yusuff,11,Alex Caceres,19,False,False,False,False,U-DEC
2022-03-12,UFC Fight Night: Santos vs. Ankalaev,Light Heavyweight,Thiago Santos,6,Magomed Ankalaev,2,True,True,False,True,U-DEC
2022-03-12,UFC Fight Night: Santos vs. Ankalaev,Bantamweight,Marlon Moraes,24,Song Yadong,10,False,False,False,False,KO/TKO
2022-03-12,UFC Fight Night: Santos vs. Ankalaev,Middleweight,Dalcha Lungiambula,63,Cody Brundage,55,False,False,False,False,SUB
2022-03-12,UFC Fight Night: Santos vs. Ankalaev,Bantamweight,Kris Moutinho,66,Guido Cannetti,74,False,False,False,False,KO/TKO
2022-03-12,UFC Fight Night: Santos vs. Ankalaev,Women's Flyweight,Sabina Mazo,21,Miranda Maverick,25,False,False,False,False,SUB
2022-03-12,UFC Fight Night: Santos vs. Ankalaev,Bantamweight,Trevin Jones,53,Javid Basharat,999,False,False,False,False,U-DEC
2022-03-12,UFC Fight Night: Santos vs. Ankalaev,Light Heavyweight,Tafon Nchukwi,20,Azamat Murzakanov,999,False,False,False,False,KO/TKO
2022-03-19,UFC Fight Night: Volkov vs. Aspinall,Lightweight,Paddy Pimblett,30,Kazula Vargas,41,False,False,False,False,SUB
2022-03-19,UFC Fight Night: Volkov vs. Aspinall,Heavyweight,Alexander Volkov,6,Tom Aspinall,5,True,True,False,True,SUB
2022-03-19,UFC Fight Night: Volkov vs. Aspinall,Flyweight,Muhammad Mokaev,999,Cody Durden,25,False,False,False,False,SUB
2022-03-19,UFC Fight Night: Volkov vs. Aspinall,Bantamweight,Jack Shore,11,Timur Valiev,31,False,False,False,False,U-DEC
2022-03-19,UFC Fight Night: Volkov vs. Aspinall,Women's Flyweight,Molly McCann,33,Luana Carolina,22,False,False,False,False,KO/TKO
2022-03-19,UFC Fight Night: Volkov vs. Aspinall,Women's Strawweight,Cory McKenna,20,Elise Reed,999,False,False,False,False,S-DEC
2022-03-19,UFC Fight Night: Volkov vs. Aspinall,Featherweight,Mike Grundy,63,Makwan Amirkhani,43,False,False,False,False,SUB
2022-03-19,UFC Fight Night: Volkov vs. Aspinall,Light Heavyweight,Nikita Krylov,8,Paul Craig,16,False,True,False,False,SUB
2022-03-19,UFC Fight Night: Volkov vs. Aspinall,Lightweight,Jai Herbert,52,Ilia Topuria,999,False,False,False,False,KO/TKO
2022-03-19,UFC Fight Night: Volkov vs. Aspinall,Heavyweight,Shamil Abdurakhimov,23,Sergei Pavlovich,999,False,False,False,False,KO/TKO
2022-03-19,UFC Fight Night: Volkov vs. Aspinall,Welterweight,Gunnar Nelson,999,Takashi Sato,58,False,False,False,False,U-DEC
2022-03-19,UFC Fight Night: Volkov vs. Aspinall,Featherweight,Arnold Allen,16,Dan Hooker,999,False,False,False,False,KO/TKO
2022-03-26,UFC Fight Night: Blaydes vs. Daukaus,Women's Flyweight,Joanne Wood,14,Alexa Grasso,10,False,True,False,False,SUB
2022-03-26,UFC Fight Night: Blaydes vs. Daukaus,Women's Flyweight,Jennifer Maia,26,Manon Fiorot,4,False,False,False,False,U-DEC
2022-03-26,UFC Fight Night: Blaydes vs. Daukaus,Welterweight,Neil Magny,7,Max Griffin,18,False,False,False,False,S-DEC
2022-03-26,UFC Fight Night: Blaydes vs. Daukaus,Flyweight,Askar Askarov,3,Kai Kara-France,9,True,True,False,True,U-DEC
2022-03-26,UFC Fight Night: Blaydes vs. Daukaus,Middleweight,Aliaskhab Khizriev,999,Denis Tiuliulin,999,False,False,False,False,SUB
2022-03-26,UFC Fight Night: Blaydes vs. Daukaus,Flyweight,Matheus Nicolau,15,David Dvorak,13,False,True,False,False,U-DEC
2022-03-26,UFC Fight Night: Blaydes vs. Daukaus,Featherweight,Luis Saldana,59,Bruno Souza,65,False,False,False,False,U-DEC
2022-03-26,UFC Fight Night: Blaydes vs. Daukaus,Women's Bantamweight,Sara McMann,9,Karol Rosa,3,True,True,False,True,U-DEC
2022-03-26,UFC Fight Night: Blaydes vs. Daukaus,Heavyweight,Curtis Blaydes,5,Chris Daukaus,11,True,True,False,True,KO/TKO
2022-03-26,UFC Fight Night: Blaydes vs. Daukaus,Bantamweight,Chris Gutierrez,18,Batgerel Danaa,11,False,False,False,False,KO/TKO
2022-03-26,UFC Fight Night: Blaydes vs. Daukaus,Welterweight,Matt Brown,51,Bryan Barberena,57,False,False,False,False,S-DEC
2022-03-26,UFC Fight Night: Blaydes vs. Daukaus,Lightweight,Marc Diakiese,56,Viacheslav Borshchev,49,False,False,False,False,U-DEC
2022-04-09,UFC 273: Volkanovski vs. The Korean Zombie,Lightweight,Vinc Pichel,24,Mark Madsen,30,False,False,False,False,U-DEC
2022-04-09,UFC 273: Volkanovski vs. The Korean Zombie,Heavyweight,Aleksei Oleinik,30,Jared Vanderaa,36,False,False,False,False,SUB
2022-04-09,UFC 273: Volkanovski vs. The Korean Zombie,Welterweight,Ian Machado Garry,70,Darian Weeks,63,False,False,False,False,U-DEC
2022-04-09,UFC 273: Volkanovski vs. The Korean Zombie,Bantamweight,Julio Arce,45,Daniel Santos,999,False,False,False,False,U-DEC
2022-04-09,UFC 273: Volkanovski vs. The Korean Zombie,Welterweight,Gilbert Burns,5,Khamzat Chimaev,3,True,True,False,True,U-DEC
2022-04-09,UFC 273: Volkanovski vs. The Korean Zombie,Welterweight,Mickey Gall,67,Mike Malott,999,False,False,False,False,KO/TKO
2022-04-09,UFC 273: Volkanovski vs. The Korean Zombie,Middleweight,Anthony Hernandez,50,Josh Fremd,999,False,False,False,False,U-DEC
2022-04-09,UFC 273: Volkanovski vs. The Korean Zombie,Women's Bantamweight,Aspen Ladd,999,Raquel Pennington,999,False,False,False,False,U-DEC
2022-04-09,UFC 273: Volkanovski vs. The Korean Zombie,Bantamweight,Aljamain Sterling,1,Petr Yan,3,True,True,True,False,S-DEC
2022-04-09,UFC 273: Volkanovski vs. The Korean Zombie,Women's Strawweight,Piera Rodriguez,999,Kay Hansen,999,False,False,False,False,U-DEC
2022-04-09,UFC 273: Volkanovski vs. The Korean Zombie,Women's Strawweight,Mackenzie Dern,10,Tecia Pennington,6,True,True,False,True,S-DEC
2022-04-09,UFC 273: Volkanovski vs. The Korean Zombie,Featherweight,Alexander Volkanovski,1,Chan Sung Jung,3,True,True,True,False,KO/TKO
2022-04-16,UFC Fight Night: Luque vs. Muhammad,Lightweight,Rafa Garcia,67,Jesse Ronson,999,False,False,False,False,SUB
2022-04-16,UFC Fight Night: Luque vs. Muhammad,Women's Strawweight,Istela Nunes,22,Sam Hughes,40,False,False,False,False,M-DEC
2022-04-16,UFC Fight Night: Luque vs. Muhammad,Heavyweight,Chris Barnett,38,Martin Buday,999,False,False,False,False,U-DEC
2022-04-16,UFC Fight Night: Luque vs. Muhammad,Women's Bantamweight,Mayra Bueno Silva,999,Wu Yanan,19,False,False,False,False,U-DEC
2022-04-16,UFC Fight Night: Luque vs. Muhammad,Featherweight,Pat Sabatini,25,TJ Laramie,999,False,False,False,False,U-DEC
2022-04-16,UFC Fight Night: Luque vs. Muhammad,Welterweight,Mounir Lazzez,68,Ange Loosa,999,False,False,False,False,U-DEC
2022-04-16,UFC Fight Night: Luque vs. Muhammad,Welterweight,Vicente Luque,10,Belal Muhammad,6,True,True,False,True,U-DEC
2022-04-16,UFC Fight Night: Luque vs. Muhammad,Lightweight,Drakkar Klose,999,Brandon Jenkins,78,False,False,False,False,KO/TKO
2022-04-16,UFC Fight Night: Luque vs. Muhammad,Welterweight,Miguel Baeza,31,Andre Fialho,73,False,False,False,False,KO/TKO
2022-04-16,UFC Fight Night: Luque vs. Muhammad,Middleweight,Caio Borralho,999,Gadzhi Omargadzhiev,999,False,False,False,False,U-DEC
2022-04-16,UFC Fight Night: Luque vs. Muhammad,Heavyweight,Devin Clark,999,William Knight,33,False,False,False,False,KO/TKO
2022-04-16,UFC Fight Night: Luque vs. Muhammad,Women's Bantamweight,Lina Lansberg,999,Pannie Kianzad,5,False,False,False,False,U-DEC
2022-04-16,UFC Fight Night: Luque vs. Muhammad,Lightweight,Jordan Leavitt,51,Trey Ogden,999,False,False,False,False,S-DEC
2022-04-16,UFC Fight Night: Luque vs. Muhammad,Bantamweight,Alatengheili,72,Kevin Croom,999,False,False,False,False,KO/TKO
2022-04-23,UFC Fight Night: Lemos vs. Andrade,Featherweight,Lando Vannata,28,Charles Jourdain,26,False,False,False,False,SUB
2022-04-23,UFC Fight Night: Lemos vs. Andrade,Women's Strawweight,Amanda Lemos,3,Jessica Andrade,999,False,False,False,False,SUB
2022-04-23,UFC Fight Night: Lemos vs. Andrade,Lightweight,Clay Guida,45,Claudio Puelles,40,False,False,False,False,SUB
2022-04-23,UFC Fight Night: Lemos vs. Andrade,Light Heavyweight,Marcin Prachnio,30,Philipe Lins,999,False,False,False,False,U-DEC
2022-04-23,UFC Fight Night: Lemos vs. Andrade,Welterweight,Dean Barry,999,Mike Jackson,999,False,False,False,False,DQ
2022-04-23,UFC Fight Night: Lemos vs. Andrade,Bantamweight,Aoriqileng,999,Cameron Else,999,False,False,False,False,KO/TKO
2022-04-23,UFC Fight Night: Lemos vs. Andrade,Welterweight,Dwight Grant,49,Sergey Khandozhko,999,False,False,False,False,KO/TKO
2022-04-23,UFC Fight Night: Lemos vs. Andrade,Women's Flyweight,Maycee Barber,9,Montana De La Rosa,19,False,False,False,False,U-DEC
2022-04-23,UFC Fight Night: Lemos vs. Andrade,Welterweight,Preston Parsons,76,Evan Elder,999,False,False,False,False,U-DEC
2022-04-23,UFC Fight Night: Lemos vs. Andrade,Light Heavyweight,Tyson Pedro,999,Ike Villanueva,46,False,False,False,False,KO/TKO
2022-04-30,UFC Fight Night: Font vs. Vera,Bantamweight,Rob Font,5,Marlon Vera,16,False,True,False,False,U-DEC
2022-04-30,UFC Fight Night: Font vs. Vera,Welterweight,Gabe Green,64,Yohan Lainesse,999,False,False,False,False,KO/TKO
2022-04-30,UFC Fight Night: Font vs. Vera,Featherweight,Andre Fili,999,Joanderson Brito,61,False,False,False,False,KO/TKO
2022-04-30,UFC Fight Night: Font vs. Vera,Middleweight,Krzysztof Jotko,28,Gerald Meerschaert,42,False,False,False,False,U-DEC
2022-04-30,UFC Fight Night: Font vs. Vera,Featherweight,Darren Elkins,40,Tristan Connelly,47,False,False,False,False,U-DEC
2022-04-30,UFC Fight Night: Font vs. Vera,Lightweight,Jared Gordon,28,Grant Dawson,12,False,False,False,False,SUB
2022-04-30,UFC Fight Night: Font vs. Vera,Flyweight,Daniel Lacerda,34,Francisco Figueiredo,33,False,False,False,False,SUB
2022-04-30,UFC Fight Night: Font vs. Vera,Women's Flyweight,Gina Mazany,39,Shanna Young,999,False,False,False,False,KO/TKO
2022-04-30,UFC Fight Night: Font vs. Vera,Lightweight,Natan Levy,64,Mike Breeden,74,False,False,False,False,U-DEC
2022-04-30,UFC Fight Night: Font vs. Vera,Heavyweight,Alexandr Romanov,10,Chase Sherman,43,False,False,False,False,SUB
2022-04-30,UFC Fight Night: Font vs. Vera,Heavyweight,Andrei Arlovski,28,Jake Collier,27,False,False,False,False,S-DEC
2022-05-07,UFC 274: Oliveira vs. Gaethje,Welterweight,Andre Fialho,51,Cameron VanCamp,999,False,False,False,False,KO/TKO
2022-05-07,UFC 274: Oliveira vs. Gaethje,Bantamweight,Journey Newson,999,Fernie Garcia,999,False,False,False,False,U-DEC
2022-05-07,UFC 274: Oliveira vs. Gaethje,Women's Flyweight,Tracy Cortez,10,Melissa Gatto,14,False,True,False,False,U-DEC
2022-05-07,UFC 274: Oliveira vs. Gaethje,Welterweight,Francisco Trinaldo,33,Danny Roberts,71,False,False,False,False,U-DEC
2022-05-07,UFC 274: Oliveira vs. Gaethje,Lightweight,Charles Oliveira,1,Justin Gaethje,5,True,True,False,True,SUB
2022-05-07,UFC 274: Oliveira vs. Gaethje,Flyweight,Brandon Royval,21,Matt Schnell,17,False,False,False,False,SUB
2022-05-07,UFC 274: Oliveira vs. Gaethje,Flyweight,Kleydson Rodrigues,999,CJ Vergara,25,False,False,False,False,S-DEC
2022-05-07,UFC 274: Oliveira vs. Gaethje,Welterweight,Randy Brown,19,Khaos Williams,11,False,False,False,False,S-DEC
2022-05-07,UFC 274: Oliveira vs. Gaethje,Women's Strawweight,Ariane Carnelossi,23,Loopy Godinez,12,False,False,False,False,U-DEC
2022-05-07,UFC 274: Oliveira vs. Gaethje,Women's Strawweight,Rose Namajunas,1,Carla Esparza,7,True,True,True,False,S-DEC
2022-05-07,UFC 274: Oliveira vs. Gaethje,Lightweight,Michael Chandler,13,Tony Ferguson,6,False,True,False,False,KO/TKO
2022-05-07,UFC 274: Oliveira vs. Gaethje,Light Heavyweight,Mauricio Rua,29,Ovince Saint Preux,999,False,False,False,False,S-DEC
2022-05-07,UFC 274: Oliveira vs. Gaethje,Heavyweight,Blagoy Ivanov,999,Marcos Rogerio de Lima,11,False,False,False,False,U-DEC
2022-05-14,UFC Fight Night: Blachowicz vs. Rakic,Flyweight,Tatsuro Taira,999,Carlos Candelario,999,False,False,False,False,U-DEC
2022-05-14,UFC Fight Night: Blachowicz vs. Rakic,Light Heavyweight,Ryan Spann,21,Ion Cutelaba,14,False,False,False,False,SUB
2022-05-14,UFC Fight Night: Blachowicz vs. Rakic,Bantamweight,Davey Grant,45,Louis Smolka,62,False,False,False,False,KO/TKO
2022-05-14,UFC Fight Night: Blachowicz vs. Rakic,Light Heavyweight,Jan Blachowicz,1,Aleksandar Rakic,4,True,True,False,True,KO/TKO
2022-05-14,UFC Fight Night: Blachowicz vs. Rakic,Women's Flyweight,Viviane Araujo,19,Andrea Lee,5,False,False,False,False,U-DEC
2022-05-14,UFC Fight Night: Blachowicz vs. Rakic,Lightweight,Michael Johnson,37,Alan Patrick,999,False,False,False,False,KO/TKO
2022-05-14,UFC Fight Night: Blachowicz vs. Rakic,Middleweight,Nick Maximov,37,Andre Petroski,24,False,False,False,False,SUB
2022-05-14,UFC Fight Night: Blachowicz vs. Rakic,Flyweight,Jake Hadley,999,Allan Nascimento,30,False,False,False,False,U-DEC
2022-05-14,UFC Fight Night: Blachowicz vs. Rakic,Lightweight,Frank Camacho,999,Manuel Torres,999,False,False,False,False,KO/TKO
2022-05-14,UFC Fight Night: Blachowicz vs. Rakic,Women's Strawweight,Virna Jandiroba,13,Angela Hill,16,False,True,False,False,U-DEC
2022-05-14,UFC Fight Night: Blachowicz vs. Rakic,Women's Flyweight,Katlyn Cerminara,7,Amanda Ribas,999,False,False,False,False,S-DEC
2022-05-21,UFC Fight Night: Holm vs. Vieira,Heavyweight,Jailton Almeida,999,Parker Porter,32,False,False,False,False,SUB
2022-05-21,UFC Fight Night: Holm vs. Vieira,Bantamweight,Jonathan Martinez,999,Vince Morales,43,False,False,False,False,U-DEC
2022-05-21,UFC Fight Night: Holm vs. Vieira,Middleweight,Eryk Anders,50,JunYong Park,44,False,False,False,False,S-DEC
2022-05-21,UFC Fight Night: Holm vs. Vieira,Featherweight,Chase Hooper,68,Felipe Colares,999,False,False,False,False,KO/TKO
2022-05-21,UFC Fight Night: Holm vs. Vieira,Lightweight,Omar Morales,999,Uros Medic,60,False,False,False,False,KO/TKO
2022-05-21,UFC Fight Night: Holm vs. Vieira,Welterweight,Santiago Ponzinibbio,24,Michel Pereira,25,False,False,False,False,S-DEC
2022-05-21,UFC Fight Night: Holm vs. Vieira,Women's Strawweight,Polyana Viana,13,Tabatha Ricci,23,False,False,False,False,U-DEC
2022-05-21,UFC Fight Night: Holm vs. Vieira,Women's Bantamweight,Holly Holm,999,Ketlen Vieira,13,False,False,False,False,S-DEC
2022-05-21,UFC Fight Night: Holm vs. Vieira,Women's Strawweight,Elise Reed,25,Sam Hughes,35,False,False,False,False,KO/TKO
2022-05-21,UFC Fight Night: Holm vs. Vieira,Middleweight,Joseph Holmes,59,Alen Amedovski,999,False,False,False,False,SUB
2022-05-21,UFC Fight Night: Holm vs. Vieira,Middleweight,Chidi Njokuani,21,Dusko Todorovic,45,False,False,False,False,KO/TKO
2022-06-04,UFC Fight Night: Volkov vs. Rozenstruik,Featherweight,Damon Jackson,39,Dan Argueta,999,False,False,False,False,U-DEC
2022-06-04,UFC Fight Night: Volkov vs. Rozenstruik,Featherweight,Michael Trizano,59,Lucas Almeida,999,False,False,False,False,KO/TKO
2022-06-04,UFC Fight Night: Volkov vs. Rozenstruik,Women's Flyweight,Karine Silva,999,Poliana Botelho,36,False,False,False,False,SUB
2022-06-04,UFC Fight Night: Volkov vs. Rozenstruik,Bantamweight,Johnny Munoz,42,Tony Gravely,34,False,False,False,False,KO/TKO
2022-06-04,UFC Fight Night: Volkov vs. Rozenstruik,Women's Strawweight,Felice Herrig,999,Karolina Kowalkiewicz,31,False,False,False,False,SUB
2022-06-04,UFC Fight Night: Volkov vs. Rozenstruik,Women's Flyweight,Erin Blanchfield,7,JJ Aldrich,22,False,False,False,False,SUB
2022-06-04,UFC Fight Night: Volkov vs. Rozenstruik,Heavyweight,Alexander Volkov,9,Jairzinho Rozenstruik,10,True,True,False,True,KO/TKO
2022-06-04,UFC Fight Night: Volkov vs. Rozenstruik,Flyweight,Jeff Molina,4,Zhalgas Zhumagulov,40,False,False,False,False,S-DEC
2022-06-04,UFC Fight Night: Volkov vs. Rozenstruik,Light Heavyweight,Alonzo Menifield,23,Askar Mozharov,999,False,False,False,False,KO/TKO
2022-06-04,UFC Fight Night: Volkov vs. Rozenstruik,Welterweight,Rinat Fakhretdinov,999,Andreas Michailidis,999,False,False,False,False,U-DEC
2022-06-04,UFC Fight Night: Volkov vs. Rozenstruik,Flyweight,Ode Osbourne,25,Zarrukh Adashev,32,False,False,False,False,KO/TKO
2022-06-04,UFC Fight Night: Volkov vs. Rozenstruik,Featherweight,Dan Ige,7,Movsar Evloev,3,True,True,False,True,U-DEC
2022-06-04,UFC Fight Night: Volkov vs. Rozenstruik,Lightweight,Joe Solecki,26,Alex Da Silva,999,False,False,False,False,M-DEC
2022-06-04,UFC Fight Night: Volkov vs. Rozenstruik,Lightweight,Niklas Stolze,999,Benoit Saint Denis,999,False,False,False,False,SUB
2022-06-11,UFC 275: Teixeira vs. Prochazka,Bantamweight,Kyung Ho Kang,42,Batgerel Danaa,24,False,False,False,False,U-DEC
2022-06-11,UFC 275: Teixeira vs. Prochazka,Women's Flyweight,Valentina Shevchenko,1,Taila Santos,2,True,True,True,False,S-DEC
2022-06-11,UFC 275: Teixeira vs. Prochazka,Women's Strawweight,Zhang Weili,2,Joanna Jedrzejczyk,999,False,False,False,False,KO/TKO
2022-06-11,UFC 275: Teixeira vs. Prochazka,Lightweight,Maheshate,999,Steve Garcia,41,False,False,False,False,KO/TKO
2022-06-11,UFC 275: Teixeira vs. Prochazka,Middleweight,Brendan Allen,999,Jacob Malkoun,37,False,False,False,False,U-DEC
2022-06-11,UFC 275: Teixeira vs. Prochazka,Featherweight,SeungWoo Choi,31,Josh Culibao,45,False,False,False,False,S-DEC
2022-06-11,UFC 275: Teixeira vs. Prochazka,Welterweight,Andre Fialho,44,Jake Matthews,29,False,False,False,False,KO/TKO
2022-06-11,UFC 275: Teixeira vs. Prochazka,Welterweight,Jack Della Maddalena,40,Ramazan Emeev,39,False,False,False,False,KO/TKO
2022-06-11,UFC 275: Teixeira vs. Prochazka,Women's Strawweight,Liang Na,24,Silvana Gomez Juarez,36,False,False,False,False,KO/TKO
2022-06-11,UFC 275: Teixeira vs. Prochazka,Light Heavyweight,Glover Teixeira,3,Jiri Prochazka,14,False,True,True,False,SUB
2022-06-18,UFC Fight Night: Kattar vs. Emmett,Middleweight,Joaquin Buckley,40,Albert Duraev,42,False,False,False,False,KO/TKO
2022-06-18,UFC Fight Night: Kattar vs. Emmett,Featherweight,Ricardo Ramos,51,Danny Chavez,66,False,False,False,False,KO/TKO
2022-06-18,UFC Fight Night: Kattar vs. Emmett,Welterweight,Tim Means,24,Kevin Holland,12,False,False,False,False,SUB
2022-06-18,UFC Fight Night: Kattar vs. Emmett,Bantamweight,Adrian Yanez,22,Tony Kelley,29,False,False,False,False,KO/TKO
2022-06-18,UFC Fight Night: Kattar vs. Emmett,Women's Flyweight,Jasmine Jasudavicius,22,Natalia Silva,999,False,False,False,False,U-DEC
2022-06-18,UFC Fight Night: Kattar vs. Emmett,Lightweight,Damir Ismagulov,23,Guram Kutateladze,999,False,False,False,False,S-DEC
2022-06-18,UFC Fight Night: Kattar vs. Emmett,Middleweight,Julian Marquez,31,Gregory Rodrigues,45,False,False,False,False,KO/TKO
2022-06-18,UFC Fight Night: Kattar vs. Emmett,Women's Strawweight,Maria Oliveira,30,Gloria de Paula,38,False,False,False,False,S-DEC
2022-06-18,UFC Fight Night: Kattar vs. Emmett,Featherweight,Calvin Kattar,10,Josh Emmett,9,True,True,False,True,S-DEC
2022-06-18,UFC Fight Night: Kattar vs. Emmett,Middleweight,Phil Hawes,23,Deron Winn,999,False,False,False,False,KO/TKO
2022-06-18,UFC Fight Night: Kattar vs. Emmett,Bantamweight,Eddie Wineland,64,Cody Stamann,38,False,False,False,False,KO/TKO
2022-06-18,UFC Fight Night: Kattar vs. Emmett,Welterweight,Court McGee,36,Jeremiah Wells,29,False,False,False,False,KO/TKO
2022-06-18,UFC Fight Night: Kattar vs. Emmett,Middleweight,Roman Dolidze,21,Kyle Daukaus,999,False,False,False,False,KO/TKO
2022-06-25,UFC Fight Night: Tsarukyan vs. Gamrot,Lightweight,Thiago Moises,59,Christos Giagos,55,False,False,False,False,SUB
2022-06-25,UFC Fight Night: Tsarukyan vs. Gamrot,Lightweight,Arman Tsarukyan,4,Mateusz Gamrot,10,True,True,False,True,U-DEC
2022-06-25,UFC Fight Night: Tsarukyan vs. Gamrot,Featherweight,Shayilan Nuerdanbieke,64,TJ Brown,999,False,False,False,False,U-DEC
2022-06-25,UFC Fight Night: Tsarukyan vs. Gamrot,Bantamweight,Brian Kelleher,999,Mario Bautista,38,False,False,False,False,SUB
2022-06-25,UFC Fight Night: Tsarukyan vs. Gamrot,Bantamweight,Nate Maness,48,Umar Nurmagomedov,999,False,False,False,False,U-DEC
2022-06-25,UFC Fight Night: Tsarukyan vs. Gamrot,Light Heavyweight,Carlos Ulberg,24,Tafon Nchukwi,22,False,False,False,False,KO/TKO
2022-06-25,UFC Fight Night: Tsarukyan vs. Gamrot,Women's Strawweight,Vanessa Demopoulos,33,Jinh Yu Frey,28,False,False,False,False,S-DEC
2022-06-25,UFC Fight Night: Tsarukyan vs. Gamrot,Welterweight,Neil Magny,9,Shavkat Rakhmonov,18,False,False,False,False,SUB
2022-06-25,UFC Fight Night: Tsarukyan vs. Gamrot,Middleweight,Chris Curtis,18,Rodolfo Vieira,55,False,False,False,False,U-DEC
2022-06-25,UFC Fight Night: Tsarukyan vs. Gamrot,Flyweight,JP Buys,999,Cody Durden,38,False,False,False,False,KO/TKO
2022-06-25,UFC Fight Night: Tsarukyan vs. Gamrot,Bantamweight,Raulian Paiva,56,Sergey Morozov,60,False,False,False,False,U-DEC
2022-06-25,UFC Fight Night: Tsarukyan vs. Gamrot,Heavyweight,Josh Parisian,46,Alan Baudot,39,False,False,False,False,KO/TKO
2022-07-02,UFC 276: Adesanya vs. Cannonier,Middleweight,Sean Strickland,4,Alex Pereira,19,False,False,False,False,KO/TKO
2022-07-02,UFC 276: Adesanya vs. Cannonier,Women's Bantamweight,Jessica-Rose Clark,16,Julija Stoliarenko,22,False,False,False,False,SUB
2022-07-02,UFC 276: Adesanya vs. Cannonier,Welterweight,Robbie Lawler,999,Bryan Barberena,50,False,False,False,False,KO/TKO
2022-07-02,UFC 276: Adesanya vs. Cannonier,Women's Flyweight,Jessica Eye,28,Maycee Barber,8,False,False,False,False,U-DEC
2022-07-02,UFC 276: Adesanya vs. Cannonier,Bantamweight,Pedro Munhoz,24,Sean O'Malley,7,False,False,False,False,NC
2022-07-02,UFC 276: Adesanya vs. Cannonier,Featherweight,Alexander Volkanovski,1,Max Holloway,2,True,True,True,False,U-DEC
2022-07-02,UFC 276: Adesanya vs. Cannonier,Welterweight,Jim Miller,999,Donald Cerrone,59,False,False,False,False,SUB
2022-07-02,UFC 276: Adesanya vs. Cannonier,Welterweight,Ian Machado Garry,54,Gabe Green,64,False,False,False,False,U-DEC
2022-07-02,UFC 276: Adesanya vs. Cannonier,Middleweight,Brad Tavares,21,Dricus Du Plessis,12,False,False,False,False,U-DEC
2022-07-02,UFC 276: Adesanya vs. Cannonier,Lightweight,Brad Riddell,21,Jalin Turner,10,False,False,False,False,SUB
2022-07-02,UFC 276: Adesanya vs. Cannonier,Middleweight,Uriah Hall,27,Andre Muniz,14,False,False,False,False,U-DEC
2022-07-02,UFC 276: Adesanya vs. Cannonier,Middleweight,Israel Adesanya,1,Jared Cannonier,6,True,True,True,False,U-DEC
2022-07-09,UFC Fight Night: Dos Anjos vs. Fiziev,Middleweight,Cody Brundage,57,Tresean Gore,68,False,False,False,False,KO/TKO
2022-07-09,UFC Fight Night: Dos Anjos vs. Fiziev,Light Heavyweight,Kennedy Nzechukwu,32,Karl Roberson,38,False,False,False,False,KO/TKO
2022-07-09,UFC Fight Night: Dos Anjos vs. Fiziev,Middleweight,Caio Borralho,40,Armen Petrosyan,31,False,False,False,False,U-DEC
2022-07-09,UFC Fight Night: Dos Anjos vs. Fiziev,Women's Flyweight,Antonina Shevchenko,33,Cortney Casey,26,False,False,False,False,S-DEC
2022-07-09,UFC Fight Night: Dos Anjos vs. Fiziev,Lightweight,Michael Johnson,33,Jamie Mullarkey,36,False,False,False,False,S-DEC
2022-07-09,UFC Fight Night: Dos Anjos vs. Fiziev,Featherweight,David Onama,55,Garrett Armfield,999,False,False,False,False,SUB
2022-07-09,UFC Fight Night: Dos Anjos vs. Fiziev,Bantamweight,Douglas Silva de Andrade,38,Said Nurmagomedov,5,False,False,False,False,U-DEC
2022-07-09,UFC Fight Night: Dos Anjos vs. Fiziev,Lightweight,Rafael Dos Anjos,999,Rafael Fiziev,16,False,False,False,False,KO/TKO
2022-07-09,UFC Fight Night: Dos Anjos vs. Fiziev,Bantamweight,Aiemann Zahabi,53,Ricky Turcios,45,False,False,False,False,U-DEC
2022-07-09,UFC Fight Night: Dos Anjos vs. Fiziev,Heavyweight,Jared Vanderaa,35,Chase Sherman,45,False,False,False,False,KO/TKO
2022-07-09,UFC Fight Night: Dos Anjos vs. Fiziev,Bantamweight,Ronnie Lawrence,28,Saidyokub Kakhramonov,41,False,False,False,False,U-DEC
2022-07-16,UFC Fight Night: Ortega vs. Rodriguez,Women's Flyweight,Lauren Murphy,22,Miesha Tate,999,False,False,False,False,U-DEC
2022-07-16,UFC Fight Night: Ortega vs. Rodriguez,Featherweight,Bill Algeo,32,Herbert Burns,999,False,False,False,False,KO/TKO
2022-07-16,UFC Fight Night: Ortega vs. Rodriguez,Bantamweight,Ricky Simon,16,Jack Shore,15,False,True,False,False,SUB
2022-07-16,UFC Fight Night: Ortega vs. Rodriguez,Featherweight,Brian Ortega,12,Yair Rodriguez,17,False,False,False,False,KO/TKO
2022-07-16,UFC Fight Night: Ortega vs. Rodriguez,Flyweight,Matt Schnell,18,Sumudaerji,999,False,False,False,False,SUB
2022-07-16,UFC Fight Night: Ortega vs. Rodriguez,Middleweight,Dwight Grant,999,Dustin Stoltzfus,53,False,False,False,False,U-DEC
2022-07-16,UFC Fight Night: Ortega vs. Rodriguez,Light Heavyweight,Dustin Jacoby,18,Da Woon Jung,12,False,False,False,False,KO/TKO
2022-07-16,UFC Fight Night: Ortega vs. Rodriguez,Women's Strawweight,Jessica Penne,22,Emily Ducote,999,False,False,False,False,U-DEC
2022-07-16,UFC Fight Night: Ortega vs. Rodriguez,Featherweight,Shane Burgos,15,Charles Jourdain,26,False,False,False,False,M-DEC
2022-07-16,UFC Fight Night: Ortega vs. Rodriguez,Welterweight,Li Jingliang,35,Muslim Salikhov,23,False,False,False,False,KO/TKO
2022-07-16,UFC Fight Night: Ortega vs. Rodriguez,Women's Strawweight,Michelle Waterson-Gomez,999,Amanda Lemos,4,False,False,False,False,SUB
2022-07-16,UFC Fight Night: Ortega vs. Rodriguez,Middleweight,Punahele Soriano,40,Dalcha Lungiambula,58,False,False,False,False,KO/TKO
2022-07-23,UFC Fight Night: Blaydes vs. Aspinall,Welterweight,Claudio Silva,42,Nicolas Dalby,48,False,False,False,False,U-DEC
2022-07-23,UFC Fight Night: Blaydes vs. Aspinall,Light Heavyweight,Nikita Krylov,10,Alexander Gustafsson,999,False,False,False,False,KO/TKO
2022-07-23,UFC Fight Night: Blaydes vs. Aspinall,Flyweight,Muhammad Mokaev,9,Charles Johnson,999,False,False,False,False,U-DEC
2022-07-23,UFC Fight Night: Blaydes vs. Aspinall,Featherweight,Makwan Amirkhani,45,Jonathan Pearce,37,False,False,False,False,KO/TKO
2022-07-23,UFC Fight Night: Blaydes vs. Aspinall,Light Heavyweight,Paul Craig,14,Volkan Oezdemir,9,False,True,False,False,U-DEC
2022-07-23,UFC Fight Night: Blaydes vs. Aspinall,Lightweight,Paddy Pimblett,34,Jordan Leavitt,42,False,False,False,False,SUB
2022-07-23,UFC Fight Night: Blaydes vs. Aspinall,Middleweight,Jack Hermansson,6,Chris Curtis,19,False,False,False,False,U-DEC
2022-07-23,UFC Fight Night: Blaydes vs. Aspinall,Lightweight,Jai Herbert,46,Kyle Nelson,999,False,False,False,False,U-DEC
2022-07-23,UFC Fight Night: Blaydes vs. Aspinall,Women's Flyweight,Molly McCann,21,Hannah Goldy,40,False,False,False,False,KO/TKO
2022-07-23,UFC Fight Night: Blaydes vs. Aspinall,Lightweight,Mason Jones,47,Ludovit Klein,62,False,False,False,False,U-DEC
2022-07-23,UFC Fight Night: Blaydes vs. Aspinall,Heavyweight,Curtis Blaydes,5,Tom Aspinall,4,True,True,False,True,KO/TKO
2022-07-23,UFC Fight Night: Blaydes vs. Aspinall,Lightweight,Marc Diakiese,44,Damir Hadzovic,52,False,False,False,False,U-DEC
2022-07-23,UFC Fight Night: Blaydes vs. Aspinall,Women's Flyweight,Mandy Bohm,46,Victoria Leonardo,47,False,False,False,False,U-DEC
2022-07-23,UFC Fight Night: Blaydes vs. Aspinall,Featherweight,Nathaniel Wood,999,Charles Rosa,999,False,False,False,False,U-DEC
2022-07-30,UFC 277: Pena vs. Nunes 2,Women's Bantamweight,Joselyne Edwards,999,Ji Yeon Kim,999,False,False,False,False,S-DEC
2022-07-30,UFC 277: Pena vs. Nunes 2,Light Heavyweight,Magomed Ankalaev,2,Anthony Smith,9,True,True,False,True,KO/TKO
2022-07-30,UFC 277: Pena vs. Nunes 2,Lightweight,Drakkar Klose,25,Rafa Garcia,52,False,False,False,False,U-DEC
2022-07-30,UFC 277: Pena vs. Nunes 2,Light Heavyweight,Nicolae Negumereanu,35,Ihor Potieria,999,False,False,False,False,KO/TKO
2022-07-30,UFC 277: Pena vs. Nunes 2,Heavyweight,Derrick Lewis,7,Sergei Pavlovich,13,False,True,False,False,KO/TKO
2022-07-30,UFC 277: Pena vs. Nunes 2,Welterweight,Alex Morono,35,Matthew Semelsberger,34,False,False,False,False,U-DEC
2022-07-30,UFC 277: Pena vs. Nunes 2,Flyweight,Brandon Moreno,1,Kai Kara-France,4,True,True,True,False,KO/TKO
2022-07-30,UFC 277: Pena vs. Nunes 2,Heavyweight,Don'Tale Mayes,35,Hamdy Abdelwahab,999,False,False,False,False,NC
2022-07-30,UFC 277: Pena vs. Nunes 2,Welterweight,Orion Cosce,87,Blood Diamond,84,False,False,False,False,U-DEC
2022-07-30,UFC 277: Pena vs. Nunes 2,Women's Bantamweight,Julianna Pena,2,Amanda Nunes,1,True,True,True,False,U-DEC
2022-07-30,UFC 277: Pena vs. Nunes 2,Lightweight,Drew Dober,19,Rafael Alves,38,False,False,False,False,KO/TKO
2022-07-30,UFC 277: Pena vs. Nunes 2,Flyweight,Alexandre Pantoja,3,Alex Perez,999,False,False,False,False,SUB
2022-07-30,UFC 277: Pena vs. Nunes 2,Welterweight,Michael Morales,39,Adam Fugitt,999,False,False,False,False,KO/TKO
2022-08-06,UFC Fight Night: Santos vs. Hill,Heavyweight,Augusto Sakai,23,Serghei Spivac,17,False,False,False,False,KO/TKO
2022-08-06,UFC Fight Night: Santos vs. Hill,Women's Flyweight,Brogan Walker,999,Juliana Miller,999,False,False,False,False,KO/TKO
2022-08-06,UFC Fight Night: Santos vs. Hill,Heavyweight,Mohammed Usman,999,Zac Pauga,999,False,False,False,False,KO/TKO
2022-08-06,UFC Fight Night: Santos vs. Hill,Welterweight,Bryan Battle,999,Takashi Sato,80,False,False,False,False,KO/TKO
2022-08-06,UFC Fight Night: Santos vs. Hill,Women's Bantamweight,Mayra Bueno Silva,17,Stephanie Egger,11,False,False,False,False,SUB
2022-08-06,UFC Fight Night: Santos vs. Hill,Welterweight,Vicente Luque,11,Geoff Neal,18,False,False,False,False,KO/TKO
2022-08-06,UFC Fight Night: Santos vs. Hill,Light Heavyweight,Thiago Santos,8,Jamahal Hill,16,False,True,False,False,KO/TKO
2022-08-06,UFC Fight Night: Santos vs. Hill,Women's Strawweight,Cory McKenna,27,Miranda Granger,999,False,False,False,False,SUB
2022-08-06,UFC Fight Night: Santos vs. Hill,Lightweight,Terrance McKinney,20,Erick Gonzalez,79,False,False,False,False,SUB
2022-08-06,UFC Fight Night: Santos vs. Hill,Middleweight,Sam Alvey,999,Michal Oleksiejczuk,999,False,False,False,False,KO/TKO
2022-08-13,UFC Fight Night: Vera vs. Cruz,Flyweight,Ode Osbourne,11,Tyson Nam,999,False,False,False,False,KO/TKO
2022-08-13,UFC Fight Night: Vera vs. Cruz,Bantamweight,Marlon Vera,15,Dominick Cruz,17,False,False,False,False,KO/TKO
2022-08-13,UFC Fight Night: Vera vs. Cruz,Middleweight,Bruno Silva,23,Gerald Meerschaert,47,False,False,False,False,SUB
2022-08-13,UFC Fight Night: Vera vs. Cruz,Women's Strawweight,Yazmin Jauregui,999,Iasmin Lucindo,999,False,False,False,False,U-DEC
2022-08-13,UFC Fight Night: Vera vs. Cruz,Women's Flyweight,Cynthia Calvillo,21,Nina Nunes,999,False,False,False,False,S-DEC
2022-08-13,UFC Fight Night: Vera vs. Cruz,Women's Bantamweight,Priscila Cachoeira,999,Ariane da Silva,999,False,False,False,False,KO/TKO
2022-08-13,UFC Fight Night: Vera vs. Cruz,Heavyweight,Martin Buday,23,Lukasz Brzeski,999,False,False,False,False,S-DEC
2022-08-13,UFC Fight Night: Vera vs. Cruz,Light Heavyweight,Devin Clark,999,Azamat Murzakanov,27,False,False,False,False,KO/TKO
2022-08-13,UFC Fight Night: Vera vs. Cruz,Bantamweight,Youssef Zalal,999,Da'Mon Blackshear,999,False,False,False,False,M-DEC
2022-08-13,UFC Fight Night: Vera vs. Cruz,Featherweight,Nate Landwehr,63,David Onama,43,False,False,False,False,M-DEC
2022-08-13,UFC Fight Night: Vera vs. Cruz,Lightweight,Gabriel Benitez,999,Charlie Ontiveros,85,False,False,False,False,KO/TKO
2022-08-20,UFC 278: Usman vs. Edwards,Flyweight,Daniel Lacerda,38,Victor Altamirano,30,False,False,False,False,KO/TKO
2022-08-20,UFC 278: Usman vs. Edwards,Lightweight,Leonardo Santos,32,Jared Gordon,25,False,False,False,False,U-DEC
2022-08-20,UFC 278: Usman vs. Edwards,Bantamweight,Jose Aldo,9,Merab Dvalishvili,4,True,True,False,True,U-DEC
2022-08-20,UFC 278: Usman vs. Edwards,Featherweight,Sean Woodson,33,Luis Saldana,45,False,False,False,False,S-DEC
2022-08-20,UFC 278: Usman vs. Edwards,Women's Bantamweight,Wu Yanan,26,Lucie Pudilova,999,False,False,False,False,KO/TKO
2022-08-20,UFC 278: Usman vs. Edwards,Middleweight,Paulo Costa,999,Luke Rockhold,999,False,False,False,False,U-DEC
2022-08-20,UFC 278: Usman vs. Edwards,Welterweight,AJ Fletcher,58,Ange Loosa,88,False,False,False,False,U-DEC
2022-08-20,UFC 278: Usman vs. Edwards,Light Heavyweight,Tyson Pedro,27,Harry Hunsucker,999,False,False,False,False,KO/TKO
2022-08-20,UFC 278: Usman vs. Edwards,Flyweight,Amir Albazi,999,Francisco Figueiredo,35,False,False,False,False,SUB
2022-08-20,UFC 278: Usman vs. Edwards,Bantamweight,Aoriqileng,49,Jay Perrin,72,False,False,False,False,U-DEC
2022-08-20,UFC 278: Usman vs. Edwards,Heavyweight,Marcin Tybura,18,Alexandr Romanov,8,False,False,False,False,M-DEC
2022-08-20,UFC 278: Usman vs. Edwards,Welterweight,Kamaru Usman,1,Leon Edwards,28,False,False,True,False,KO/TKO
2022-09-03,UFC Fight Night: Gane vs. Tuivasa,Middleweight,Alessio Di Chirico,53,Roman Kopylov,63,False,False,False,False,KO/TKO
2022-09-03,UFC Fight Night: Gane vs. Tuivasa,Middleweight,Nassourdine Imavov,7,Joaquin Buckley,28,False,False,False,False,U-DEC
2022-09-03,UFC Fight Night: Gane vs. Tuivasa,Featherweight,William Gomis,999,Jarno Errens,999,False,False,False,False,M-DEC
2022-09-03,UFC Fight Night: Gane vs. Tuivasa,Lightweight,Benoit Saint Denis,66,Gabriel Miranda,999,False,False,False,False,KO/TKO
2022-09-03,UFC Fight Night: Gane vs. Tuivasa,Lightweight,John Makdessi,22,Nasrat Haqparast,46,False,False,False,False,U-DEC
2022-09-03,UFC Fight Night: Gane vs. Tuivasa,Heavyweight,Ciryl Gane,3,Tai Tuivasa,8,True,True,False,True,KO/TKO
2022-09-03,UFC Fight Night: Gane vs. Tuivasa,Featherweight,Charles Jourdain,28,Nathaniel Wood,17,False,False,False,False,U-DEC
2022-09-03,UFC Fight Night: Gane vs. Tuivasa,Middleweight,Robert Whittaker,2,Marvin Vettori,999,False,False,False,False,U-DEC
2022-09-03,UFC Fight Night: Gane vs. Tuivasa,Bantamweight,Khalid Taha,81,Cristian Quinonez,999,False,False,False,False,KO/TKO
2022-09-03,UFC Fight Night: Gane vs. Tuivasa,Middleweight,Abus Magomedov,999,Dustin Stoltzfus,48,False,False,False,False,KO/TKO
2022-09-03,UFC Fight Night: Gane vs. Tuivasa,Lightweight,Fares Ziam,65,Michal Figlak,999,False,False,False,False,U-DEC
2022-09-10,UFC 279: Diaz vs. Ferguson,Featherweight,Hakeem Dawodu,14,Julian Erosa,50,False,False,False,False,U-DEC
2022-09-10,UFC 279: Diaz vs. Ferguson,Bantamweight,Chad Anheliger,51,Alatengheili,43,False,False,False,False,U-DEC
2022-09-10,UFC 279: Diaz vs. Ferguson,Middleweight,Denis Tiuliulin,68,Jamie Pickett,999,False,False,False,False,KO/TKO
2022-09-10,UFC 279: Diaz vs. Ferguson,Welterweight,Nate Diaz,38,Tony Ferguson,999,False,False,False,False,SUB
2022-09-10,UFC 279: Diaz vs. Ferguson,Welterweight,Darian Weeks,80,Yohan Lainesse,69,False,False,False,False,S-DEC
2022-09-10,UFC 279: Diaz vs. Ferguson,Women's Strawweight,Melissa Martinez,999,Elise Reed,42,False,False,False,False,U-DEC
2022-09-10,UFC 279: Diaz vs. Ferguson,Heavyweight,Jake Collier,25,Chris Barnett,44,False,False,False,False,KO/TKO
2022-09-10,UFC 279: Diaz vs. Ferguson,Light Heavyweight,Johnny Walker,13,Ion Cutelaba,15,False,True,False,False,SUB
2022-09-17,UFC Fight Night: Sandhagen vs. Song,Middleweight,Joe Pyfer,999,Alen Amedovski,79,False,False,False,False,KO/TKO
2022-09-17,UFC Fight Night: Sandhagen vs. Song,Lightweight,Trey Ogden,69,Daniel Zellhuber,999,False,False,False,False,U-DEC
2022-09-17,UFC Fight Night: Sandhagen vs. Song,Heavyweight,Tanner Boser,13,Rodrigo Nascimento,999,False,False,False,False,S-DEC
2022-09-17,UFC Fight Night: Sandhagen vs. Song,Welterweight,Trevin Giles,64,Louis Cosce,999,False,False,False,False,U-DEC
2022-09-17,UFC Fight Night: Sandhagen vs. Song,Lightweight,Nikolas Motta,77,Cameron VanCamp,999,False,False,False,False,KO/TKO
2022-09-17,UFC Fight Night: Sandhagen vs. Song,Featherweight,Andre Fili,57,Bill Algeo,20,False,False,False,False,S-DEC
2022-09-17,UFC Fight Night: Sandhagen vs. Song,Middleweight,Chidi Njokuani,19,Gregory Rodrigues,17,False,False,False,False,KO/TKO
2022-09-17,UFC Fight Night: Sandhagen vs. Song,Bantamweight,Tony Gravely,21,Javid Basharat,44,False,False,False,False,U-DEC
2022-09-17,UFC Fight Night: Sandhagen vs. Song,Middleweight,Anthony Hernandez,37,Marc-Andre Barriault,999,False,False,False,False,SUB
2022-09-17,UFC Fight Night: Sandhagen vs. Song,Women's Flyweight,Mariya Agapova,32,Gillian Robertson,25,False,False,False,False,SUB
2022-09-17,UFC Fight Night: Sandhagen vs. Song,Bantamweight,Cory Sandhagen,2,Song Yadong,8,True,True,False,True,KO/TKO
2022-09-17,UFC Fight Night: Sandhagen vs. Song,Women's Strawweight,Denise Gomes,999,Loma Lookboonmee,18,False,False,False,False,U-DEC
2022-09-17,UFC Fight Night: Sandhagen vs. Song,Featherweight,Damon Jackson,37,Pat Sabatini,23,False,False,False,False,KO/TKO
2022-10-01,UFC Fight Night: Dern vs. Yan,Featherweight,Sodiq Yusuff,11,Don Shainis,999,False,False,False,False,SUB
2022-10-01,UFC Fight Night: Dern vs. Yan,Lightweight,Mike Davis,999,Viacheslav Borshchev,72,False,False,False,False,U-DEC
2022-10-01,UFC Fight Night: Dern vs. Yan,Bantamweight,Guido Cannetti,54,Randy Costa,55,False,False,False,False,SUB
2022-10-01,UFC Fight Night: Dern vs. Yan,Welterweight,Randy Brown,13,Francisco Trinaldo,29,False,False,False,False,U-DEC
2022-10-01,UFC Fight Night: Dern vs. Yan,Middleweight,Krzysztof Jotko,22,Brendan Allen,31,False,False,False,False,SUB
2022-10-01,UFC Fight Night: Dern vs. Yan,Bantamweight,Raoni Barcelos,31,Trevin Jones,70,False,False,False,False,U-DEC
2022-10-01,UFC Fight Night: Dern vs. Yan,Women's Strawweight,Mackenzie Dern,9,Yan Xiaonan,10,True,True,False,True,M-DEC
2022-10-01,UFC Fight Night: Dern vs. Yan,Heavyweight,Ilir Latifi,14,Aleksei Oleinik,30,False,False,False,False,U-DEC
2022-10-01,UFC Fight Night: Dern vs. Yan,Lightweight,Joaquim Silva,76,Jesse Ronson,80,False,False,False,False,KO/TKO
2022-10-15,UFC Fight Night: Grasso vs. Araujo,Bantamweight,Cub Swanson,999,Jonathan Martinez,28,False,False,False,False,KO/TKO
2022-10-15,UFC Fight Night: Grasso vs. Araujo,Light Heavyweight,Misha Cirkunov,999,Alonzo Menifield,20,False,False,False,False,KO/TKO
2022-10-15,UFC Fight Night: Grasso vs. Araujo,Women's Strawweight,Piera Rodriguez,17,Sam Hughes,23,False,False,False,False,U-DEC
2022-10-15,UFC Fight Night: Grasso vs. Araujo,Middleweight,Jordan Wright,999,Dusko Todorovic,54,False,False,False,False,KO/TKO
2022-10-15,UFC Fight Night: Grasso vs. Araujo,Bantamweight,Mana Martinez,54,Brandon Davis,68,False,False,False,False,S-DEC
2022-10-15,UFC Fight Night: Grasso vs. Araujo,Welterweight,Mike Jackson,63,Pete Rodriguez,85,False,False,False,False,KO/TKO
2022-10-15,UFC Fight Night: Grasso vs. Araujo,Middleweight,Nick Maximov,39,Jacob Malkoun,41,False,False,False,False,U-DEC
2022-10-15,UFC Fight Night: Grasso vs. Araujo,Women's Flyweight,Alexa Grasso,11,Viviane Araujo,17,False,False,False,False,U-DEC
2022-10-15,UFC Fight Night: Grasso vs. Araujo,Bantamweight,Raphael Assuncao,31,Victor Henry,26,False,False,False,False,U-DEC
2022-10-15,UFC Fight Night: Grasso vs. Araujo,Featherweight,Joanderson Brito,27,Lucas Alexander,999,False,False,False,False,SUB
2022-10-15,UFC Fight Night: Grasso vs. Araujo,Flyweight,Tatsuro Taira,11,CJ Vergara,27,False,False,False,False,SUB
2022-10-22,UFC 280: Oliveira vs. Makhachev,Middleweight,Armen Petrosyan,36,AJ Dobson,69,False,False,False,False,U-DEC
2022-10-22,UFC 280: Oliveira vs. Makhachev,Flyweight,Muhammad Mokaev,7,Malcolm Gordon,29,False,False,False,False,SUB
2022-10-22,UFC 280: Oliveira vs. Makhachev,Bantamweight,Aljamain Sterling,1,TJ Dillashaw,12,False,True,True,False,KO/TKO
2022-10-22,UFC 280: Oliveira vs. Makhachev,Women's Flyweight,Katlyn Cerminara,7,Manon Fiorot,3,True,True,False,True,U-DEC
2022-10-22,UFC 280: Oliveira vs. Makhachev,Middleweight,Makhmud Muradov,23,Caio Borralho,38,False,False,False,False,U-DEC
2022-10-22,UFC 280: Oliveira vs. Makhachev,Women's Bantamweight,Karol Rosa,6,Lina Lansberg,20,False,False,False,False,M-DEC
2022-10-22,UFC 280: Oliveira vs. Makhachev,Lightweight,Charles Oliveira,1,Islam Makhachev,999,False,False,True,False,SUB
2022-10-22,UFC 280: Oliveira vs. Makhachev,Bantamweight,Petr Yan,3,Sean O'Malley,7,True,True,False,True,S-DEC
2022-10-22,UFC 280: Oliveira vs. Makhachev,Lightweight,Beneil Dariush,2,Mateusz Gamrot,8,True,True,False,True,U-DEC
2022-10-22,UFC 280: Oliveira vs. Makhachev,Welterweight,Abubakar Nurmagomedov,999,Gadzhi Omargadzhiev,999,False,False,False,False,U-DEC
2022-10-22,UFC 280: Oliveira vs. Makhachev,Welterweight,Belal Muhammad,6,Sean Brady,7,True,True,False,True,KO/TKO
2022-10-22,UFC 280: Oliveira vs. Makhachev,Light Heavyweight,Volkan Oezdemir,6,Nikita Krylov,5,True,True,False,True,U-DEC
2022-10-29,UFC Fight Night: Kattar vs. Allen,Flyweight,Cody Durden,26,Carlos Mota,999,False,False,False,False,U-DEC
2022-10-29,UFC Fight Night: Kattar vs. Allen,Heavyweight,Waldo Cortes Acosta,999,Jared Vanderaa,41,False,False,False,False,U-DEC
2022-10-29,UFC Fight Night: Kattar vs. Allen,Heavyweight,Andrei Arlovski,21,Marcos Rogerio de Lima,12,False,False,False,False,SUB
2022-10-29,UFC Fight Night: Kattar vs. Allen,Middleweight,Josh Fremd,66,Tresean Gore,75,False,False,False,False,SUB
2022-10-29,UFC Fight Night: Kattar vs. Allen,Featherweight,Chase Hooper,42,Steve Garcia,999,False,False,False,False,KO/TKO
2022-10-29,UFC Fight Night: Kattar vs. Allen,Light Heavyweight,Dustin Jacoby,10,Khalil Rountree Jr.,23,False,False,False,False,S-DEC
2022-10-29,UFC Fight Night: Kattar vs. Allen,Featherweight,Calvin Kattar,10,Arnold Allen,5,True,True,False,True,KO/TKO
2022-10-29,UFC Fight Night: Kattar vs. Allen,Welterweight,Tim Means,26,Max Griffin,16,False,False,False,False,S-DEC
2022-10-29,UFC Fight Night: Kattar vs. Allen,Middleweight,Joseph Holmes,45,JunYong Park,41,False,False,False,False,SUB
2022-10-29,UFC Fight Night: Kattar vs. Allen,Middleweight,Phil Hawes,16,Roman Dolidze,12,False,True,False,False,KO/TKO
2022-10-29,UFC Fight Night: Kattar vs. Allen,Bantamweight,Christian Rodriguez,999,Joshua Weems,999,False,False,False,False,SUB
2022-11-05,UFC Fight Night: Rodriguez vs. Lemos,Lightweight,Grant Dawson,15,Mark Madsen,24,False,False,False,False,SUB
2022-11-05,UFC Fight Night: Rodriguez vs. Lemos,Featherweight,Darrick Minner,37,Shayilan Nuerdanbieke,45,False,False,False,False,KO/TKO
2022-11-05,UFC Fight Night: Rodriguez vs. Lemos,Bantamweight,Mario Bautista,31,Benito Lopez,999,False,False,False,False,SUB
2022-11-05,UFC Fight Night: Rodriguez vs. Lemos,Bantamweight,Liudvik Sholinian,69,Johnny Munoz,61,False,False,False,False,U-DEC
2022-11-05,UFC Fight Night: Rodriguez vs. Lemos,Flyweight,Tagir Ulanbekov,21,Nate Maness,999,False,False,False,False,SUB
2022-11-05,UFC Fight Night: Rodriguez vs. Lemos,Women's Strawweight,Polyana Viana,21,Jinh Yu Frey,38,False,False,False,False,KO/TKO
2022-11-05,UFC Fight Night: Rodriguez vs. Lemos,Women's Flyweight,Miranda Maverick,12,Shanna Young,40,False,False,False,False,U-DEC
2022-11-05,UFC Fight Night: Rodriguez vs. Lemos,Women's Strawweight,Marina Rodriguez,4,Amanda Lemos,6,True,True,False,True,KO/TKO
2022-11-05,UFC Fight Night: Rodriguez vs. Lemos,Welterweight,Neil Magny,14,Daniel Rodriguez,999,False,False,False,False,SUB
2022-11-05,UFC Fight Night: Rodriguez vs. Lemos,Women's Bantamweight,Tamires Vidal,999,Ramona Pascual,999,False,False,False,False,KO/TKO
2022-11-05,UFC Fight Night: Rodriguez vs. Lemos,Flyweight,Carlos Candelario,37,Jake Hadley,34,False,False,False,False,SUB
2022-11-12,UFC 281: Adesanya vs. Pereira,Middleweight,Israel Adesanya,2,Alex Pereira,4,True,True,True,False,KO/TKO
2022-11-12,UFC 281: Adesanya vs. Pereira,Bantamweight,Frankie Edgar,18,Chris Gutierrez,13,False,False,False,False,KO/TKO
2022-11-12,UFC 281: Adesanya vs. Pereira,Lightweight,Brad Riddell,29,Renato Moicano,999,False,False,False,False,SUB
2022-11-12,UFC 281: Adesanya vs. Pereira,Lightweight,Matt Frevola,59,Ottman Azaitar,999,False,False,False,False,KO/TKO
2022-11-12,UFC 281: Adesanya vs. Pereira,Lightweight,Dustin Poirier,3,Michael Chandler,6,True,True,False,True,SUB
2022-11-12,UFC 281: Adesanya vs. Pereira,Middleweight,Andre Petroski,29,Wellington Turman,60,False,False,False,False,U-DEC
2022-11-12,UFC 281: Adesanya vs. Pereira,Light Heavyweight,Dominick Reyes,999,Ryan Spann,20,False,False,False,False,KO/TKO
2022-11-12,UFC 281: Adesanya vs. Pereira,Lightweight,Dan Hooker,999,Claudio Puelles,35,False,False,False,False,KO/TKO
2022-11-12,UFC 281: Adesanya vs. Pereira,Featherweight,Michael Trizano,69,SeungWoo Choi,38,False,False,False,False,KO/TKO
2022-11-12,UFC 281: Adesanya vs. Pereira,Women's Strawweight,Carla Esparza,5,Zhang Weili,1,True,True,True,False,SUB
2022-11-12,UFC 281: Adesanya vs. Pereira,Women's Flyweight,Erin Blanchfield,6,Molly McCann,14,False,True,False,False,SUB
2022-11-12,UFC 281: Adesanya vs. Pereira,Bantamweight,Julio Arce,36,Montel Jackson,16,False,False,False,False,U-DEC
2022-11-12,UFC 281: Adesanya vs. Pereira,Light Heavyweight,Carlos Ulberg,15,Nicolae Negumereanu,24,False,False,False,False,KO/TKO
2022-11-12,UFC 281: Adesanya vs. Pereira,Women's Strawweight,Karolina Kowalkiewicz,24,Silvana Gomez Juarez,21,False,False,False,False,U-DEC
2022-11-19,UFC Fight Night: Nzechukwu vs. Cutelaba,Bantamweight,Ricky Turcios,59,Kevin Natividad,999,False,False,False,False,S-DEC
2022-11-19,UFC Fight Night: Nzechukwu vs. Cutelaba,Heavyweight,Chase Sherman,39,Waldo Cortes Acosta,25,False,False,False,False,U-DEC
2022-11-19,UFC Fight Night: Nzechukwu vs. Cutelaba,Women's Flyweight,Jennifer Maia,32,Maryna Moroz,16,False,False,False,False,U-DEC
2022-11-19,UFC Fight Night: Nzechukwu vs. Cutelaba,Women's Flyweight,Natalia Silva,13,Tereza Bleda,999,False,False,False,False,KO/TKO
2022-11-19,UFC Fight Night: Nzechukwu vs. Cutelaba,Bantamweight,Vince Morales,51,Miles Johns,47,False,False,False,False,U-DEC
2022-11-19,UFC Fight Night: Nzechukwu vs. Cutelaba,Bantamweight,Brady Hiestand,63,Fernie Garcia,71,False,False,False,False,U-DEC
2022-11-19,UFC Fight Night: Nzechukwu vs. Cutelaba,Flyweight,Charles Johnson,31,Zhalgas Zhumagulov,35,False,False,False,False,S-DEC
2022-11-19,UFC Fight Night: Nzechukwu vs. Cutelaba,Women's Strawweight,Vanessa Demopoulos,29,Maria Oliveira,35,False,False,False,False,U-DEC
2022-11-19,UFC Fight Night: Nzechukwu vs. Cutelaba,Welterweight,Andre Fialho,63,Muslim Salikhov,32,False,False,False,False,KO/TKO
2022-11-19,UFC Fight Night: Nzechukwu vs. Cutelaba,Light Heavyweight,Kennedy Nzechukwu,25,Ion Cutelaba,19,False,False,False,False,KO/TKO
2022-11-19,UFC Fight Night: Nzechukwu vs. Cutelaba,Welterweight,Jack Della Maddalena,22,Danny Roberts,69,False,False,False,False,KO/TKO
2022-12-03,UFC Fight Night: Thompson vs. Holland,Women's Strawweight,Angela Hill,999,Emily Ducote,15,False,False,False,False,U-DEC
2022-12-03,UFC Fight Night: Thompson vs. Holland,Featherweight,Marcelo Rojo,999,Francis Marshall,999,False,False,False,False,KO/TKO
2022-12-03,UFC Fight Night: Thompson vs. Holland,Women's Strawweight,Yazmin Jauregui,19,Istela Nunes,26,False,False,False,False,KO/TKO
2022-12-03,UFC Fight Night: Thompson vs. Holland,Lightweight,Natan Levy,71,Genaro Valdez,88,False,False,False,False,U-DEC
2022-12-03,UFC Fight Night: Thompson vs. Holland,Flyweight,Matheus Nicolau,13,Matt Schnell,21,False,False,False,False,KO/TKO
2022-12-03,UFC Fight Night: Thompson vs. Holland,Lightweight,Clay Guida,52,Scott Holtzman,999,False,False,False,False,S-DEC
2022-12-03,UFC Fight Night: Thompson vs. Holland,Welterweight,Niko Price,45,Phil Rowe,67,False,False,False,False,KO/TKO
2022-12-03,UFC Fight Night: Thompson vs. Holland,Lightweight,Michael Johnson,40,Marc Diakiese,34,False,False,False,False,U-DEC
2022-12-03,UFC Fight Night: Thompson vs. Holland,Heavyweight,Tai Tuivasa,9,Sergei Pavlovich,5,True,True,False,True,KO/TKO
2022-12-03,UFC Fight Night: Thompson vs. Holland,Welterweight,Stephen Thompson,12,Kevin Holland,999,False,False,False,False,KO/TKO
2022-12-03,UFC Fight Night: Thompson vs. Holland,Middleweight,Jack Hermansson,5,Roman Dolidze,7,True,True,False,True,KO/TKO
2022-12-03,UFC Fight Night: Thompson vs. Holland,Featherweight,Darren Elkins,33,Jonathan Pearce,15,False,False,False,False,U-DEC
2022-12-03,UFC Fight Night: Thompson vs. Holland,Middleweight,Eryk Anders,57,Kyle Daukaus,56,False,False,False,False,KO/TKO
2022-12-03,UFC Fight Night: Thompson vs. Holland,Welterweight,Bryan Barberena,35,Rafael Dos Anjos,999,False,False,False,False,SUB
2022-12-10,UFC 282: Blachowicz vs. Ankalaev,Lightweight,Paddy Pimblett,32,Jared Gordon,15,False,False,False,False,U-DEC
2022-12-10,UFC 282: Blachowicz vs. Ankalaev,Heavyweight,Jairzinho Rozenstruik,12,Chris Daukaus,10,False,True,False,False,KO/TKO
2022-12-10,UFC 282: Blachowicz vs. Ankalaev,Featherweight,TJ Brown,54,Erik Silva,999,False,False,False,False,SUB
2022-12-10,UFC 282: Blachowicz vs. Ankalaev,Light Heavyweight,Jan Blachowicz,2,Magomed Ankalaev,1,True,True,True,False,S-DEC
2022-12-10,UFC 282: Blachowicz vs. Ankalaev,Featherweight,Bryce Mitchell,7,Ilia Topuria,999,False,False,False,False,SUB
2022-12-10,UFC 282: Blachowicz vs. Ankalaev,Middleweight,Edmen Shahbazyan,29,Dalcha Lungiambula,60,False,False,False,False,KO/TKO
2022-12-10,UFC 282: Blachowicz vs. Ankalaev,Bantamweight,Cameron Saaiman,999,Steven Koslow,999,False,False,False,False,KO/TKO
2022-12-10,UFC 282: Blachowicz vs. Ankalaev,Featherweight,Billy Quarantillo,20,Alexander Hernandez,999,False,False,False,False,KO/TKO
2022-12-10,UFC 282: Blachowicz vs. Ankalaev,Middleweight,Chris Curtis,34,Joaquin Buckley,31,False,False,False,False,KO/TKO
2022-12-10,UFC 282: Blachowicz vs. Ankalaev,Middleweight,Darren Till,17,Dricus Du Plessis,10,False,False,False,False,SUB
2022-12-10,UFC 282: Blachowicz vs. Ankalaev,Bantamweight,Raul Rosas Jr.,999,Jay Perrin,63,False,False,False,False,SUB
2022-12-17,UFC Fight Night: Cannonier vs. Strickland,Middleweight,Jared Cannonier,9,Sean Strickland,14,False,True,False,False,S-DEC
2022-12-17,UFC Fight Night: Cannonier vs. Strickland,Welterweight,Jake Matthews,25,Matthew Semelsberger,35,False,False,False,False,U-DEC
2022-12-17,UFC Fight Night: Cannonier vs. Strickland,Welterweight,Bryan Battle,30,Rinat Fakhretdinov,46,False,False,False,False,U-DEC
2022-12-17,UFC Fight Night: Cannonier vs. Strickland,Featherweight,Alex Caceres,20,Julian Erosa,37,False,False,False,False,KO/TKO
2022-12-17,UFC Fight Night: Cannonier vs. Strickland,Lightweight,Drew Dober,16,King Green,999,False,False,False,False,KO/TKO
2022-12-17,UFC Fight Night: Cannonier vs. Strickland,Women's Strawweight,Cheyanne Vlismas,11,Cory McKenna,21,False,False,False,False,U-DEC
2022-12-17,UFC Fight Night: Cannonier vs. Strickland,Bantamweight,Sergey Morozov,57,Journey Newson,63,False,False,False,False,U-DEC
2022-12-17,UFC Fight Night: Cannonier vs. Strickland,Lightweight,Arman Tsarukyan,5,Damir Ismagulov,24,False,False,False,False,U-DEC
2022-12-17,UFC Fight Night: Cannonier vs. Strickland,Flyweight,Amir Albazi,12,Alessandro Costa,999,False,False,False,False,KO/TKO
2022-12-17,UFC Fight Night: Cannonier vs. Strickland,Middleweight,Cody Brundage,43,Michal Oleksiejczuk,33,False,False,False,False,KO/TKO
2022-12-17,UFC Fight Night: Cannonier vs. Strickland,Bantamweight,Said Nurmagomedov,7,Saidyokub Kakhramonov,21,False,False,False,False,SUB
2022-12-17,UFC Fight Night: Cannonier vs. Strickland,Lightweight,Rafa Garcia,59,Maheshate,25,False,False,False,False,U-DEC
2022-12-17,UFC Fight Night: Cannonier vs. Strickland,Flyweight,David Dvorak,18,Manel Kape,7,False,False,False,False,U-DEC
2023-01-14,UFC Fight Night: Strickland vs. Imavov,Middleweight,Claudio Ribeiro,999,Abdul Razak Alhassan,42,False,False,False,False,KO/TKO
2023-01-14,UFC Fight Night: Strickland vs. Imavov,Bantamweight,Javid Basharat,22,Mateus Mendonca,999,False,False,False,False,U-DEC
2023-01-14,UFC Fight Night: Strickland vs. Imavov,Women's Bantamweight,Ketlen Vieira,10,Raquel Pennington,3,True,True,False,True,S-DEC
2023-01-14,UFC Fight Night: Strickland vs. Imavov,Lightweight,Mateusz Rebecki,999,Nick Fiore,999,False,False,False,False,U-DEC
2023-01-14,UFC Fight Night: Strickland vs. Imavov,Light Heavyweight,Sean Strickland,999,Nassourdine Imavov,999,False,False,False,False,U-DEC
2023-01-14,UFC Fight Night: Strickland vs. Imavov,Featherweight,Dan Argueta,59,Nick Aguirre,999,False,False,False,False,U-DEC
2023-01-14,UFC Fight Night: Strickland vs. Imavov,Bantamweight,Umar Nurmagomedov,13,Raoni Barcelos,26,False,False,False,False,KO/TKO
2023-01-14,UFC Fight Night: Strickland vs. Imavov,Flyweight,Charles Johnson,32,Jimmy Flick,999,False,False,False,False,KO/TKO
2023-01-14,UFC Fight Night: Strickland vs. Imavov,Featherweight,Dan Ige,14,Damon Jackson,21,False,False,False,False,KO/TKO
2023-01-14,UFC Fight Night: Strickland vs. Imavov,Flyweight,Allan Nascimento,22,Carlos Hernandez,24,False,False,False,False,SUB
2023-01-14,UFC Fight Night: Strickland vs. Imavov,Middleweight,Punahele Soriano,39,Roman Kopylov,47,False,False,False,False,KO/TKO
2023-01-21,UFC 283: Teixeira vs. Hill,Women's Flyweight,Lauren Murphy,16,Jessica Andrade,999,False,False,False,False,U-DEC
2023-01-21,UFC 283: Teixeira vs. Hill,Flyweight,Deiveson Figueiredo,3,Brandon Moreno,2,True,True,True,False,KO/TKO
2023-01-21,UFC 283: Teixeira vs. Hill,Welterweight,Gilbert Burns,5,Neil Magny,12,False,True,False,False,SUB
2023-01-21,UFC 283: Teixeira vs. Hill,Bantamweight,Saimon Oliveira,68,Daniel Marcos,999,False,False,False,False,KO/TKO
2023-01-21,UFC 283: Teixeira vs. Hill,Light Heavyweight,Paul Craig,20,Johnny Walker,13,False,False,False,False,KO/TKO
2023-01-21,UFC 283: Teixeira vs. Hill,Bantamweight,Luan Lacerda,999,Cody Stamann,28,False,False,False,False,U-DEC
2023-01-21,UFC 283: Teixeira vs. Hill,Middleweight,Gregory Rodrigues,12,Brunno Ferreira,999,False,False,False,False,KO/TKO
2023-01-21,UFC 283: Teixeira vs. Hill,Welterweight,Gabriel Bonfim,999,Mounir Lazzez,42,False,False,False,False,SUB
2023-01-21,UFC 283: Teixeira vs. Hill,Lightweight,Thiago Moises,41,Melquizael Costa,999,False,False,False,False,SUB
2023-01-21,UFC 283: Teixeira vs. Hill,Lightweight,Ismael Bonfim,999,Terrance McKinney,15,False,False,False,False,KO/TKO
2023-01-21,UFC 283: Teixeira vs. Hill,Light Heavyweight,Mauricio Rua,28,Ihor Potieria,39,False,False,False,False,KO/TKO
2023-01-21,UFC 283: Teixeira vs. Hill,Light Heavyweight,Glover Teixeira,5,Jamahal Hill,11,True,True,True,False,U-DEC
2023-01-21,UFC 283: Teixeira vs. Hill,Welterweight,Warlley Alves,999,Nicolas Dalby,35,False,False,False,False,S-DEC
2023-01-21,UFC 283: Teixeira vs. Hill,Heavyweight,Shamil Abdurakhimov,21,Jailton Almeida,999,False,False,False,False,KO/TKO
2023-02-04,UFC Fight Night: Lewis vs. Spivac,Featherweight,Dooho Choi,999,Kyle Nelson,999,False,False,False,False,M-DEC
2023-02-04,UFC Fight Night: Lewis vs. Spivac,Featherweight,JeongYeong Lee,999,Yizha,999,False,False,True,False,S-DEC
2023-02-04,UFC Fight Night: Lewis vs. Spivac,Light Heavyweight,Da Woon Jung,18,Devin Clark,32,False,False,False,False,U-DEC
2023-02-04,UFC Fight Night: Lewis vs. Spivac,Heavyweight,Marcin Tybura,14,Blagoy Ivanov,19,False,False,False,False,U-DEC
2023-02-04,UFC Fight Night: Lewis vs. Spivac,Flyweight,SeungGuk Choi,999,HyunSung Park,999,False,False,True,False,SUB
2023-02-04,UFC Fight Night: Lewis vs. Spivac,Middleweight,JunYong Park,34,Denis Tiuliulin,51,False,False,False,False,SUB
2023-02-04,UFC Fight Night: Lewis vs. Spivac,Flyweight,Tatsuro Taira,12,Jesus Aguilar,999,False,False,False,False,SUB
2023-02-04,UFC Fight Night: Lewis vs. Spivac,Bantamweight,Toshiomi Kazama,999,Rinya Nakamura,999,False,False,True,False,KO/TKO
2023-02-04,UFC Fight Night: Lewis vs. Spivac,Lightweight,Jeka Saragih,999,Anshul Jubli,999,False,False,True,False,KO/TKO
2023-02-04,UFC Fight Night: Lewis vs. Spivac,Welterweight,Yusaku Kinoshita,999,Adam Fugitt,67,False,False,False,False,KO/TKO
2023-02-04,UFC Fight Night: Lewis vs. Spivac,Heavyweight,Derrick Lewis,12,Serghei Spivac,11,False,True,False,False,SUB
2023-02-11,UFC 284: Makhachev vs. Volkanovski,Lightweight,Zubaira Tukhugov,999,Elves Brener,999,False,False,False,False,S-DEC
2023-02-11,UFC 284: Makhachev vs. Volkanovski,Flyweight,Shannon Ross,999,Kleydson Rodrigues,27,False,False,False,False,KO/TKO
2023-02-11,UFC 284: Makhachev vs. Volkanovski,Featherweight,Yair Rodriguez,20,Josh Emmett,9,False,False,True,False,SUB
2023-02-11,UFC 284: Makhachev vs. Volkanovski,Lightweight,Islam Makhachev,1,Alexander Volkanovski,999,False,False,True,False,U-DEC
2023-02-11,UFC 284: Makhachev vs. Volkanovski,Featherweight,Jack Jenkins,999,Don Shainis,71,False,False,False,False,U-DEC
2023-02-11,UFC 284: Makhachev vs. Volkanovski,Welterweight,Jack Della Maddalena,13,Randy Brown,15,False,True,False,False,SUB
2023-02-11,UFC 284: Makhachev vs. Volkanovski,Women's Strawweight,Loma Lookboonmee,18,Elise Reed,34,False,False,False,False,SUB
2023-02-11,UFC 284: Makhachev vs. Volkanovski,Featherweight,Shane Young,999,Blake Bilder,999,False,False,False,False,U-DEC
2023-02-11,UFC 284: Makhachev vs. Volkanovski,Featherweight,Josh Culibao,38,Melsik Baghdasaryan,26,False,False,False,False,SUB
2023-02-11,UFC 284: Makhachev vs. Volkanovski,Lightweight,Jamie Mullarkey,30,Francisco Prado,999,False,False,False,False,U-DEC
2023-02-11,UFC 284: Makhachev vs. Volkanovski,Light Heavyweight,Tyson Pedro,27,Modestas Bukauskas,44,False,False,False,False,U-DEC
2023-02-11,UFC 284: Makhachev vs. Volkanovski,Heavyweight,Justin Tafa,35,Parker Porter,37,False,False,False,False,KO/TKO
2023-02-11,UFC 284: Makhachev vs. Volkanovski,Light Heavyweight,Jimmy Crute,18,Alonzo Menifield,17,False,False,False,False,M-DEC
2023-02-18,UFC Fight Night: Andrade vs. Blanchfield,Light Heavyweight,Ovince Saint Preux,30,Philipe Lins,37,False,False,False,False,KO/TKO
2023-02-18,UFC Fight Night: Andrade vs. Blanchfield,Heavyweight,Josh Parisian,40,Jamal Pogues,999,False,False,False,False,U-DEC
2023-02-18,UFC Fight Night: Andrade vs. Blanchfield,Light Heavyweight,Jordan Wright,999,Zac Pauga,999,False,False,False,False,U-DEC
2023-02-18,UFC Fight Night: Andrade vs. Blanchfield,Flyweight,Clayton Carpenter,999,Juancamilo Ronderos,999,False,False,False,False,SUB
2023-02-18,UFC Fight Night: Andrade vs. Blanchfield,Welterweight,AJ Fletcher,75,Themba Gorimbo,999,False,False,False,False,SUB
2023-02-18,UFC Fight Night: Andrade vs. Blanchfield,Featherweight,Jamall Emmers,32,Khusein Askhabov,999,False,False,False,False,U-DEC
2023-02-18,UFC Fight Night: Andrade vs. Blanchfield,Lightweight,Jim Miller,999,Alexander Hernandez,999,False,False,False,False,U-DEC
2023-02-18,UFC Fight Night: Andrade vs. Blanchfield,Women's Bantamweight,Lina Lansberg,18,Mayra Bueno Silva,15,False,False,False,False,SUB
2023-02-18,UFC Fight Night: Andrade vs. Blanchfield,Lightweight,Nazim Sadykhov,999,Evan Elder,999,False,False,False,False,KO/TKO
2023-02-18,UFC Fight Night: Andrade vs. Blanchfield,Light Heavyweight,William Knight,999,Marcin Prachnio,33,False,False,False,False,U-DEC
2023-02-18,UFC Fight Night: Andrade vs. Blanchfield,Women's Flyweight,Jessica Andrade,2,Erin Blanchfield,3,True,True,False,True,SUB
2023-02-25,UFC Fight Night: Muniz vs. Allen,Welterweight,Mike Malott,38,Yohan Lainesse,63,False,False,False,False,SUB
2023-02-25,UFC Fight Night: Muniz vs. Allen,Lightweight,Rafael Alves,55,Nurullo Aliev,999,False,False,False,False,M-DEC
2023-02-25,UFC Fight Night: Muniz vs. Allen,Lightweight,Joe Solecki,28,Carl Deaton,999,False,False,False,False,SUB
2023-02-25,UFC Fight Night: Muniz vs. Allen,Middleweight,Andre Muniz,11,Brendan Allen,17,False,False,False,False,SUB
2023-02-25,UFC Fight Night: Muniz vs. Allen,Women's Flyweight,Tatiana Suarez,999,Montana De La Rosa,25,False,False,False,False,SUB
2023-02-25,UFC Fight Night: Muniz vs. Allen,Lightweight,Erick Gonzalez,93,Trevor Peek,999,False,False,False,False,KO/TKO
2023-02-25,UFC Fight Night: Muniz vs. Allen,Lightweight,Jordan Leavitt,50,Victor Martinez,999,False,False,False,False,KO/TKO
2023-02-25,UFC Fight Night: Muniz vs. Allen,Heavyweight,Augusto Sakai,23,Don'Tale Mayes,35,False,False,False,False,U-DEC
2023-02-25,UFC Fight Night: Muniz vs. Allen,Women's Flyweight,Jasmine Jasudavicius,39,Gabriella Fernandes,999,False,False,False,False,U-DEC
2023-03-04,UFC 285: Jones vs. Gane,Women's Flyweight,Viviane Araujo,19,Amanda Ribas,7,False,False,False,False,U-DEC
2023-03-04,UFC 285: Jones vs. Gane,Bantamweight,Mana Martinez,57,Cameron Saaiman,46,False,False,False,False,M-DEC
2023-03-04,UFC 285: Jones vs. Gane,Welterweight,Geoff Neal,8,Shavkat Rakhmonov,7,True,True,False,True,SUB
2023-03-04,UFC 285: Jones vs. Gane,Middleweight,Bo Nickal,999,Jamie Pickett,69,False,False,False,False,SUB
2023-03-04,UFC 285: Jones vs. Gane,Heavyweight,Jon Jones,999,Ciryl Gane,2,False,False,True,False,SUB
2023-03-04,UFC 285: Jones vs. Gane,Women's Flyweight,Valentina Shevchenko,1,Alexa Grasso,12,False,True,True,False,SUB
2023-03-04,UFC 285: Jones vs. Gane,Middleweight,Julian Marquez,52,Marc-Andre Barriault,53,False,False,False,False,KO/TKO
2023-03-04,UFC 285: Jones vs. Gane,Middleweight,Derek Brunson,4,Dricus Du Plessis,5,True,True,False,True,KO/TKO
2023-03-04,UFC 285: Jones vs. Gane,Women's Strawweight,Jessica Penne,25,Tabatha Ricci,20,False,False,False,False,SUB
2023-03-04,UFC 285: Jones vs. Gane,Bantamweight,Da'Mon Blackshear,66,Farid Basharat,999,False,False,False,False,U-DEC
2023-03-04,UFC 285: Jones vs. Gane,Lightweight,Mateusz Gamrot,10,Jalin Turner,9,True,True,False,True,S-DEC
2023-03-04,UFC 285: Jones vs. Gane,Bantamweight,Cody Garbrandt,999,Trevin Jones,81,False,False,False,False,U-DEC
2023-03-04,UFC 285: Jones vs. Gane,Welterweight,Ian Machado Garry,38,Song Kenan,999,False,False,False,False,KO/TKO
2023-03-04,UFC 285: Jones vs. Gane,Lightweight,Esteban Ribovics,999,Loik Radzhabov,999,False,False,False,False,U-DEC
2023-03-11,UFC Fight Night: Yan vs. Dvalishvili,Bantamweight,Petr Yan,4,Merab Dvalishvili,3,True,True,False,True,U-DEC
2023-03-11,UFC Fight Night: Yan vs. Dvalishvili,Bantamweight,Mario Bautista,22,Guido Cannetti,40,False,False,False,False,SUB
2023-03-11,UFC Fight Night: Yan vs. Dvalishvili,Heavyweight,Alexander Volkov,6,Alexandr Romanov,11,True,True,False,True,KO/TKO
2023-03-11,UFC Fight Night: Yan vs. Dvalishvili,Middleweight,Sedriques Dumas,999,Josh Fremd,62,False,False,False,False,SUB
2023-03-11,UFC Fight Night: Yan vs. Dvalishvili,Bantamweight,Raphael Assuncao,26,Davey Grant,46,False,False,False,False,SUB
2023-03-11,UFC Fight Night: Yan vs. Dvalishvili,Light Heavyweight,Vitor Petrino,999,Anton Turkalj,999,False,False,False,False,U-DEC
2023-03-11,UFC Fight Night: Yan vs. Dvalishvili,Women's Flyweight,Ariane da Silva,999,JJ Aldrich,27,False,False,False,False,U-DEC
2023-03-11,UFC Fight Night: Yan vs. Dvalishvili,Bantamweight,Said Nurmagomedov,9,Jonathan Martinez,19,False,False,False,False,U-DEC
2023-03-11,UFC Fight Night: Yan vs. Dvalishvili,Flyweight,Tyson Nam,19,Bruno Silva,999,False,False,False,False,SUB
2023-03-11,UFC Fight Night: Yan vs. Dvalishvili,Bantamweight,Victor Henry,37,Tony Gravely,38,False,False,False,False,S-DEC
2023-03-11,UFC Fight Night: Yan vs. Dvalishvili,Welterweight,Carlston Harris,38,Jared Gooden,57,False,False,False,False,U-DEC
2023-03-11,UFC Fight Night: Yan vs. Dvalishvili,Heavyweight,Karl Williams,999,Lukasz Brzeski,27,False,False,False,False,U-DEC
2023-03-18,UFC 286: Edwards vs. Usman 3,Welterweight,Gunnar Nelson,37,Bryan Barberena,38,False,False,False,False,SUB
2023-03-18,UFC 286: Edwards vs. Usman 3,Featherweight,Jack Shore,999,Makwan Amirkhani,66,False,False,False,False,SUB
2023-03-18,UFC 286: Edwards vs. Usman 3,Middleweight,Christian Leroy Duncan,999,Dusko Todorovic,38,False,False,False,False,KO/TKO
2023-03-18,UFC 286: Edwards vs. Usman 3,Featherweight,Lerone Murphy,33,Gabriel Santos,999,False,False,False,False,S-DEC
2023-03-18,UFC 286: Edwards vs. Usman 3,Women's Flyweight,Juliana Miller,18,Veronica Hardy,999,False,False,False,False,U-DEC
2023-03-18,UFC 286: Edwards vs. Usman 3,Middleweight,Marvin Vettori,6,Roman Dolidze,7,True,True,False,True,U-DEC
2023-03-18,UFC 286: Edwards vs. Usman 3,Flyweight,Jake Hadley,26,Malcolm Gordon,30,False,False,False,False,KO/TKO
2023-03-18,UFC 286: Edwards vs. Usman 3,Women's Flyweight,Joanne Wood,16,Luana Carolina,39,False,False,False,False,S-DEC
2023-03-18,UFC 286: Edwards vs. Usman 3,Lightweight,Justin Gaethje,8,Rafael Fiziev,13,False,True,False,False,M-DEC
2023-03-18,UFC 286: Edwards vs. Usman 3,Lightweight,Jai Herbert,58,Ludovit Klein,59,False,False,False,False,M-DEC
2023-03-18,UFC 286: Edwards vs. Usman 3,Lightweight,Sam Patterson,999,Yanal Ashmouz,999,False,False,False,False,KO/TKO
2023-03-18,UFC 286: Edwards vs. Usman 3,Welterweight,Leon Edwards,18,Kamaru Usman,1,False,False,True,False,M-DEC
2023-03-18,UFC 286: Edwards vs. Usman 3,Lightweight,Chris Duncan,999,Omar Morales,90,False,False,False,False,S-DEC
2023-03-18,UFC 286: Edwards vs. Usman 3,Women's Flyweight,Jennifer Maia,21,Casey O'Neill,7,False,False,False,False,U-DEC
2023-03-18,UFC 286: Edwards vs. Usman 3,Flyweight,Muhammad Mokaev,8,Jafel Filho,999,False,False,False,False,SUB
2023-03-25,UFC Fight Night: Vera vs. Sandhagen,Welterweight,Trevin Giles,56,Preston Parsons,46,False,False,False,False,S-DEC
2023-03-25,UFC Fight Night: Vera vs. Sandhagen,Flyweight,CJ Vergara,31,Daniel Lacerda,46,False,False,False,False,KO/TKO
2023-03-25,UFC Fight Night: Vera vs. Sandhagen,Women's Bantamweight,Holly Holm,5,Yana Santos,999,False,False,False,False,U-DEC
2023-03-25,UFC Fight Night: Vera vs. Sandhagen,Middleweight,Chidi Njokuani,24,Albert Duraev,47,False,False,False,False,S-DEC
2023-03-25,UFC Fight Night: Vera vs. Sandhagen,Bantamweight,Marlon Vera,16,Cory Sandhagen,3,False,True,False,False,S-DEC
2023-03-25,UFC Fight Night: Vera vs. Sandhagen,Flyweight,Victor Altamirano,20,Vinicius Salvador,999,False,False,False,False,U-DEC
2023-03-25,UFC Fight Night: Vera vs. Sandhagen,Women's Flyweight,Andrea Lee,10,Maycee Barber,8,True,True,False,True,S-DEC
2023-03-25,UFC Fight Night: Vera vs. Sandhagen,Featherweight,Steven Peterson,63,Lucas Alexander,74,False,False,False,False,U-DEC
2023-03-25,UFC Fight Night: Vera vs. Sandhagen,Featherweight,Nate Landwehr,44,Austin Lingo,999,False,False,False,False,SUB
2023-03-25,UFC Fight Night: Vera vs. Sandhagen,Featherweight,Daniel Pineda,999,Tucker Lutz,52,False,False,False,False,SUB
2023-04-08,UFC 287: Pereira vs. Adesanya 2,Featherweight,Shayilan Nuerdanbieke,22,Steve Garcia,33,False,False,False,False,KO/TKO
2023-04-08,UFC 287: Pereira vs. Adesanya 2,Middleweight,Gerald Meerschaert,35,Joe Pyfer,47,False,False,False,False,KO/TKO
2023-04-08,UFC 287: Pereira vs. Adesanya 2,Bantamweight,Raul Rosas Jr.,42,Christian Rodriguez,59,False,False,False,False,U-DEC
2023-04-08,UFC 287: Pereira vs. Adesanya 2,Welterweight,Kevin Holland,22,Santiago Ponzinibbio,999,False,False,False,False,KO/TKO
2023-04-08,UFC 287: Pereira vs. Adesanya 2,Women's Strawweight,Jaqueline Amorim,999,Sam Hughes,23,False,False,False,False,U-DEC
2023-04-08,UFC 287: Pereira vs. Adesanya 2,Bantamweight,Rob Font,6,Adrian Yanez,13,False,True,False,False,KO/TKO
2023-04-08,UFC 287: Pereira vs. Adesanya 2,Welterweight,Gilbert Burns,4,Jorge Masvidal,6,True,True,False,True,U-DEC
2023-04-08,UFC 287: Pereira vs. Adesanya 2,Women's Strawweight,Cynthia Calvillo,999,Loopy Godinez,999,False,False,False,False,S-DEC
2023-04-08,UFC 287: Pereira vs. Adesanya 2,Women's Strawweight,Michelle Waterson-Gomez,13,Luana Pinheiro,18,False,False,False,False,S-DEC
2023-04-08,UFC 287: Pereira vs. Adesanya 2,Middleweight,Chris Curtis,30,Kelvin Gastelum,999,False,False,False,False,U-DEC
2023-04-08,UFC 287: Pereira vs. Adesanya 2,Middleweight,Alex Pereira,4,Israel Adesanya,3,True,True,True,False,KO/TKO
2023-04-15,UFC Fight Night: Holloway vs. Allen,Bantamweight,Aaron Phillips,999,Gaston Bolanos,999,False,False,False,False,U-DEC
2023-04-15,UFC Fight Night: Holloway vs. Allen,Light Heavyweight,Zak Cummings,999,Ed Herman,999,False,False,False,False,KO/TKO
2023-04-15,UFC Fight Night: Holloway vs. Allen,Women's Strawweight,Bruna Brasil,999,Denise Gomes,29,False,False,False,False,KO/TKO
2023-04-15,UFC Fight Night: Holloway vs. Allen,Featherweight,Max Holloway,1,Arnold Allen,3,True,True,False,True,U-DEC
2023-04-15,UFC Fight Night: Holloway vs. Allen,Women's Strawweight,Gillian Robertson,999,Piera Rodriguez,17,False,False,False,False,SUB
2023-04-15,UFC Fight Night: Holloway vs. Allen,Light Heavyweight,Dustin Jacoby,13,Azamat Murzakanov,17,False,False,False,False,U-DEC
2023-04-15,UFC Fight Night: Holloway vs. Allen,Featherweight,Edson Barboza,23,Billy Quarantillo,11,False,False,False,False,KO/TKO
2023-04-15,UFC Fight Night: Holloway vs. Allen,Women's Bantamweight,Joselyne Edwards,8,Lucie Pudilova,16,False,True,False,False,S-DEC
2023-04-15,UFC Fight Night: Holloway vs. Allen,Light Heavyweight,Tanner Boser,999,Ion Cutelaba,24,False,False,False,False,KO/TKO
2023-04-15,UFC Fight Night: Holloway vs. Allen,Featherweight,Bill Algeo,27,TJ Brown,49,False,False,False,False,SUB
2023-04-15,UFC Fight Night: Holloway vs. Allen,Flyweight,Brandon Royval,25,Matheus Nicolau,12,False,False,False,False,KO/TKO
2023-04-15,UFC Fight Night: Holloway vs. Allen,Lightweight,Clay Guida,52,Rafa Garcia,40,False,False,False,False,U-DEC
2023-04-15,UFC Fight Night: Holloway vs. Allen,Lightweight,Lando Vannata,999,Daniel Zellhuber,85,False,False,False,False,U-DEC
2023-04-15,UFC Fight Night: Holloway vs. Allen,Bantamweight,Pedro Munhoz,25,Chris Gutierrez,8,False,False,False,False,U-DEC
2023-04-22,UFC Fight Night: Pavlovich vs. Blaydes,Bantamweight,Rani Yahya,32,Montel Jackson,13,False,False,False,False,KO/TKO
2023-04-22,UFC Fight Night: Pavlovich vs. Blaydes,Welterweight,Jeremiah Wells,13,Matthew Semelsberger,30,False,False,False,False,S-DEC
2023-04-22,UFC Fight Night: Pavlovich vs. Blaydes,Lightweight,Ricky Glenn,999,Christos Giagos,76,False,False,False,False,KO/TKO
2023-04-22,UFC Fight Night: Pavlovich vs. Blaydes,Women's Flyweight,Iasmin Lucindo,999,Brogan Walker,42,False,False,False,False,U-DEC
2023-04-22,UFC Fight Night: Pavlovich vs. Blaydes,Bantamweight,Brady Hiestand,63,Batgerel Danaa,27,False,False,False,False,KO/TKO
2023-04-22,UFC Fight Night: Pavlovich vs. Blaydes,Lightweight,King Green,11,Jared Gordon,16,False,True,False,False,NC
2023-04-22,UFC Fight Night: Pavlovich vs. Blaydes,Heavyweight,Sergei Pavlovich,5,Curtis Blaydes,2,True,True,False,True,KO/TKO
2023-04-22,UFC Fight Night: Pavlovich vs. Blaydes,Heavyweight,Mohammed Usman,31,Junior Tafa,999,False,False,False,False,U-DEC
2023-04-22,UFC Fight Night: Pavlovich vs. Blaydes,Featherweight,Francis Marshall,53,William Gomis,42,False,False,False,False,S-DEC
2023-04-22,UFC Fight Night: Pavlovich vs. Blaydes,Middleweight,Brad Tavares,26,Bruno Silva,999,False,False,False,False,KO/TKO
2023-04-29,UFC Fight Night: Song vs. Simon,Bantamweight,Song Yadong,9,Ricky Simon,10,True,True,False,True,KO/TKO
2023-04-29,UFC Fight Night: Song vs. Simon,Middleweight,Rodolfo Vieira,52,Cody Brundage,49,False,False,False,False,SUB
2023-04-29,UFC Fight Night: Song vs. Simon,Heavyweight,Martin Buday,23,Jake Collier,26,False,False,False,False,U-DEC
2023-04-29,UFC Fight Night: Song vs. Simon,Heavyweight,Marcos Rogerio de Lima,11,Waldo Cortes Acosta,19,False,False,False,False,U-DEC
2023-04-29,UFC Fight Night: Song vs. Simon,Welterweight,Josh Quinlan,999,Trey Waters,999,False,False,False,False,U-DEC
2023-04-29,UFC Fight Night: Song vs. Simon,Flyweight,Cody Durden,23,Charles Johnson,999,False,False,False,False,U-DEC
2023-04-29,UFC Fight Night: Song vs. Simon,Featherweight,Julian Erosa,46,Fernando Padilla,999,False,False,False,False,KO/TKO
2023-04-29,UFC Fight Night: Song vs. Simon,Women's Bantamweight,Hailey Cowan,999,Jamey-Lyn Horth,999,False,False,False,False,U-DEC
2023-04-29,UFC Fight Night: Song vs. Simon,Middleweight,Caio Borralho,25,Michal Oleksiejczuk,20,False,False,False,False,SUB
2023-04-29,UFC Fight Night: Song vs. Simon,Women's Bantamweight,Stephanie Egger,999,Irina Alekseeva,999,False,False,False,False,SUB
2023-05-06,UFC 288: Sterling vs. Cejudo,Featherweight,Movsar Evloev,2,Diego Lopes,999,False,False,False,False,U-DEC
2023-05-06,UFC 288: Sterling vs. Cejudo,Featherweight,Kron Gracie,999,Charles Jourdain,31,False,False,False,False,U-DEC
2023-05-06,UFC 288: Sterling vs. Cejudo,Women's Strawweight,Jessica Andrade,999,Yan Xiaonan,9,False,False,False,False,KO/TKO
2023-05-06,UFC 288: Sterling vs. Cejudo,Heavyweight,Braxton Smith,999,Parker Porter,41,False,False,False,False,KO/TKO
2023-05-06,UFC 288: Sterling vs. Cejudo,Lightweight,Drew Dober,15,Matt Frevola,42,False,False,False,False,KO/TKO
2023-05-06,UFC 288: Sterling vs. Cejudo,Welterweight,Khaos Williams,16,Rolando Bedoya,999,False,False,False,False,S-DEC
2023-05-06,UFC 288: Sterling vs. Cejudo,Women's Strawweight,Marina Rodriguez,4,Virna Jandiroba,14,False,True,False,False,U-DEC
2023-05-06,UFC 288: Sterling vs. Cejudo,Middleweight,Joseph Holmes,46,Claudio Ribeiro,54,False,False,False,False,KO/TKO
2023-05-06,UFC 288: Sterling vs. Cejudo,Light Heavyweight,Kennedy Nzechukwu,25,Devin Clark,27,False,False,False,False,SUB
2023-05-06,UFC 288: Sterling vs. Cejudo,Middleweight,Phil Hawes,16,Ikram Aliskerov,999,False,False,False,False,KO/TKO
2023-05-06,UFC 288: Sterling vs. Cejudo,Bantamweight,Aljamain Sterling,1,Henry Cejudo,999,False,False,True,False,S-DEC
2023-05-06,UFC 288: Sterling vs. Cejudo,Welterweight,Belal Muhammad,6,Gilbert Burns,4,True,True,False,True,U-DEC
2023-05-13,UFC Fight Night: Rozenstruik vs. Almeida,Heavyweight,Karl Williams,21,Chase Sherman,41,False,False,False,False,U-DEC
2023-05-13,UFC Fight Night: Rozenstruik vs. Almeida,Women's Flyweight,Ji Yeon Kim,999,Mandy Bohm,46,False,False,False,False,S-DEC
2023-05-13,UFC Fight Night: Rozenstruik vs. Almeida,Heavyweight,Jairzinho Rozenstruik,10,Jailton Almeida,7,True,True,False,True,SUB
2023-05-13,UFC Fight Night: Rozenstruik vs. Almeida,Welterweight,Bryan Battle,51,Gabe Green,66,False,False,False,False,KO/TKO
2023-05-13,UFC Fight Night: Rozenstruik vs. Almeida,Welterweight,Tim Means,28,Alex Morono,999,False,False,False,False,SUB
2023-05-13,UFC Fight Night: Rozenstruik vs. Almeida,Women's Bantamweight,Jessica-Rose Clark,21,Tainara Lisboa,999,False,False,False,False,SUB
2023-05-13,UFC Fight Night: Rozenstruik vs. Almeida,Welterweight,Daniel Rodriguez,12,Ian Machado Garry,26,False,False,False,False,KO/TKO
2023-05-13,UFC Fight Night: Rozenstruik vs. Almeida,Light Heavyweight,Anthony Smith,12,Johnny Walker,5,False,True,False,False,U-DEC
2023-05-13,UFC Fight Night: Rozenstruik vs. Almeida,Light Heavyweight,Carlos Ulberg,8,Ihor Potieria,32,False,False,False,False,KO/TKO
2023-05-13,UFC Fight Night: Rozenstruik vs. Almeida,Welterweight,Matt Brown,50,Court McGee,42,False,False,False,False,KO/TKO
2023-05-20,UFC Fight Night: Dern vs. Hill,Lightweight,Diego Ferreira,14,Michael Johnson,33,False,False,False,False,KO/TKO
2023-05-20,UFC Fight Night: Dern vs. Hill,Women's Strawweight,Karolina Kowalkiewicz,26,Vanessa Demopoulos,30,False,False,False,False,U-DEC
2023-05-20,UFC Fight Night: Dern vs. Hill,Middleweight,Edmen Shahbazyan,19,Anthony Hernandez,24,False,False,False,False,KO/TKO
2023-05-20,UFC Fight Night: Dern vs. Hill,Lightweight,Maheshate,65,Viacheslav Borshchev,90,False,False,False,False,KO/TKO
2023-05-20,UFC Fight Night: Dern vs. Hill,Welterweight,Andre Fialho,67,Joaquin Buckley,999,False,False,False,False,KO/TKO
2023-05-20,UFC Fight Night: Dern vs. Hill,Women's Flyweight,Natalia Silva,10,Victoria Leonardo,49,False,False,False,False,KO/TKO
2023-05-20,UFC Fight Night: Dern vs. Hill,Welterweight,Orion Cosce,77,Gilbert Urbina,999,False,False,False,False,KO/TKO
2023-05-20,UFC Fight Night: Dern vs. Hill,Welterweight,Takashi Sato,78,Themba Gorimbo,66,False,False,False,False,U-DEC
2023-05-20,UFC Fight Night: Dern vs. Hill,Women's Strawweight,Mackenzie Dern,15,Angela Hill,9,False,True,False,False,U-DEC
2023-05-20,UFC Fight Night: Dern vs. Hill,Lightweight,Chase Hooper,999,Nick Fiore,93,False,False,False,False,U-DEC
2023-05-20,UFC Fight Night: Dern vs. Hill,Heavyweight,Ilir Latifi,15,Rodrigo Nascimento,31,False,False,False,False,S-DEC
2023-06-03,UFC Fight Night: Kara-France vs. Albazi,Women's Flyweight,Karine Silva,27,Ketlen Souza,999,False,False,False,False,SUB
2023-06-03,UFC Fight Night: Kara-France vs. Albazi,Heavyweight,Andrei Arlovski,29,Don'Tale Mayes,35,False,False,False,False,KO/TKO
2023-06-03,UFC Fight Night: Kara-France vs. Albazi,Bantamweight,Da'Mon Blackshear,69,Luan Lacerda,60,False,False,False,False,KO/TKO
2023-06-03,UFC Fight Night: Kara-France vs. Albazi,Featherweight,Alex Caceres,12,Daniel Pineda,38,False,False,False,False,U-DEC
2023-06-03,UFC Fight Night: Kara-France vs. Albazi,Bantamweight,Daniel Santos,999,Johnny Munoz,55,False,False,False,False,U-DEC
2023-06-03,UFC Fight Night: Kara-France vs. Albazi,Flyweight,Tim Elliott,20,Victor Altamirano,16,False,False,False,False,U-DEC
2023-06-03,UFC Fight Night: Kara-France vs. Albazi,Light Heavyweight,Philipe Lins,25,Maxim Grishin,999,False,False,False,False,U-DEC
2023-06-03,UFC Fight Night: Kara-France vs. Albazi,Welterweight,Abubakar Nurmagomedov,60,Elizeu Zaleski dos Santos,999,False,False,False,False,S-DEC
2023-06-03,UFC Fight Night: Kara-France vs. Albazi,Lightweight,Jamie Mullarkey,25,Muhammad Naimov,999,False,False,False,False,KO/TKO
2023-06-03,UFC Fight Night: Kara-France vs. Albazi,Bantamweight,John Castaneda,999,Muin Gafurov,999,False,False,False,False,U-DEC
2023-06-03,UFC Fight Night: Kara-France vs. Albazi,Flyweight,Kai Kara-France,8,Amir Albazi,6,True,True,False,True,S-DEC
2023-06-03,UFC Fight Night: Kara-France vs. Albazi,Women's Strawweight,Elise Reed,33,Jinh Yu Frey,42,False,False,False,False,U-DEC
2023-06-03,UFC Fight Night: Kara-France vs. Albazi,Lightweight,Jim Miller,35,Jesse Butler,999,False,False,False,False,KO/TKO
2023-06-10,UFC 289: Nunes vs. Aldana,Women's Strawweight,Diana Belbita,33,Maria Oliveira,31,False,False,False,False,U-DEC
2023-06-10,UFC 289: Nunes vs. Aldana,Lightweight,Charles Oliveira,3,Beneil Dariush,4,True,True,False,True,KO/TKO
2023-06-10,UFC 289: Nunes vs. Aldana,Featherweight,Dan Ige,12,Nate Landwehr,36,False,False,False,False,U-DEC
2023-06-10,UFC 289: Nunes vs. Aldana,Women's Flyweight,Miranda Maverick,12,Jasmine Jasudavicius,34,False,False,False,False,U-DEC
2023-06-10,UFC 289: Nunes vs. Aldana,Middleweight,Marc-Andre Barriault,48,Eryk Anders,45,False,False,False,False,U-DEC
2023-06-10,UFC 289: Nunes vs. Aldana,Women's Bantamweight,Amanda Nunes,1,Irene Aldana,999,False,False,True,False,U-DEC
2023-06-10,UFC 289: Nunes vs. Aldana,Featherweight,Kyle Nelson,62,Blake Bilder,39,False,False,False,False,U-DEC
2023-06-10,UFC 289: Nunes vs. Aldana,Flyweight,David Dvorak,24,Steve Erceg,999,False,False,False,False,U-DEC
2023-06-10,UFC 289: Nunes vs. Aldana,Middleweight,Nassourdine Imavov,999,Chris Curtis,30,False,False,False,False,NC
2023-06-10,UFC 289: Nunes vs. Aldana,Bantamweight,Aiemann Zahabi,42,Aoriqileng,60,False,False,False,False,KO/TKO
2023-06-10,UFC 289: Nunes vs. Aldana,Welterweight,Mike Malott,35,Adam Fugitt,45,False,False,False,False,SUB
2023-06-17,UFC Fight Night: Vettori vs. Cannonier,Middleweight,Marvin Vettori,5,Jared Cannonier,8,True,True,False,True,U-DEC
2023-06-17,UFC Fight Night: Vettori vs. Cannonier,Middleweight,Armen Petrosyan,22,Christian Leroy Duncan,31,False,False,False,False,U-DEC
2023-06-17,UFC Fight Night: Vettori vs. Cannonier,Lightweight,Arman Tsarukyan,5,Joaquim Silva,79,False,False,False,False,KO/TKO
2023-06-17,UFC Fight Night: Vettori vs. Cannonier,Featherweight,Pat Sabatini,53,Lucas Almeida,31,False,False,False,False,SUB
2023-06-17,UFC Fight Night: Vettori vs. Cannonier,Bantamweight,Kyung Ho Kang,40,Cristian Quinonez,44,False,False,False,False,SUB
2023-06-17,UFC Fight Night: Vettori vs. Cannonier,Welterweight,Nicolas Dalby,31,Muslim Salikhov,25,False,False,False,False,U-DEC
2023-06-17,UFC Fight Night: Vettori vs. Cannonier,Light Heavyweight,Zac Pauga,29,Modestas Bukauskas,39,False,False,False,False,U-DEC
2023-06-17,UFC Fight Night: Vettori vs. Cannonier,Flyweight,Carlos Hernandez,39,Denys Bondar,34,False,False,False,False,U-DEC
2023-06-17,UFC Fight Night: Vettori vs. Cannonier,Lightweight,Manuel Torres,39,Nikolas Motta,61,False,False,False,False,KO/TKO
2023-06-17,UFC Fight Night: Vettori vs. Cannonier,Bantamweight,Dan Argueta,999,Ronnie Lawrence,55,False,False,False,False,NC
2023-06-17,UFC Fight Night: Vettori vs. Cannonier,Women's Flyweight,Tereza Bleda,36,Gabriella Fernandes,40,False,False,False,False,U-DEC
2023-06-17,UFC Fight Night: Vettori vs. Cannonier,Flyweight,Jimmy Flick,45,Alessandro Costa,37,False,False,False,False,KO/TKO
2023-06-24,UFC Fight Night: Emmett vs. Topuria,Women's Flyweight,Amanda Ribas,5,Maycee Barber,8,True,True,False,True,KO/TKO
2023-06-24,UFC Fight Night: Emmett vs. Topuria,Heavyweight,Austen Lane,999,Justin Tafa,24,False,False,False,False,NC
2023-06-24,UFC Fight Night: Emmett vs. Topuria,Welterweight,Randy Brown,23,Wellington Turman,999,False,False,False,False,U-DEC
2023-06-24,UFC Fight Night: Emmett vs. Topuria,Featherweight,David Onama,57,Gabriel Santos,54,False,False,False,False,KO/TKO
2023-06-24,UFC Fight Night: Emmett vs. Topuria,Middleweight,Cody Brundage,50,Sedriques Dumas,63,False,False,False,False,U-DEC
2023-06-24,UFC Fight Night: Emmett vs. Topuria,Lightweight,Mateusz Rebecki,37,Loik Radzhabov,70,False,False,False,False,KO/TKO
2023-06-24,UFC Fight Night: Emmett vs. Topuria,Middleweight,Brendan Allen,17,Bruno Silva,18,False,False,False,False,SUB
2023-06-24,UFC Fight Night: Emmett vs. Topuria,Women's Strawweight,Tabatha Ricci,12,Gillian Robertson,17,False,False,False,False,U-DEC
2023-06-24,UFC Fight Night: Emmett vs. Topuria,Flyweight,Zhalgas Zhumagulov,39,Joshua Van,999,False,False,False,False,S-DEC
2023-06-24,UFC Fight Night: Emmett vs. Topuria,Featherweight,Josh Emmett,21,Ilia Topuria,6,False,False,False,False,U-DEC
2023-06-24,UFC Fight Night: Emmett vs. Topuria,Welterweight,Neil Magny,16,Phil Rowe,62,False,False,False,False,S-DEC
2023-06-24,UFC Fight Night: Emmett vs. Topuria,Lightweight,Trevor Peek,41,Chepe Mariscal,999,False,False,False,False,U-DEC
2023-06-24,UFC Fight Night: Emmett vs. Topuria,Featherweight,Jamall Emmers,26,Jack Jenkins,38,False,False,False,False,S-DEC
2023-07-01,UFC Fight Night: Strickland vs. Magomedov,Welterweight,Max Griffin,16,Michael Morales,33,False,False,False,False,U-DEC
2023-07-01,UFC Fight Night: Strickland vs. Magomedov,Middleweight,Brunno Ferreira,27,Nursulton Ruziboev,999,False,False,False,False,KO/TKO
2023-07-01,UFC Fight Night: Strickland vs. Magomedov,Lightweight,Guram Kutateladze,65,Elves Brener,64,False,False,False,False,KO/TKO
2023-07-01,UFC Fight Night: Strickland vs. Magomedov,Lightweight,Damir Ismagulov,30,Grant Dawson,12,False,False,False,False,U-DEC
2023-07-01,UFC Fight Night: Strickland vs. Magomedov,Welterweight,Kevin Lee,999,Rinat Fakhretdinov,23,False,False,False,False,SUB
2023-07-01,UFC Fight Night: Strickland vs. Magomedov,Heavyweight,Alexandr Romanov,12,Blagoy Ivanov,19,False,False,False,False,U-DEC
2023-07-01,UFC Fight Night: Strickland vs. Magomedov,Lightweight,Ismael Bonfim,27,Benoit Saint Denis,39,False,False,False,False,SUB
2023-07-01,UFC Fight Night: Strickland vs. Magomedov,Women's Flyweight,Ivana Petrovic,999,Luana Carolina,39,False,False,False,False,U-DEC
2023-07-01,UFC Fight Night: Strickland vs. Magomedov,Women's Flyweight,Ariane da Silva,35,Melissa Gatto,18,False,False,False,False,S-DEC
2023-07-01,UFC Fight Night: Strickland vs. Magomedov,Middleweight,Sean Strickland,999,Abus Magomedov,22,False,False,False,False,KO/TKO
2023-07-01,UFC Fight Night: Strickland vs. Magomedov,Featherweight,Joanderson Brito,15,Westin Wilson,999,False,False,False,False,KO/TKO
2023-07-08,UFC 290: Volkanovski vs. Rodriguez,Flyweight,Brandon Moreno,1,Alexandre Pantoja,2,True,True,True,False,S-DEC
2023-07-08,UFC 290: Volkanovski vs. Rodriguez,Middleweight,Bo Nickal,45,Val Woodburn,999,False,False,False,False,KO/TKO
2023-07-08,UFC 290: Volkanovski vs. Rodriguez,Welterweight,Robbie Lawler,65,Niko Price,48,False,False,False,False,KO/TKO
2023-07-08,UFC 290: Volkanovski vs. Rodriguez,Flyweight,Shannon Ross,45,Jesus Aguilar,34,False,False,False,False,KO/TKO
2023-07-08,UFC 290: Volkanovski vs. Rodriguez,Featherweight,Alexander Volkanovski,999,Yair Rodriguez,9,False,False,True,False,KO/TKO
2023-07-08,UFC 290: Volkanovski vs. Rodriguez,Middleweight,Robert Whittaker,1,Dricus Du Plessis,2,True,True,False,True,KO/TKO
2023-07-08,UFC 290: Volkanovski vs. Rodriguez,Lightweight,Kamuela Kirk,999,Esteban Ribovics,73,False,False,False,False,U-DEC
2023-07-08,UFC 290: Volkanovski vs. Rodriguez,Light Heavyweight,Vitor Petrino,31,Marcin Prachnio,28,False,False,False,False,SUB
2023-07-08,UFC 290: Volkanovski vs. Rodriguez,Light Heavyweight,Jimmy Crute,17,Alonzo Menifield,11,False,False,False,False,SUB
2023-07-08,UFC 290: Volkanovski vs. Rodriguez,Lightweight,Jalin Turner,9,Dan Hooker,22,False,False,False,False,S-DEC
2023-07-08,UFC 290: Volkanovski vs. Rodriguez,Bantamweight,Cameron Saaiman,28,Terrence Mitchell,999,False,False,False,False,KO/TKO
2023-07-08,UFC 290: Volkanovski vs. Rodriguez,Women's Strawweight,Yazmin Jauregui,13,Denise Gomes,21,False,False,False,False,KO/TKO
2023-07-15,UFC Fight Night: Holm vs. Bueno Silva,Welterweight,Jack Della Maddalena,5,Bassil Hafez,999,False,False,False,False,S-DEC
2023-07-15,UFC Fight Night: Holm vs. Bueno Silva,Lightweight,Evan Elder,88,Genaro Valdez,101,False,False,False,False,U-DEC
2023-07-15,UFC Fight Night: Holm vs. Bueno Silva,Lightweight,Alexander Munoz,999,Carl Deaton,77,False,False,False,False,U-DEC
2023-07-15,UFC Fight Night: Holm vs. Bueno Silva,Middleweight,Albert Duraev,43,JunYong Park,21,False,False,False,False,SUB
2023-07-15,UFC Fight Night: Holm vs. Bueno Silva,Women's Bantamweight,Holly Holm,4,Mayra Bueno Silva,13,False,True,False,False,NC
2023-07-15,UFC Fight Night: Holm vs. Bueno Silva,Featherweight,Tucker Lutz,60,Melsik Baghdasaryan,29,False,False,False,False,U-DEC
2023-07-15,UFC Fight Night: Holm vs. Bueno Silva,Featherweight,Austin Lingo,69,Melquizael Costa,999,False,False,False,False,U-DEC
2023-07-15,UFC Fight Night: Holm vs. Bueno Silva,Lightweight,Ottman Azaitar,54,Francisco Prado,82,False,False,False,False,KO/TKO
2023-07-15,UFC Fight Night: Holm vs. Bueno Silva,Women's Bantamweight,Ashlee Evans-Smith,999,Ailin Perez,999,False,False,False,False,U-DEC
2023-07-15,UFC Fight Night: Holm vs. Bueno Silva,Flyweight,Tyson Nam,26,Azat Maksum,999,False,False,False,False,S-DEC
2023-07-15,UFC Fight Night: Holm vs. Bueno Silva,Lightweight,Nazim Sadykhov,78,Terrance McKinney,46,False,False,False,False,SUB
2023-07-15,UFC Fight Night: Holm vs. Bueno Silva,Women's Strawweight,Viktoriia Dudakova,999,Istela Nunes,37,False,False,False,False,KO/TKO
2023-07-22,UFC Fight Night: Aspinall vs. Tybura,Lightweight,Marc Diakiese,50,Joel Alvarez,23,False,False,False,False,SUB
2023-07-22,UFC Fight Night: Aspinall vs. Tybura,Featherweight,Lerone Murphy,31,Josh Culibao,35,False,False,False,False,U-DEC
2023-07-22,UFC Fight Night: Aspinall vs. Tybura,Women's Flyweight,Molly McCann,21,Julija Stoliarenko,999,False,False,False,False,SUB
2023-07-22,UFC Fight Night: Aspinall vs. Tybura,Middleweight,Paul Craig,999,Andre Muniz,15,False,False,False,False,KO/TKO
2023-07-22,UFC Fight Night: Aspinall vs. Tybura,Heavyweight,Mick Parkin,999,Jamal Pogues,29,False,False,False,False,U-DEC
2023-07-22,UFC Fight Night: Aspinall vs. Tybura,Middleweight,Makhmud Muradov,32,Bryan Barberena,999,False,False,False,False,U-DEC
2023-07-22,UFC Fight Night: Aspinall vs. Tybura,Heavyweight,Tom Aspinall,2,Marcin Tybura,12,False,True,False,False,KO/TKO
2023-07-22,UFC Fight Night: Aspinall vs. Tybura,Featherweight,Nathaniel Wood,15,Andre Fili,49,False,False,False,False,U-DEC
2023-07-22,UFC Fight Night: Aspinall vs. Tybura,Women's Bantamweight,Ketlen Vieira,12,Pannie Kianzad,5,False,True,False,False,U-DEC
2023-07-22,UFC Fight Night: Aspinall vs. Tybura,Lightweight,Chris Duncan,66,Yanal Ashmouz,34,False,False,False,False,U-DEC
2023-07-22,UFC Fight Night: Aspinall vs. Tybura,Bantamweight,Davey Grant,33,Daniel Marcos,39,False,False,False,False,S-DEC
2023-07-22,UFC Fight Night: Aspinall vs. Tybura,Lightweight,Jai Herbert,61,Fares Ziam,52,False,False,False,False,U-DEC
2023-07-22,UFC Fight Night: Aspinall vs. Tybura,Women's Strawweight,Shauna Bannon,999,Bruna Brasil,38,False,False,False,False,U-DEC
2023-07-22,UFC Fight Night: Aspinall vs. Tybura,Welterweight,Danny Roberts,78,Jonny Parsons,999,False,False,False,False,KO/TKO
2023-07-22,UFC Fight Night: Aspinall vs. Tybura,Flyweight,Jafel Filho,34,Daniel Barez,999,False,False,False,False,SUB
2023-07-29,UFC 291: Poirier vs. Gaethje 2,Welterweight,Matthew Semelsberger,32,Uros Medic,999,False,False,False,False,KO/TKO
2023-07-29,UFC 291: Poirier vs. Gaethje 2,Welterweight,Gabriel Bonfim,44,Trevin Giles,60,False,False,False,False,SUB
2023-07-29,UFC 291: Poirier vs. Gaethje 2,Middleweight,Roman Kopylov,23,Claudio Ribeiro,41,False,False,False,False,KO/TKO
2023-07-29,UFC 291: Poirier vs. Gaethje 2,Women's Flyweight,Miranda Maverick,17,Priscila Cachoeira,999,False,False,False,False,SUB
2023-07-29,UFC 291: Poirier vs. Gaethje 2,Welterweight,Jake Matthews,36,Darrius Flowers,999,False,False,False,False,SUB
2023-07-29,UFC 291: Poirier vs. Gaethje 2,Light Heavyweight,Jan Blachowicz,2,Alex Pereira,999,False,False,False,False,S-DEC
2023-07-29,UFC 291: Poirier vs. Gaethje 2,Lightweight,Dustin Poirier,3,Justin Gaethje,7,True,True,False,True,KO/TKO
2023-07-29,UFC 291: Poirier vs. Gaethje 2,Welterweight,Michael Chiesa,999,Kevin Holland,15,False,False,False,False,SUB
2023-07-29,UFC 291: Poirier vs. Gaethje 2,Flyweight,CJ Vergara,34,Vinicius Salvador,35,False,False,False,False,U-DEC
2023-07-29,UFC 291: Poirier vs. Gaethje 2,Heavyweight,Derrick Lewis,17,Marcos Rogerio de Lima,11,False,False,False,False,KO/TKO
2023-07-29,UFC 291: Poirier vs. Gaethje 2,Lightweight,Tony Ferguson,999,King Green,10,False,False,False,False,SUB
2023-08-05,UFC Fight Night: Sandhagen vs. Font,Featherweight,Billy Quarantillo,21,Damon Jackson,22,False,False,False,False,U-DEC
2023-08-05,UFC Fight Night: Sandhagen vs. Font,Light Heavyweight,Tanner Boser,28,Aleksa Camur,999,False,False,False,False,U-DEC
2023-08-05,UFC Fight Night: Sandhagen vs. Font,Light Heavyweight,Dustin Jacoby,15,Kennedy Nzechukwu,19,False,False,False,False,KO/TKO
2023-08-05,UFC Fight Night: Sandhagen vs. Font,Flyweight,Cody Durden,17,Jake Hadley,14,False,False,False,False,U-DEC
2023-08-05,UFC Fight Night: Sandhagen vs. Font,Featherweight,Sean Woodson,44,Dennis Buzukja,999,False,False,False,False,U-DEC
2023-08-05,UFC Fight Night: Sandhagen vs. Font,Lightweight,Ignacio Bahamondes,999,Ludovit Klein,57,False,False,False,False,U-DEC
2023-08-05,UFC Fight Night: Sandhagen vs. Font,Flyweight,Ode Osbourne,999,Asu Almabayev,999,False,False,False,False,SUB
2023-08-05,UFC Fight Night: Sandhagen vs. Font,Featherweight,Diego Lopes,56,Gavin Tucker,999,False,False,False,False,SUB
2023-08-05,UFC Fight Night: Sandhagen vs. Font,Welterweight,Jeremiah Wells,12,Carlston Harris,37,False,False,False,False,SUB
2023-08-05,UFC Fight Night: Sandhagen vs. Font,Bantamweight,Kyler Phillips,27,Raoni Barcelos,35,False,False,False,False,U-DEC
2023-08-05,UFC Fight Night: Sandhagen vs. Font,Women's Strawweight,Jessica Andrade,7,Tatiana Suarez,999,False,False,False,False,SUB
2023-08-12,UFC Fight Night: Luque vs. Dos Anjos,Featherweight,Cub Swanson,999,Hakeem Dawodu,26,False,False,False,False,U-DEC
2023-08-12,UFC Fight Night: Luque vs. Dos Anjos,Bantamweight,JP Buys,999,Marcus McGhee,999,False,False,False,False,KO/TKO
2023-08-12,UFC Fight Night: Luque vs. Dos Anjos,Middleweight,AJ Dobson,67,Tafon Nchukwi,999,False,False,False,False,U-DEC
2023-08-12,UFC Fight Night: Luque vs. Dos Anjos,Bantamweight,Da'Mon Blackshear,48,Jose Johnson,999,False,False,False,False,SUB
2023-08-12,UFC Fight Night: Luque vs. Dos Anjos,Featherweight,Francis Marshall,55,Isaac Dulgarian,999,False,False,False,False,KO/TKO
2023-08-12,UFC Fight Night: Luque vs. Dos Anjos,Lightweight,Terrance McKinney,55,Mike Breeden,86,False,False,False,False,KO/TKO
2023-08-12,UFC Fight Night: Luque vs. Dos Anjos,Middleweight,Josh Fremd,48,Jamie Pickett,70,False,False,False,False,U-DEC
2023-08-12,UFC Fight Night: Luque vs. Dos Anjos,Women's Strawweight,Polyana Viana,17,Iasmin Lucindo,999,False,False,False,False,SUB
2023-08-12,UFC Fight Night: Luque vs. Dos Anjos,Light Heavyweight,Khalil Rountree Jr.,25,Chris Daukaus,999,False,False,False,False,KO/TKO
2023-08-12,UFC Fight Night: Luque vs. Dos Anjos,Women's Strawweight,Jaqueline Amorim,35,Montserrat Conejo Ruiz,999,False,False,False,False,KO/TKO
2023-08-12,UFC Fight Night: Luque vs. Dos Anjos,Heavyweight,Josh Parisian,39,Martin Buday,21,False,False,False,False,SUB
2023-08-12,UFC Fight Night: Luque vs. Dos Anjos,Welterweight,Vicente Luque,18,Rafael Dos Anjos,13,False,False,False,False,U-DEC
2023-08-12,UFC Fight Night: Luque vs. Dos Anjos,Women's Flyweight,Juliana Miller,36,Luana Santos,999,False,False,False,False,KO/TKO
2023-08-19,UFC 292: Sterling vs. O'Malley,Middleweight,Chris Weidman,999,Brad Tavares,40,False,False,False,False,U-DEC
2023-08-19,UFC 292: Sterling vs. O'Malley,Bantamweight,Marlon Vera,18,Pedro Munhoz,24,False,False,False,False,U-DEC
2023-08-19,UFC 292: Sterling vs. O'Malley,Lightweight,Kurt Holobaugh,999,Austin Hubbard,999,False,False,False,False,SUB
2023-08-19,UFC 292: Sterling vs. O'Malley,Welterweight,Neil Magny,21,Ian Machado Garry,8,False,False,False,False,U-DEC
2023-08-19,UFC 292: Sterling vs. O'Malley,Women's Strawweight,Zhang Weili,1,Amanda Lemos,4,True,True,True,False,U-DEC
2023-08-19,UFC 292: Sterling vs. O'Malley,Women's Flyweight,Andrea Lee,10,Natalia Silva,6,True,True,False,True,U-DEC
2023-08-19,UFC 292: Sterling vs. O'Malley,Middleweight,Andre Petroski,26,Gerald Meerschaert,43,False,False,False,False,S-DEC
2023-08-19,UFC 292: Sterling vs. O'Malley,Bantamweight,Brad Katona,999,Cody Gibson,999,False,False,False,False,U-DEC
2023-08-19,UFC 292: Sterling vs. O'Malley,Bantamweight,Aljamain Sterling,1,Sean O'Malley,4,True,True,True,False,KO/TKO
2023-08-19,UFC 292: Sterling vs. O'Malley,Women's Flyweight,Karine Silva,15,Maryna Moroz,24,False,False,False,False,SUB
2023-08-19,UFC 292: Sterling vs. O'Malley,Middleweight,Gregory Rodrigues,18,Denis Tiuliulin,66,False,False,False,False,KO/TKO
2023-08-19,UFC 292: Sterling vs. O'Malley,Bantamweight,Da'Mon Blackshear,26,Mario Bautista,15,False,False,False,False,U-DEC
2023-08-26,UFC Fight Night: Holloway vs. The Korean Zombie,Women's Flyweight,Liang Na,999,JJ Aldrich,40,False,False,False,False,KO/TKO
2023-08-26,UFC Fight Night: Holloway vs. The Korean Zombie,Middleweight,Chidi Njokuani,41,Michal Oleksiejczuk,33,False,False,False,False,KO/TKO
2023-08-26,UFC Fight Night: Holloway vs. The Korean Zombie,Bantamweight,Toshiomi Kazama,83,Garrett Armfield,999,False,False,False,False,KO/TKO
2023-08-26,UFC Fight Night: Holloway vs. The Korean Zombie,Women's Flyweight,Erin Blanchfield,2,Taila Santos,4,True,True,False,True,U-DEC
2023-08-26,UFC Fight Night: Holloway vs. The Korean Zombie,Featherweight,Max Holloway,2,Chan Sung Jung,8,True,True,False,True,KO/TKO
2023-08-26,UFC Fight Night: Holloway vs. The Korean Zombie,Welterweight,Billy Ray Goff,999,Yusaku Kinoshita,85,False,False,False,False,KO/TKO
2023-08-26,UFC Fight Night: Holloway vs. The Korean Zombie,Featherweight,SeungWoo Choi,56,Jarno Errens,65,False,False,False,False,U-DEC
2023-08-26,UFC Fight Night: Holloway vs. The Korean Zombie,Heavyweight,Waldo Cortes Acosta,14,Lukasz Brzeski,33,False,False,False,False,KO/TKO
2023-08-26,UFC Fight Night: Holloway vs. The Korean Zombie,Light Heavyweight,Anthony Smith,16,Ryan Spann,999,False,False,False,False,S-DEC
2023-08-26,UFC Fight Night: Holloway vs. The Korean Zombie,Welterweight,Song Kenan,67,Rolando Bedoya,53,False,False,False,False,U-DEC
2023-08-26,UFC Fight Night: Holloway vs. The Korean Zombie,Featherweight,Giga Chikadze,999,Alex Caceres,11,False,False,False,False,U-DEC
2023-08-26,UFC Fight Night: Holloway vs. The Korean Zombie,Bantamweight,Rinya Nakamura,29,Fernie Garcia,79,False,False,False,False,U-DEC
2023-08-26,UFC Fight Night: Holloway vs. The Korean Zombie,Heavyweight,Junior Tafa,29,Parker Porter,32,False,False,False,False,KO/TKO
2023-09-02,UFC Fight Night: Gane vs. Spivac,Featherweight,Morgan Charriere,999,Manolo Zecchini,999,False,False,False,False,KO/TKO
2023-09-02,UFC Fight Night: Gane vs. Spivac,Bantamweight,Taylor Lapilus,999,Caolan Loughran,999,False,False,False,False,U-DEC
2023-09-02,UFC Fight Night: Gane vs. Spivac,Welterweight,Ange Loosa,61,Rhys McKee,999,False,False,False,False,U-DEC
2023-09-02,UFC Fight Night: Gane vs. Spivac,Featherweight,William Gomis,45,Yanis Ghemmouri,999,False,False,False,False,KO/TKO
2023-09-02,UFC Fight Night: Gane vs. Spivac,Women's Flyweight,Manon Fiorot,3,Rose Namajunas,999,False,False,False,False,U-DEC
2023-09-02,UFC Fight Night: Gane vs. Spivac,Light Heavyweight,Volkan Oezdemir,8,Bogdan Guskov,999,False,False,False,False,SUB
2023-09-02,UFC Fight Night: Gane vs. Spivac,Bantamweight,Farid Basharat,55,Kleydson Rodrigues,999,False,False,False,False,SUB
2023-09-02,UFC Fight Night: Gane vs. Spivac,Lightweight,Benoit Saint Denis,21,Thiago Moises,44,False,False,False,False,KO/TKO
2023-09-02,UFC Fight Night: Gane vs. Spivac,Women's Bantamweight,Nora Cornolle,999,Joselyne Edwards,8,False,False,False,False,U-DEC
2023-09-02,UFC Fight Night: Gane vs. Spivac,Heavyweight,Ciryl Gane,3,Serghei Spivac,8,True,True,False,True,KO/TKO
2023-09-09,UFC 293: Adesanya vs. Strickland,Featherweight,Jack Jenkins,39,Chepe Mariscal,999,False,False,False,False,KO/TKO
2023-09-09,UFC 293: Adesanya vs. Strickland,Lightweight,Jamie Mullarkey,37,John Makdessi,35,False,False,False,False,U-DEC
2023-09-09,UFC 293: Adesanya vs. Strickland,Flyweight,Manel Kape,3,Felipe dos Santos,999,False,False,False,False,U-DEC
2023-09-09,UFC 293: Adesanya vs. Strickland,Light Heavyweight,Tyson Pedro,30,Anton Turkalj,43,False,False,False,False,KO/TKO
2023-09-09,UFC 293: Adesanya vs. Strickland,Welterweight,Blood Diamond,81,Charles Radtke,999,False,False,False,False,U-DEC
2023-09-09,UFC 293: Adesanya vs. Strickland,Featherweight,Shane Young,80,Gabriel Miranda,999,False,False,False,False,SUB
2023-09-09,UFC 293: Adesanya vs. Strickland,Welterweight,Kevin Jousset,999,Kiefer Crosbie,999,False,False,False,False,SUB
2023-09-09,UFC 293: Adesanya vs. Strickland,Middleweight,Israel Adesanya,2,Sean Strickland,5,True,True,True,False,U-DEC
2023-09-09,UFC 293: Adesanya vs. Strickland,Light Heavyweight,Carlos Ulberg,7,Da Woon Jung,23,False,False,False,False,SUB
2023-09-09,UFC 293: Adesanya vs. Strickland,Lightweight,Nasrat Haqparast,50,Landon Quinones,999,False,False,False,False,U-DEC
2023-09-09,UFC 293: Adesanya vs. Strickland,Heavyweight,Tai Tuivasa,12,Alexander Volkov,5,False,True,False,False,SUB
2023-09-09,UFC 293: Adesanya vs. Strickland,Heavyweight,Justin Tafa,24,Austen Lane,999,False,False,False,False,KO/TKO
2023-09-16,Noche UFC: Grasso vs. Shevchenko 2,Women's Strawweight,Josefine Knutsson,999,Marnic Mann,999,False,False,False,False,U-DEC
2023-09-16,Noche UFC: Grasso vs. Shevchenko 2,Lightweight,Daniel Zellhuber,56,Christos Giagos,45,False,False,False,False,SUB
2023-09-16,Noche UFC: Grasso vs. Shevchenko 2,Lightweight,Alex Reyes,999,Charlie Campbell,999,False,False,False,False,KO/TKO
2023-09-16,Noche UFC: Grasso vs. Shevchenko 2,Flyweight,Edgar Chairez,999,Daniel Lacerda,51,False,False,False,False,NC
2023-09-16,Noche UFC: Grasso vs. Shevchenko 2,Welterweight,Kevin Holland,10,Jack Della Maddalena,5,True,True,False,True,S-DEC
2023-09-16,Noche UFC: Grasso vs. Shevchenko 2,Women's Strawweight,Loopy Godinez,999,Elise Reed,35,False,False,False,False,SUB
2023-09-16,Noche UFC: Grasso vs. Shevchenko 2,Middleweight,Roman Kopylov,22,Josh Fremd,48,False,False,False,False,KO/TKO
2023-09-16,Noche UFC: Grasso vs. Shevchenko 2,Featherweight,Fernando Padilla,29,Kyle Nelson,55,False,False,False,False,U-DEC
2023-09-16,Noche UFC: Grasso vs. Shevchenko 2,Women's Flyweight,Alexa Grasso,9,Valentina Shevchenko,1,True,True,True,False,S-DEC
2023-09-16,Noche UFC: Grasso vs. Shevchenko 2,Women's Flyweight,Tracy Cortez,13,Jasmine Jasudavicius,19,False,False,False,False,U-DEC
2023-09-16,Noche UFC: Grasso vs. Shevchenko 2,Bantamweight,Raul Rosas Jr.,59,Terrence Mitchell,72,False,False,False,False,KO/TKO
2023-09-23,UFC Fight Night: Fiziev vs. Gamrot,Women's Bantamweight,Tamires Vidal,12,Montse Rendon,999,False,False,False,False,S-DEC
2023-09-23,UFC Fight Night: Fiziev vs. Gamrot,Middleweight,Jacob Malkoun,16,Cody Brundage,58,False,False,False,False,DQ
2023-09-23,UFC Fight Night: Fiziev vs. Gamrot,Lightweight,Rafael Fiziev,13,Mateusz Gamrot,10,False,True,False,False,KO/TKO
2023-09-23,UFC Fight Night: Fiziev vs. Gamrot,Heavyweight,Mohammed Usman,26,Jake Collier,25,False,False,False,False,U-DEC
2023-09-23,UFC Fight Night: Fiziev vs. Gamrot,Featherweight,Ricardo Ramos,46,Charles Jourdain,25,False,False,False,False,SUB
2023-09-23,UFC Fight Night: Fiziev vs. Gamrot,Women's Strawweight,Mizuki,999,Hannah Goldy,999,False,False,False,False,U-DEC
2023-09-23,UFC Fight Night: Fiziev vs. Gamrot,Welterweight,Tim Means,31,Andre Fialho,78,False,False,False,False,KO/TKO
2023-09-23,UFC Fight Night: Fiziev vs. Gamrot,Bantamweight,Dan Argueta,999,Miles Johns,52,False,False,False,False,NC
2023-09-23,UFC Fight Night: Fiziev vs. Gamrot,Welterweight,Bryan Battle,39,AJ Fletcher,75,False,False,False,False,SUB
2023-09-23,UFC Fight Night: Fiziev vs. Gamrot,Women's Strawweight,Marina Rodriguez,12,Michelle Waterson-Gomez,17,False,False,False,False,KO/TKO
2023-09-23,UFC Fight Night: Fiziev vs. Gamrot,Featherweight,Bryce Mitchell,10,Dan Ige,11,True,True,False,True,U-DEC
2023-10-07,UFC Fight Night: Dawson vs. Green,Lightweight,Grant Dawson,9,King Green,7,True,True,False,True,KO/TKO
2023-10-07,UFC Fight Night: Dawson vs. Green,Women's Strawweight,Vanessa Demopoulos,44,Kanako Murata,999,False,False,False,False,U-DEC
2023-10-07,UFC Fight Night: Dawson vs. Green,Lightweight,Drew Dober,32,Ricky Glenn,67,False,False,False,False,KO/TKO
2023-10-07,UFC Fight Night: Dawson vs. Green,Featherweight,Alexander Hernandez,999,Bill Algeo,22,False,False,False,False,U-DEC
2023-10-07,UFC Fight Night: Dawson vs. Green,Women's Strawweight,Karolina Kowalkiewicz,20,Diana Belbita,31,False,False,False,False,U-DEC
2023-10-07,UFC Fight Night: Dawson vs. Green,Women's Flyweight,Montana De La Rosa,30,JJ Aldrich,33,False,False,False,False,U-DEC
2023-10-07,UFC Fight Night: Dawson vs. Green,Bantamweight,Aoriqileng,73,Johnny Munoz,71,False,False,False,False,U-DEC
2023-10-07,UFC Fight Night: Dawson vs. Green,Middleweight,Joe Pyfer,38,Abdul Razak Alhassan,40,False,False,False,False,SUB
2023-10-07,UFC Fight Night: Dawson vs. Green,Welterweight,Alex Morono,36,Joaquin Buckley,42,False,False,False,False,U-DEC
2023-10-07,UFC Fight Night: Dawson vs. Green,Flyweight,Nate Maness,43,Mateus Mendonca,999,False,False,False,False,KO/TKO
2023-10-14,UFC Fight Night: Yusuff vs. Barboza,Bantamweight,Christian Rodriguez,42,Cameron Saaiman,18,False,False,False,False,U-DEC
2023-10-14,UFC Fight Night: Yusuff vs. Barboza,Bantamweight,Jonathan Martinez,16,Adrian Yanez,19,False,False,False,False,KO/TKO
2023-10-14,UFC Fight Night: Yusuff vs. Barboza,Women's Bantamweight,Irina Alekseeva,5,Melissa Mullins,999,False,False,False,False,U-DEC
2023-10-14,UFC Fight Night: Yusuff vs. Barboza,Featherweight,Darren Elkins,51,TJ Brown,66,False,False,False,False,SUB
2023-10-14,UFC Fight Night: Yusuff vs. Barboza,Women's Bantamweight,Tainara Lisboa,15,Ravena Oliveira,999,False,False,False,False,U-DEC
2023-10-14,UFC Fight Night: Yusuff vs. Barboza,Middleweight,Andre Petroski,33,Michel Pereira,999,False,False,False,False,KO/TKO
2023-10-14,UFC Fight Night: Yusuff vs. Barboza,Women's Flyweight,Jennifer Maia,17,Viviane Araujo,22,False,False,False,False,U-DEC
2023-10-14,UFC Fight Night: Yusuff vs. Barboza,Lightweight,Terrance McKinney,38,Brendon Marotte,999,False,False,False,False,KO/TKO
2023-10-14,UFC Fight Night: Yusuff vs. Barboza,Featherweight,Sodiq Yusuff,6,Edson Barboza,17,False,False,False,False,U-DEC
2023-10-14,UFC Fight Night: Yusuff vs. Barboza,Women's Strawweight,Ashley Yoder,999,Emily Ducote,999,False,False,False,False,U-DEC
2023-10-14,UFC Fight Night: Yusuff vs. Barboza,Bantamweight,Chris Gutierrez,7,Alatengheili,39,False,False,False,False,U-DEC
2023-10-21,UFC 294: Makhachev vs. Volkanovski 2,Bantamweight,Javid Basharat,14,Victor Henry,20,False,False,False,False,NC
2023-10-21,UFC 294: Makhachev vs. Volkanovski 2,Lightweight,Islam Makhachev,1,Alexander Volkanovski,999,False,False,True,False,KO/TKO
2023-10-21,UFC 294: Makhachev vs. Volkanovski 2,Women's Strawweight,Viktoriia Dudakova,20,Jinh Yu Frey,50,False,False,False,False,U-DEC
2023-10-21,UFC 294: Makhachev vs. Volkanovski 2,Lightweight,Mohammad Yahya,999,Trevor Peek,75,False,False,False,False,U-DEC
2023-10-21,UFC 294: Makhachev vs. Volkanovski 2,Middleweight,Abu Azaitar,999,Sedriques Dumas,58,False,False,False,False,U-DEC
2023-10-21,UFC 294: Makhachev vs. Volkanovski 2,Middleweight,Shara Magomedov,999,Bruno Silva,31,False,False,False,False,U-DEC
2023-10-21,UFC 294: Makhachev vs. Volkanovski 2,Middleweight,Ikram Aliskerov,26,Warlley Alves,999,False,False,False,False,KO/TKO
2023-10-21,UFC 294: Makhachev vs. Volkanovski 2,Lightweight,Mike Breeden,99,Anshul Jubli,41,False,False,False,False,KO/TKO
2023-10-21,UFC 294: Makhachev vs. Volkanovski 2,Light Heavyweight,Magomed Ankalaev,1,Johnny Walker,4,True,True,False,True,NC
2023-10-21,UFC 294: Makhachev vs. Volkanovski 2,Featherweight,Nathaniel Wood,16,Muhammad Naimov,999,False,False,False,False,U-DEC
2023-10-21,UFC 294: Makhachev vs. Volkanovski 2,Flyweight,Tim Elliott,11,Muhammad Mokaev,5,True,True,False,True,SUB
2023-10-21,UFC 294: Makhachev vs. Volkanovski 2,Bantamweight,Said Nurmagomedov,9,Muin Gafurov,57,False,False,False,False,SUB
2023-10-21,UFC 294: Makhachev vs. Volkanovski 2,Middleweight,Kamaru Usman,999,Khamzat Chimaev,999,False,False,False,False,M-DEC
2023-11-04,UFC Fight Night: Almeida vs. Lewis,Heavyweight,Rodrigo Nascimento,23,Don'Tale Mayes,30,False,False,False,False,U-DEC
2023-11-04,UFC Fight Night: Almeida vs. Lewis,Welterweight,Gabriel Bonfim,28,Nicolas Dalby,19,False,False,False,False,KO/TKO
2023-11-04,UFC Fight Night: Almeida vs. Lewis,Lightweight,Kaue Fernandes,999,Marc Diakiese,58,False,False,False,False,S-DEC
2023-11-04,UFC Fight Night: Almeida vs. Lewis,Light Heavyweight,Vitor Petrino,30,Modestas Bukauskas,37,False,False,False,False,KO/TKO
2023-11-04,UFC Fight Night: Almeida vs. Lewis,Middleweight,Caio Borralho,18,Abus Magomedov,40,False,False,False,False,U-DEC
2023-11-04,UFC Fight Night: Almeida vs. Lewis,Women's Strawweight,Angela Hill,16,Denise Gomes,4,False,True,False,False,U-DEC
2023-11-04,UFC Fight Night: Almeida vs. Lewis,Women's Strawweight,Eduarda Moura,999,Montserrat Conejo Ruiz,50,False,False,False,False,KO/TKO
2023-11-04,UFC Fight Night: Almeida vs. Lewis,Heavyweight,Jailton Almeida,6,Derrick Lewis,11,True,True,False,True,U-DEC
2023-11-04,UFC Fight Night: Almeida vs. Lewis,Welterweight,Rinat Fakhretdinov,7,Elizeu Zaleski dos Santos,27,False,False,False,False,M-DEC
2023-11-11,UFC 295: Prochazka vs. Pereira,Featherweight,Diego Lopes,39,Pat Sabatini,38,False,False,False,False,KO/TKO
2023-11-11,UFC 295: Prochazka vs. Pereira,Featherweight,Dennis Buzukja,76,Jamall Emmers,35,False,False,False,False,KO/TKO
2023-11-11,UFC 295: Prochazka vs. Pereira,Lightweight,Mateusz Rebecki,18,Roosevelt Roberts,999,False,False,False,False,SUB
2023-11-11,UFC 295: Prochazka vs. Pereira,Lightweight,Jared Gordon,17,Mark Madsen,46,False,False,False,False,KO/TKO
2023-11-11,UFC 295: Prochazka vs. Pereira,Flyweight,Steve Erceg,25,Alessandro Costa,21,False,False,False,False,U-DEC
2023-11-11,UFC 295: Prochazka vs. Pereira,Women's Strawweight,Jessica Andrade,13,Mackenzie Dern,10,False,True,False,False,KO/TKO
2023-11-11,UFC 295: Prochazka vs. Pereira,Lightweight,Nazim Sadykhov,71,Viacheslav Borshchev,53,False,False,False,False,M-DEC
2023-11-11,UFC 295: Prochazka vs. Pereira,Flyweight,Joshua Van,27,Kevin Borjas,999,False,False,False,False,U-DEC
2023-11-11,UFC 295: Prochazka vs. Pereira,Lightweight,Matt Frevola,21,Benoit Saint Denis,11,False,False,False,False,KO/TKO
2023-11-11,UFC 295: Prochazka vs. Pereira,Women's Strawweight,Tabatha Ricci,8,Loopy Godinez,7,True,True,False,True,S-DEC
2023-11-11,UFC 295: Prochazka vs. Pereira,Light Heavyweight,Jiri Prochazka,9,Alex Pereira,2,True,True,True,False,KO/TKO
2023-11-11,UFC 295: Prochazka vs. Pereira,Heavyweight,Sergei Pavlovich,1,Tom Aspinall,3,True,True,True,False,KO/TKO
2023-11-18,UFC Fight Night: Allen vs. Craig,Middleweight,Christian Leroy Duncan,46,Denis Tiuliulin,74,False,False,False,False,KO/TKO
2023-11-18,UFC Fight Night: Allen vs. Craig,Bantamweight,Payton Talbott,999,Nick Aguirre,999,False,False,False,False,SUB
2023-11-18,UFC Fight Night: Allen vs. Craig,Heavyweight,Mick Parkin,20,Caio Machado,999,False,False,False,False,U-DEC
2023-11-18,UFC Fight Night: Allen vs. Craig,Lightweight,Chase Hooper,70,Jordan Leavitt,35,False,False,False,False,SUB
2023-11-18,UFC Fight Night: Allen vs. Craig,Featherweight,Jonathan Pearce,11,Joanderson Brito,6,True,True,False,True,SUB
2023-11-18,UFC Fight Night: Allen vs. Craig,Women's Bantamweight,Lucie Pudilova,17,Ailin Perez,8,False,False,False,False,U-DEC
2023-11-18,UFC Fight Night: Allen vs. Craig,Lightweight,Trey Ogden,999,Nikolas Motta,82,False,False,False,False,NC
2023-11-18,UFC Fight Night: Allen vs. Craig,Welterweight,Michael Morales,16,Jake Matthews,29,False,False,False,False,U-DEC
2023-11-18,UFC Fight Night: Allen vs. Craig,Middleweight,Brendan Allen,14,Paul Craig,24,False,False,False,False,SUB
2023-11-18,UFC Fight Night: Allen vs. Craig,Flyweight,Charles Johnson,33,Rafael Estevam,999,False,False,False,False,U-DEC
2023-11-18,UFC Fight Night: Allen vs. Craig,Welterweight,Uros Medic,37,Myktybek Orolbai,999,False,False,False,False,SUB
2023-11-18,UFC Fight Night: Allen vs. Craig,Women's Strawweight,Luana Pinheiro,19,Amanda Ribas,999,False,False,False,False,KO/TKO
2023-11-18,UFC Fight Night: Allen vs. Craig,Bantamweight,Chad Anheliger,60,Jose Johnson,72,False,False,False,False,SUB
2023-11-18,UFC Fight Night: Allen vs. Craig,Featherweight,Jeka Saragih,999,Lucas Alexander,50,False,False,False,False,KO/TKO
2023-12-02,UFC Fight Night: Dariush vs. Tsarukyan,Middleweight,Punahele Soriano,55,Dustin Stoltzfus,72,False,False,False,False,SUB
2023-12-02,UFC Fight Night: Dariush vs. Tsarukyan,Middleweight,Zach Reese,999,Cody Brundage,57,False,False,False,False,KO/TKO
2023-12-02,UFC Fight Night: Dariush vs. Tsarukyan,Lightweight,Jalin Turner,12,King Green,4,False,True,False,False,KO/TKO
2023-12-02,UFC Fight Night: Dariush vs. Tsarukyan,Light Heavyweight,Rodolfo Bellato,999,Ihor Potieria,36,False,False,False,False,KO/TKO
2023-12-02,UFC Fight Night: Dariush vs. Tsarukyan,Lightweight,Clay Guida,72,Joaquim Silva,78,False,False,False,False,U-DEC
2023-12-02,UFC Fight Night: Dariush vs. Tsarukyan,Bantamweight,Rob Font,999,Deiveson Figueiredo,999,False,False,False,False,U-DEC
2023-12-02,UFC Fight Night: Dariush vs. Tsarukyan,Welterweight,Wellington Turman,69,Jared Gooden,66,False,False,False,False,SUB
2023-12-02,UFC Fight Night: Dariush vs. Tsarukyan,Welterweight,Sean Brady,12,Kelvin Gastelum,999,False,False,False,False,SUB
2023-12-02,UFC Fight Night: Dariush vs. Tsarukyan,Women's Bantamweight,Miesha Tate,999,Julia Avila,999,False,False,False,False,SUB
2023-12-02,UFC Fight Night: Dariush vs. Tsarukyan,Lightweight,Beneil Dariush,8,Arman Tsarukyan,6,True,True,False,True,KO/TKO
2023-12-02,UFC Fight Night: Dariush vs. Tsarukyan,Lightweight,Drakkar Klose,25,Joe Solecki,27,False,False,False,False,KO/TKO
2023-12-02,UFC Fight Night: Dariush vs. Tsarukyan,Women's Flyweight,Veronica Hardy,26,Jamey-Lyn Horth,999,False,False,False,False,S-DEC
2023-12-09,UFC Fight Night: Song vs. Gutierrez,Middleweight,JunYong Park,19,Andre Muniz,27,False,False,False,False,S-DEC
2023-12-09,UFC Fight Night: Song vs. Gutierrez,Flyweight,HyunSung Park,20,Shannon Ross,48,False,False,False,False,KO/TKO
2023-12-09,UFC Fight Night: Song vs. Gutierrez,Welterweight,Song Kenan,61,Kevin Jousset,62,False,False,False,False,U-DEC
2023-12-09,UFC Fight Night: Song vs. Gutierrez,Women's Bantamweight,Luana Santos,999,Stephanie Egger,18,False,False,False,False,U-DEC
2023-12-09,UFC Fight Night: Song vs. Gutierrez,Lightweight,Steve Garcia,999,Melquizael Costa,999,False,False,False,False,KO/TKO
2023-12-09,UFC Fight Night: Song vs. Gutierrez,Flyweight,Tatsuro Taira,999,Carlos Hernandez,30,False,False,False,False,KO/TKO
2023-12-09,UFC Fight Night: Song vs. Gutierrez,Light Heavyweight,Anthony Smith,12,Khalil Rountree Jr.,18,False,False,False,False,KO/TKO
2023-12-09,UFC Fight Night: Song vs. Gutierrez,Lightweight,Nasrat Haqparast,41,Jamie Mullarkey,32,False,False,False,False,KO/TKO
2023-12-09,UFC Fight Night: Song vs. Gutierrez,Women's Strawweight,Rayanne dos Santos,999,Talita Alencar,999,False,False,False,False,S-DEC
2023-12-09,UFC Fight Night: Song vs. Gutierrez,Bantamweight,Song Yadong,5,Chris Gutierrez,6,True,True,False,True,U-DEC
2023-12-09,UFC Fight Night: Song vs. Gutierrez,Bantamweight,Tim Elliott,999,Sumudaerji,999,False,False,False,False,SUB
2023-12-16,UFC 296: Edwards vs. Covington,Welterweight,Shavkat Rakhmonov,1,Stephen Thompson,9,True,True,False,True,SUB
2023-12-16,UFC 296: Edwards vs. Covington,Featherweight,Josh Emmett,30,Bryce Mitchell,5,False,False,False,False,KO/TKO
2023-12-16,UFC 296: Edwards vs. Covington,Welterweight,Leon Edwards,10,Colby Covington,999,False,False,True,False,U-DEC
2023-12-16,UFC 296: Edwards vs. Covington,Flyweight,Alexandre Pantoja,2,Brandon Royval,10,True,True,True,False,U-DEC
2023-12-16,UFC 296: Edwards vs. Covington,Flyweight,Tagir Ulanbekov,14,Cody Durden,9,False,True,False,False,SUB
2023-12-16,UFC 296: Edwards vs. Covington,Light Heavyweight,Alonzo Menifield,14,Dustin Jacoby,8,False,True,False,False,U-DEC
2023-12-16,UFC 296: Edwards vs. Covington,Women's Bantamweight,Irene Aldana,7,Karol Rosa,999,False,False,False,False,U-DEC
2023-12-16,UFC 296: Edwards vs. Covington,Featherweight,Andre Fili,56,Lucas Almeida,65,False,False,False,False,KO/TKO
2023-12-16,UFC 296: Edwards vs. Covington,Lightweight,Tony Ferguson,34,Paddy Pimblett,30,False,False,False,False,U-DEC
2023-12-16,UFC 296: Edwards vs. Covington,Women's Flyweight,Casey O'Neill,12,Ariane da Silva,32,False,False,False,False,SUB
2023-12-16,UFC 296: Edwards vs. Covington,Bantamweight,Cody Garbrandt,46,Brian Kelleher,74,False,False,False,False,KO/TKO
2023-12-16,UFC 296: Edwards vs. Covington,Heavyweight,Martin Buday,16,Shamil Gaziev,999,False,False,False,False,KO/TKO
2024-01-13,UFC Fight Night: Ankalaev vs. Walker 2,Bantamweight,Marcus McGhee,43,Gaston Bolanos,46,False,False,False,False,KO/TKO
2024-01-13,UFC Fight Night: Ankalaev vs. Walker 2,Featherweight,Westin Wilson,68,Jean Silva,999,False,False,False,False,KO/TKO
2024-01-13,UFC Fight Night: Ankalaev vs. Walker 2,Bantamweight,Farid Basharat,35,Taylor Lapilus,45,False,False,False,False,U-DEC
2024-01-13,UFC Fight Night: Ankalaev vs. Walker 2,Lightweight,Nikolas Motta,83,Tom Nolan,999,False,False,False,False,KO/TKO
2024-01-13,UFC Fight Night: Ankalaev vs. Walker 2,Welterweight,Matthew Semelsberger,40,Preston Parsons,54,False,False,False,False,U-DEC
2024-01-13,UFC Fight Night: Ankalaev vs. Walker 2,Lightweight,Jim Miller,23,Gabriel Benitez,45,False,False,False,False,SUB
2024-01-13,UFC Fight Night: Ankalaev vs. Walker 2,Heavyweight,Andrei Arlovski,32,Waldo Cortes Acosta,13,False,False,False,False,U-DEC
2024-01-13,UFC Fight Night: Ankalaev vs. Walker 2,Bantamweight,Ricky Simon,16,Mario Bautista,20,False,False,False,False,U-DEC
2024-01-13,UFC Fight Night: Ankalaev vs. Walker 2,Middleweight,Phil Hawes,38,Brunno Ferreira,54,False,False,False,False,KO/TKO
2024-01-13,UFC Fight Night: Ankalaev vs. Walker 2,Light Heavyweight,Magomed Ankalaev,1,Johnny Walker,4,True,True,False,True,KO/TKO
2024-01-13,UFC Fight Night: Ankalaev vs. Walker 2,Flyweight,Joshua Van,11,Felipe Bunes,999,False,False,False,False,KO/TKO
2024-01-20,UFC 297: Strickland vs. Du Plessis,Middleweight,Sean Strickland,5,Dricus Du Plessis,1,True,True,True,False,S-DEC
2024-01-20,UFC 297: Strickland vs. Du Plessis,Featherweight,Arnold Allen,4,Movsar Evloev,2,True,True,False,True,U-DEC
2024-01-20,UFC 297: Strickland vs. Du Plessis,Featherweight,Charles Jourdain,25,Sean Woodson,37,False,False,False,False,S-DEC
2024-01-20,UFC 297: Strickland vs. Du Plessis,Bantamweight,Serhiy Sidey,999,Ramon Taveras,999,False,False,False,False,S-DEC
2024-01-20,UFC 297: Strickland vs. Du Plessis,Bantamweight,Brad Katona,58,Garrett Armfield,53,False,False,False,False,U-DEC
2024-01-20,UFC 297: Strickland vs. Du Plessis,Women's Bantamweight,Jasmine Jasudavicius,999,Priscila Cachoeira,999,False,False,False,False,SUB
2024-01-20,UFC 297: Strickland vs. Du Plessis,Welterweight,Neil Magny,31,Mike Malott,20,False,False,False,False,KO/TKO
2024-01-20,UFC 297: Strickland vs. Du Plessis,Welterweight,Yohan Lainesse,70,Sam Patterson,999,False,False,False,False,SUB
2024-01-20,UFC 297: Strickland vs. Du Plessis,Flyweight,Malcolm Gordon,43,Jimmy Flick,49,False,False,False,False,SUB
2024-01-20,UFC 297: Strickland vs. Du Plessis,Middleweight,Chris Curtis,36,Marc-Andre Barriault,46,False,False,False,False,S-DEC
2024-01-20,UFC 297: Strickland vs. Du Plessis,Women's Strawweight,Gillian Robertson,25,Polyana Viana,24,False,False,False,False,KO/TKO
2024-01-20,UFC 297: Strickland vs. Du Plessis,Women's Bantamweight,Raquel Pennington,3,Mayra Bueno Silva,18,False,False,True,False,U-DEC
2024-02-03,UFC Fight Night: Dolidze vs. Imavov,Welterweight,Gilbert Urbina,47,Charles Radtke,62,False,False,False,False,KO/TKO
2024-02-03,UFC Fight Night: Dolidze vs. Imavov,Middleweight,Aliaskhab Khizriev,999,Makhmud Muradov,23,False,False,False,False,NC
2024-02-03,UFC Fight Night: Dolidze vs. Imavov,Welterweight,Themba Gorimbo,64,Pete Rodriguez,57,False,False,False,False,KO/TKO
2024-02-03,UFC Fight Night: Dolidze vs. Imavov,Lightweight,Renato Moicano,31,Drew Dober,20,False,False,False,False,U-DEC
2024-02-03,UFC Fight Night: Dolidze vs. Imavov,Middleweight,Roman Dolidze,14,Nassourdine Imavov,999,False,False,False,False,M-DEC
2024-02-03,UFC Fight Night: Dolidze vs. Imavov,Women's Flyweight,Viviane Araujo,18,Natalia Silva,7,False,False,False,False,U-DEC
2024-02-03,UFC Fight Night: Dolidze vs. Imavov,Welterweight,Randy Brown,29,Muslim Salikhov,37,False,False,False,False,KO/TKO
2024-02-03,UFC Fight Night: Dolidze vs. Imavov,Women's Flyweight,Luana Carolina,30,Julija Stoliarenko,28,False,False,False,False,KO/TKO
2024-02-03,UFC Fight Night: Dolidze vs. Imavov,Flyweight,Azat Maksum,25,Charles Johnson,29,False,False,False,False,U-DEC
2024-02-03,UFC Fight Night: Dolidze vs. Imavov,Women's Strawweight,Molly McCann,999,Diana Belbita,38,False,False,False,False,SUB
2024-02-03,UFC Fight Night: Dolidze vs. Imavov,Heavyweight,Thomas Petersen,999,Jamal Pogues,36,False,False,False,False,U-DEC
2024-02-03,UFC Fight Night: Dolidze vs. Imavov,Featherweight,JeongYeong Lee,55,Blake Bilder,57,False,False,False,False,U-DEC
2024-02-03,UFC Fight Night: Dolidze vs. Imavov,Lightweight,Landon Quinones,77,MarQuel Mederos,999,False,False,False,False,U-DEC
2024-02-10,UFC Fight Night: Hermansson vs. Pyfer,Welterweight,Max Griffin,30,Jeremiah Wells,15,False,False,False,False,S-DEC
2024-02-10,UFC Fight Night: Hermansson vs. Pyfer,Middleweight,Robert Bryczek,999,Ihor Potieria,999,False,False,False,False,U-DEC
2024-02-10,UFC Fight Night: Hermansson vs. Pyfer,Welterweight,Trevin Giles,64,Carlos Prates,999,False,False,False,False,KO/TKO
2024-02-10,UFC Fight Night: Hermansson vs. Pyfer,Featherweight,Dan Ige,18,Andre Fili,44,False,False,False,False,KO/TKO
2024-02-10,UFC Fight Night: Hermansson vs. Pyfer,Middleweight,Jack Hermansson,8,Joe Pyfer,25,False,False,False,False,U-DEC
2024-02-10,UFC Fight Night: Hermansson vs. Pyfer,Featherweight,Fernie Garcia,999,Hyder Amil,999,False,False,False,False,KO/TKO
2024-02-10,UFC Fight Night: Hermansson vs. Pyfer,Lightweight,Michael Johnson,35,Darrius Flowers,999,False,False,False,False,U-DEC
2024-02-10,UFC Fight Night: Hermansson vs. Pyfer,Bantamweight,Daniel Marcos,38,Aoriqileng,64,False,False,False,False,NC
2024-02-10,UFC Fight Night: Hermansson vs. Pyfer,Middleweight,Rodolfo Vieira,57,Armen Petrosyan,19,False,False,False,False,SUB
2024-02-10,UFC Fight Night: Hermansson vs. Pyfer,Light Heavyweight,Zac Pauga,29,Bogdan Guskov,36,False,False,False,False,KO/TKO
2024-02-10,UFC Fight Night: Hermansson vs. Pyfer,Women's Strawweight,Loma Lookboonmee,22,Bruna Brasil,41,False,False,False,False,U-DEC
2024-02-10,UFC Fight Night: Hermansson vs. Pyfer,Light Heavyweight,Devin Clark,31,Marcin Prachnio,28,False,False,False,False,U-DEC
2024-02-10,UFC Fight Night: Hermansson vs. Pyfer,Middleweight,Brad Tavares,30,Gregory Rodrigues,20,False,False,False,False,KO/TKO
2024-02-10,UFC Fight Night: Hermansson vs. Pyfer,Lightweight,Bolaji Oki,999,Timmy Cuamba,999,False,False,False,False,S-DEC
2024-02-17,UFC 298: Volkanovski vs. Topuria,Middleweight,Robert Whittaker,5,Paulo Costa,999,False,False,False,False,U-DEC
2024-02-17,UFC 298: Volkanovski vs. Topuria,Heavyweight,Marcos Rogerio de Lima,16,Junior Tafa,19,False,False,False,False,KO/TKO
2024-02-17,UFC 298: Volkanovski vs. Topuria,Women's Strawweight,Amanda Lemos,4,Mackenzie Dern,15,False,True,False,False,U-DEC
2024-02-17,UFC 298: Volkanovski vs. Topuria,Welterweight,Geoff Neal,15,Ian Machado Garry,3,False,True,False,False,S-DEC
2024-02-17,UFC 298: Volkanovski vs. Topuria,Bantamweight,Merab Dvalishvili,1,Henry Cejudo,14,False,True,False,False,U-DEC
2024-02-17,UFC 298: Volkanovski vs. Topuria,Welterweight,Oban Elliott,999,Val Woodburn,999,False,False,False,False,U-DEC
2024-02-17,UFC 298: Volkanovski vs. Topuria,Light Heavyweight,Zhang Mingyang,999,Brendson Ribeiro,999,False,False,False,False,KO/TKO
2024-02-17,UFC 298: Volkanovski vs. Topuria,Women's Flyweight,Andrea Lee,14,Miranda Maverick,12,False,True,False,False,U-DEC
2024-02-17,UFC 298: Volkanovski vs. Topuria,Featherweight,Alexander Volkanovski,999,Ilia Topuria,3,False,False,True,False,KO/TKO
2024-02-17,UFC 298: Volkanovski vs. Topuria,Bantamweight,Rinya Nakamura,28,Carlos Vera,999,False,False,False,False,U-DEC
2024-02-17,UFC 298: Volkanovski vs. Topuria,Welterweight,Josh Quinlan,69,Danny Barlow,999,False,False,False,False,KO/TKO
2024-02-17,UFC 298: Volkanovski vs. Topuria,Middleweight,Anthony Hernandez,18,Roman Kopylov,19,False,False,False,False,SUB
2024-02-24,UFC Fight Night: Moreno vs. Royval 2,Bantamweight,Cristian Quinonez,66,Raoni Barcelos,42,False,False,False,False,SUB
2024-02-24,UFC Fight Night: Moreno vs. Royval 2,Flyweight,Edgar Chairez,999,Daniel Lacerda,48,False,False,False,False,SUB
2024-02-24,UFC Fight Night: Moreno vs. Royval 2,Featherweight,Yair Rodriguez,9,Brian Ortega,999,False,False,False,False,SUB
2024-02-24,UFC Fight Night: Moreno vs. Royval 2,Featherweight,Erik Silva,62,Muhammad Naimov,34,False,False,False,False,KO/TKO
2024-02-24,UFC Fight Night: Moreno vs. Royval 2,Flyweight,Ronaldo Rodriguez,999,Denys Bondar,41,False,False,False,False,SUB
2024-02-24,UFC Fight Night: Moreno vs. Royval 2,Lightweight,Manuel Torres,19,Chris Duncan,33,False,False,False,False,SUB
2024-02-24,UFC Fight Night: Moreno vs. Royval 2,Women's Strawweight,Yazmin Jauregui,36,Sam Hughes,28,False,False,False,False,U-DEC
2024-02-24,UFC Fight Night: Moreno vs. Royval 2,Flyweight,Brandon Moreno,1,Brandon Royval,10,True,True,False,True,S-DEC
2024-02-24,UFC Fight Night: Moreno vs. Royval 2,Flyweight,Victor Altamirano,21,Felipe dos Santos,26,False,False,False,False,S-DEC
2024-02-24,UFC Fight Night: Moreno vs. Royval 2,Lightweight,Claudio Puelles,60,Fares Ziam,44,False,False,False,False,S-DEC
2024-02-24,UFC Fight Night: Moreno vs. Royval 2,Flyweight,Jesus Aguilar,15,Mateus Mendonca,45,False,False,False,False,S-DEC
2024-02-24,UFC Fight Night: Moreno vs. Royval 2,Lightweight,Daniel Zellhuber,45,Francisco Prado,39,False,False,False,False,U-DEC
2024-03-02,UFC Fight Night: Rozenstruik vs. Gaziev,Flyweight,Matt Schnell,28,Steve Erceg,13,False,False,False,False,KO/TKO
2024-03-02,UFC Fight Night: Rozenstruik vs. Gaziev,Middleweight,Eryk Anders,52,Jamie Pickett,73,False,False,False,False,U-DEC
2024-03-02,UFC Fight Night: Rozenstruik vs. Gaziev,Middleweight,Christian Leroy Duncan,35,Claudio Ribeiro,43,False,False,False,False,KO/TKO
2024-03-02,UFC Fight Night: Rozenstruik vs. Gaziev,Lightweight,Ludovit Klein,36,AJ Cunningham,999,False,False,False,False,KO/TKO
2024-03-02,UFC Fight Night: Rozenstruik vs. Gaziev,Flyweight,Alex Perez,999,Muhammad Mokaev,10,False,False,False,False,U-DEC
2024-03-02,UFC Fight Night: Rozenstruik vs. Gaziev,Heavyweight,Jairzinho Rozenstruik,10,Shamil Gaziev,13,False,True,False,False,KO/TKO
2024-03-02,UFC Fight Night: Rozenstruik vs. Gaziev,Bantamweight,Aiemann Zahabi,30,Javid Basharat,14,False,False,False,False,U-DEC
2024-03-02,UFC Fight Night: Rozenstruik vs. Gaziev,Lightweight,Abdul-Kareem Al-Selwady,999,Loik Radzhabov,86,False,False,False,False,KO/TKO
2024-03-02,UFC Fight Night: Rozenstruik vs. Gaziev,Bantamweight,Vinicius Oliveira,999,Benardo Sopaj,999,False,False,False,False,KO/TKO
2024-03-02,UFC Fight Night: Rozenstruik vs. Gaziev,Bantamweight,Umar Nurmagomedov,4,Bekzat Almakhan,999,False,False,False,False,U-DEC
2024-03-02,UFC Fight Night: Rozenstruik vs. Gaziev,Light Heavyweight,Vitor Petrino,27,Tyson Pedro,24,False,False,False,False,U-DEC
2024-03-09,UFC 299: O'Malley vs. Vera 2,Heavyweight,Curtis Blaydes,6,Jailton Almeida,5,True,True,False,True,KO/TKO
2024-03-09,UFC 299: O'Malley vs. Vera 2,Welterweight,Kevin Holland,10,Michael Page,999,False,False,False,False,U-DEC
2024-03-09,UFC 299: O'Malley vs. Vera 2,Women's Flyweight,Katlyn Cerminara,11,Maycee Barber,5,True,True,False,True,U-DEC
2024-03-09,UFC 299: O'Malley vs. Vera 2,Women's Flyweight,Joanne Wood,13,Maryna Moroz,28,False,False,False,False,S-DEC
2024-03-09,UFC 299: O'Malley vs. Vera 2,Flyweight,CJ Vergara,21,Asu Almabayev,12,False,False,False,False,U-DEC
2024-03-09,UFC 299: O'Malley vs. Vera 2,Welterweight,Gilbert Burns,5,Jack Della Maddalena,4,True,True,False,True,KO/TKO
2024-03-09,UFC 299: O'Malley vs. Vera 2,Lightweight,Dustin Poirier,7,Benoit Saint Denis,10,True,True,False,True,KO/TKO
2024-03-09,UFC 299: O'Malley vs. Vera 2,Light Heavyweight,Ion Cutelaba,15,Philipe Lins,18,False,False,False,False,U-DEC
2024-03-09,UFC 299: O'Malley vs. Vera 2,Bantamweight,Sean O'Malley,3,Marlon Vera,13,False,True,True,False,U-DEC
2024-03-09,UFC 299: O'Malley vs. Vera 2,Lightweight,Mateusz Gamrot,9,Rafael Dos Anjos,999,False,False,False,False,U-DEC
2024-03-09,UFC 299: O'Malley vs. Vera 2,Bantamweight,Petr Yan,6,Song Yadong,5,True,True,False,True,U-DEC
2024-03-09,UFC 299: O'Malley vs. Vera 2,Heavyweight,Robelis Despaigne,999,Josh Parisian,41,False,False,False,False,KO/TKO
2024-03-09,UFC 299: O'Malley vs. Vera 2,Bantamweight,Pedro Munhoz,29,Kyler Phillips,20,False,False,False,False,U-DEC
2024-03-09,UFC 299: O'Malley vs. Vera 2,Middleweight,Michel Pereira,12,Michal Oleksiejczuk,22,False,False,False,False,SUB
2024-03-16,UFC Fight Night: Tuivasa vs. Tybura,Women's Bantamweight,Pannie Kianzad,9,Macy Chiasson,999,False,False,False,False,SUB
2024-03-16,UFC Fight Night: Tuivasa vs. Tybura,Light Heavyweight,Ovince Saint Preux,39,Kennedy Nzechukwu,27,False,False,False,False,S-DEC
2024-03-16,UFC Fight Night: Tuivasa vs. Tybura,Flyweight,Jafel Filho,22,Ode Osbourne,31,False,False,False,False,SUB
2024-03-16,UFC Fight Night: Tuivasa vs. Tybura,Lightweight,Natan Levy,70,Mike Davis,53,False,False,False,False,SUB
2024-03-16,UFC Fight Night: Tuivasa vs. Tybura,Lightweight,Thiago Moises,64,Mitch Ramirez,999,False,False,False,False,KO/TKO
2024-03-16,UFC Fight Night: Tuivasa vs. Tybura,Middleweight,Gerald Meerschaert,42,Bryan Barberena,49,False,False,False,False,SUB
2024-03-16,UFC Fight Night: Tuivasa vs. Tybura,Women's Strawweight,Jaqueline Amorim,25,Cory McKenna,23,False,False,False,False,SUB
2024-03-16,UFC Fight Night: Tuivasa vs. Tybura,Women's Bantamweight,Josiane Nunes,999,Chelsea Chandler,999,False,False,False,False,U-DEC
2024-03-16,UFC Fight Night: Tuivasa vs. Tybura,Heavyweight,Tai Tuivasa,14,Marcin Tybura,13,False,True,False,False,SUB
2024-03-16,UFC Fight Night: Tuivasa vs. Tybura,Welterweight,Bryan Battle,35,Ange Loosa,50,False,False,False,False,NC
2024-03-16,UFC Fight Night: Tuivasa vs. Tybura,Featherweight,Christian Rodriguez,999,Isaac Dulgarian,31,False,False,False,False,S-DEC
2024-03-16,UFC Fight Night: Tuivasa vs. Tybura,Featherweight,Josh Culibao,55,Danny Silva,999,False,False,False,False,S-DEC
2024-03-16,UFC Fight Night: Tuivasa vs. Tybura,Bantamweight,Charalampos Grigoriou,999,Chad Anheliger,79,False,False,False,False,U-DEC
2024-03-23,UFC Fight Night: Ribas vs. Namajunas,Featherweight,Jarno Errens,76,Steven Nguyen,999,False,False,False,False,U-DEC
2024-03-23,UFC Fight Night: Ribas vs. Namajunas,Bantamweight,Payton Talbott,53,Cameron Saaiman,30,False,False,False,False,KO/TKO
2024-03-23,UFC Fight Night: Ribas vs. Namajunas,Heavyweight,Mohammed Usman,25,Mick Parkin,22,False,False,False,False,U-DEC
2024-03-23,UFC Fight Night: Ribas vs. Namajunas,Bantamweight,Miles Johns,51,Cody Gibson,59,False,False,False,False,U-DEC
2024-03-23,UFC Fight Night: Ribas vs. Namajunas,Featherweight,Billy Quarantillo,19,Youssef Zalal,999,False,False,False,False,SUB
2024-03-23,UFC Fight Night: Ribas vs. Namajunas,Featherweight,Ricardo Ramos,47,Julian Erosa,68,False,False,False,False,SUB
2024-03-23,UFC Fight Night: Ribas vs. Namajunas,Featherweight,Fernando Padilla,46,Luis Pajuelo,999,False,False,False,False,SUB
2024-03-23,UFC Fight Night: Ribas vs. Namajunas,Heavyweight,Karl Williams,18,Justin Tafa,15,False,False,False,False,U-DEC
2024-03-23,UFC Fight Night: Ribas vs. Namajunas,Middleweight,Edmen Shahbazyan,39,AJ Dobson,61,False,False,False,False,KO/TKO
2024-03-23,UFC Fight Night: Ribas vs. Namajunas,Lightweight,Kurt Holobaugh,46,Trey Ogden,999,False,False,False,False,U-DEC
2024-03-23,UFC Fight Night: Ribas vs. Namajunas,Women's Bantamweight,Montse Rendon,18,Daria Zhelezniakova,999,False,False,False,False,U-DEC
2024-03-23,UFC Fight Night: Ribas vs. Namajunas,Flyweight,Igor Severino,999,Andre Lima,999,False,False,False,False,DQ
2024-03-23,UFC Fight Night: Ribas vs. Namajunas,Women's Flyweight,Amanda Ribas,999,Rose Namajunas,3,False,False,False,False,U-DEC
2024-03-30,UFC Fight Night: Blanchfield vs. Fiorot,Bantamweight,Angel Pacheco,999,Caolan Loughran,69,False,False,False,False,U-DEC
2024-03-30,UFC Fight Night: Blanchfield vs. Fiorot,Featherweight,Nate Landwehr,47,Jamall Emmers,27,False,False,False,False,KO/TKO
2024-03-30,UFC Fight Night: Blanchfield vs. Fiorot,Light Heavyweight,Ibo Aslan,999,Anton Turkalj,44,False,False,False,False,KO/TKO
2024-03-30,UFC Fight Night: Blanchfield vs. Fiorot,Middleweight,Chris Weidman,33,Bruno Silva,43,False,False,False,False,U-DEC
2024-03-30,UFC Fight Night: Blanchfield vs. Fiorot,Featherweight,Bill Algeo,11,Kyle Nelson,49,False,False,False,False,KO/TKO
2024-03-30,UFC Fight Night: Blanchfield vs. Fiorot,Featherweight,Julio Arce,999,Herbert Burns,999,False,False,False,False,KO/TKO
2024-03-30,UFC Fight Night: Blanchfield vs. Fiorot,Women's Strawweight,Virna Jandiroba,11,Loopy Godinez,6,True,True,False,True,U-DEC
2024-03-30,UFC Fight Night: Blanchfield vs. Fiorot,Middleweight,Andre Petroski,44,Jacob Malkoun,26,False,False,False,False,KO/TKO
2024-03-30,UFC Fight Night: Blanchfield vs. Fiorot,Welterweight,Vicente Luque,13,Joaquin Buckley,30,False,False,False,False,KO/TKO
2024-03-30,UFC Fight Night: Blanchfield vs. Fiorot,Middleweight,Nursulton Ruziboev,28,Sedriques Dumas,58,False,False,False,False,KO/TKO
2024-03-30,UFC Fight Night: Blanchfield vs. Fiorot,Women's Flyweight,Erin Blanchfield,1,Manon Fiorot,3,True,True,False,True,U-DEC
2024-03-30,UFC Fight Night: Blanchfield vs. Fiorot,Welterweight,Chidi Njokuani,999,Rhys McKee,78,False,False,False,False,S-DEC
2024-03-30,UFC Fight Night: Blanchfield vs. Fiorot,Featherweight,Dennis Buzukja,85,Connor Matthews,999,False,False,False,False,KO/TKO
2024-04-06,UFC Fight Night: Allen vs. Curtis 2,Welterweight,Court McGee,55,Alex Morono,41,False,False,False,False,U-DEC
2024-04-06,UFC Fight Night: Allen vs. Curtis 2,Women's Bantamweight,Melissa Mullins,17,Nora Cornolle,18,False,False,False,False,KO/TKO
2024-04-06,UFC Fight Night: Allen vs. Curtis 2,Women's Bantamweight,Norma Dumont,999,Germaine de Randamie,999,False,False,False,False,U-DEC
2024-04-06,UFC Fight Night: Allen vs. Curtis 2,Bantamweight,Dan Argueta,999,Jean Matsumoto,999,False,False,False,False,SUB
2024-04-06,UFC Fight Night: Allen vs. Curtis 2,Featherweight,Morgan Charriere,36,Chepe Mariscal,39,False,False,False,False,S-DEC
2024-04-06,UFC Fight Night: Allen vs. Curtis 2,Middleweight,Brendan Allen,11,Chris Curtis,32,False,False,False,False,S-DEC
2024-04-06,UFC Fight Night: Allen vs. Curtis 2,Middleweight,Dylan Budka,999,Cesar Almeida,999,False,False,False,False,KO/TKO
2024-04-06,UFC Fight Night: Allen vs. Curtis 2,Lightweight,Trevor Peek,56,Charlie Campbell,37,False,False,False,False,U-DEC
2024-04-06,UFC Fight Night: Allen vs. Curtis 2,Bantamweight,Pedro Falcao,999,Victor Hugo,999,False,False,False,False,U-DEC
2024-04-06,UFC Fight Night: Allen vs. Curtis 2,Lightweight,Ignacio Bahamondes,35,Christos Giagos,51,False,False,False,False,KO/TKO
2024-04-06,UFC Fight Night: Allen vs. Curtis 2,Featherweight,Alexander Hernandez,31,Damon Jackson,33,False,False,False,False,S-DEC
2024-04-06,UFC Fight Night: Allen vs. Curtis 2,Heavyweight,Valter Walker,999,Lukasz Brzeski,35,False,False,False,False,U-DEC
2024-04-13,UFC 300: Pereira vs. Hill,Lightweight,Charles Oliveira,2,Arman Tsarukyan,3,True,True,False,True,S-DEC
2024-04-13,UFC 300: Pereira vs. Hill,Middleweight,Bo Nickal,28,Cody Brundage,43,False,False,False,False,SUB
2024-04-13,UFC 300: Pereira vs. Hill,Lightweight,Jalin Turner,5,Renato Moicano,27,False,False,False,False,KO/TKO
2024-04-13,UFC 300: Pereira vs. Hill,Bantamweight,Deiveson Figueiredo,14,Cody Garbrandt,41,False,False,False,False,SUB
2024-04-13,UFC 300: Pereira vs. Hill,Featherweight,Sodiq Yusuff,6,Diego Lopes,16,False,True,False,False,KO/TKO
2024-04-13,UFC 300: Pereira vs. Hill,Women's Strawweight,Jessica Andrade,6,Marina Rodriguez,4,True,True,False,True,S-DEC
2024-04-13,UFC 300: Pereira vs. Hill,Women's Strawweight,Zhang Weili,1,Yan Xiaonan,2,True,True,True,False,U-DEC
2024-04-13,UFC 300: Pereira vs. Hill,Women's Bantamweight,Holly Holm,4,Kayla Harrison,999,False,False,False,False,SUB
2024-04-13,UFC 300: Pereira vs. Hill,Lightweight,Justin Gaethje,4,Max Holloway,999,False,False,False,False,KO/TKO
2024-04-13,UFC 300: Pereira vs. Hill,Featherweight,Calvin Kattar,17,Aljamain Sterling,999,False,False,False,False,U-DEC
2024-04-13,UFC 300: Pereira vs. Hill,Light Heavyweight,Alex Pereira,2,Jamahal Hill,4,True,True,True,False,KO/TKO
2024-04-13,UFC 300: Pereira vs. Hill,Light Heavyweight,Jiri Prochazka,10,Aleksandar Rakic,999,False,False,False,False,KO/TKO
2024-04-13,UFC 300: Pereira vs. Hill,Lightweight,King Green,9,Jim Miller,23,False,False,False,False,U-DEC
2024-04-27,UFC Fight Night: Nicolau vs. Perez,Lightweight,Gabriel Benitez,52,Maheshate,101,False,False,False,False,S-DEC
2024-04-27,UFC Fight Night: Nicolau vs. Perez,Lightweight,James Llontop,999,Chris Padilla,999,False,False,False,False,SUB
2024-04-27,UFC Fight Night: Nicolau vs. Perez,Women's Flyweight,Ivana Petrovic,29,Liang Na,39,False,False,False,False,SUB
2024-04-27,UFC Fight Night: Nicolau vs. Perez,Heavyweight,Don'Tale Mayes,31,Caio Machado,25,False,False,False,False,U-DEC
2024-04-27,UFC Fight Night: Nicolau vs. Perez,Women's Flyweight,Ariane da Silva,16,Karine Silva,10,False,True,False,False,U-DEC
2024-04-27,UFC Fight Night: Nicolau vs. Perez,Women's Strawweight,Marnic Mann,44,Ketlen Souza,999,False,False,False,False,U-DEC
2024-04-27,UFC Fight Night: Nicolau vs. Perez,Bantamweight,Rani Yahya,38,Victor Henry,18,False,False,False,False,KO/TKO
2024-04-27,UFC Fight Night: Nicolau vs. Perez,Lightweight,Austin Hubbard,73,Michal Figlak,999,False,False,False,False,U-DEC
2024-04-27,UFC Fight Night: Nicolau vs. Perez,Welterweight,Tim Means,20,Uros Medic,56,False,False,False,False,KO/TKO
2024-04-27,UFC Fight Night: Nicolau vs. Perez,Featherweight,Jonathan Pearce,10,David Onama,53,False,False,False,False,U-DEC
2024-04-27,UFC Fight Night: Nicolau vs. Perez,Flyweight,Matheus Nicolau,21,Alex Perez,15,False,False,False,False,KO/TKO
2024-04-27,UFC Fight Night: Nicolau vs. Perez,Heavyweight,Austen Lane,37,Jhonata Diniz,999,False,False,False,False,KO/TKO
2024-04-27,UFC Fight Night: Nicolau vs. Perez,Light Heavyweight,Ryan Spann,18,Bogdan Guskov,36,False,False,False,False,KO/TKO
2024-05-04,UFC 301: Pantoja vs. Erceg,Middleweight,Paul Craig,31,Caio Borralho,18,False,False,False,False,KO/TKO
2024-05-04,UFC 301: Pantoja vs. Erceg,Lightweight,Joaquim Silva,79,Drakkar Klose,33,False,False,False,False,U-DEC
2024-05-04,UFC 301: Pantoja vs. Erceg,Middleweight,Michel Pereira,8,Ihor Potieria,43,False,False,False,False,SUB
2024-05-04,UFC 301: Pantoja vs. Erceg,Flyweight,Alexandre Pantoja,2,Steve Erceg,12,False,True,True,False,U-DEC
2024-05-04,UFC 301: Pantoja vs. Erceg,Women's Flyweight,Dione Barbosa,999,Ernesta Kareckaite,999,False,False,False,False,U-DEC
2024-05-04,UFC 301: Pantoja vs. Erceg,Lightweight,Ismael Bonfim,50,Vinc Pichel,999,False,False,False,False,U-DEC
2024-05-04,UFC 301: Pantoja vs. Erceg,Lightweight,Elves Brener,999,Myktybek Orolbai,999,False,False,False,False,U-DEC
2024-05-04,UFC 301: Pantoja vs. Erceg,Light Heavyweight,Anthony Smith,16,Vitor Petrino,22,False,False,False,False,SUB
2024-05-04,UFC 301: Pantoja vs. Erceg,Bantamweight,Jose Aldo,999,Jonathan Martinez,9,False,False,False,False,U-DEC
2024-05-04,UFC 301: Pantoja vs. Erceg,Lightweight,Mauricio Ruffy,999,Jamie Mullarkey,55,False,False,False,False,KO/TKO
2024-05-04,UFC 301: Pantoja vs. Erceg,Featherweight,Jack Shore,17,Joanderson Brito,7,False,False,False,False,KO/TKO
2024-05-04,UFC 301: Pantoja vs. Erceg,Women's Strawweight,Karolina Kowalkiewicz,14,Iasmin Lucindo,23,False,False,False,False,U-DEC
2024-05-04,UFC 301: Pantoja vs. Erceg,Flyweight,Alessandro Costa,32,Kevin Borjas,46,False,False,False,False,KO/TKO
2024-05-11,UFC Fight Night: Lewis vs. Nascimento,Women's Strawweight,Tabatha Ricci,10,Tecia Pennington,999,False,False,False,False,S-DEC
2024-05-11,UFC Fight Night: Lewis vs. Nascimento,Lightweight,Chase Hooper,62,Viacheslav Borshchev,43,False,False,False,False,SUB
2024-05-11,UFC Fight Night: Lewis vs. Nascimento,Flyweight,Charles Johnson,21,Jake Hadley,19,False,False,False,False,U-DEC
2024-05-11,UFC Fight Night: Lewis vs. Nascimento,Lightweight,Diego Ferreira,20,Mateusz Rebecki,14,False,False,False,False,KO/TKO
2024-05-11,UFC Fight Night: Lewis vs. Nascimento,Heavyweight,Derrick Lewis,12,Rodrigo Nascimento,24,False,False,False,False,KO/TKO
2024-05-11,UFC Fight Night: Lewis vs. Nascimento,Featherweight,Alex Caceres,11,Sean Woodson,35,False,False,False,False,U-DEC
2024-05-11,UFC Fight Night: Lewis vs. Nascimento,Lightweight,Terrance McKinney,25,Esteban Ribovics,51,False,False,False,False,KO/TKO
2024-05-11,UFC Fight Night: Lewis vs. Nascimento,Light Heavyweight,Alonzo Menifield,12,Carlos Ulberg,4,False,True,False,False,KO/TKO
2024-05-11,UFC Fight Night: Lewis vs. Nascimento,Welterweight,Joaquin Buckley,16,Nursulton Ruziboev,999,False,False,False,False,U-DEC
2024-05-11,UFC Fight Night: Lewis vs. Nascimento,Women's Flyweight,JJ Aldrich,28,Veronica Hardy,24,False,False,False,False,U-DEC
2024-05-11,UFC Fight Night: Lewis vs. Nascimento,Heavyweight,Waldo Cortes Acosta,16,Robelis Despaigne,18,False,False,False,False,U-DEC
2024-05-11,UFC Fight Night: Lewis vs. Nascimento,Welterweight,Billy Ray Goff,47,Trey Waters,41,False,False,False,False,U-DEC
2024-05-18,UFC Fight Night: Barboza vs. Murphy,Women's Strawweight,Vanessa Demopoulos,44,Emily Ducote,29,False,False,False,False,S-DEC
2024-05-18,UFC Fight Night: Barboza vs. Murphy,Featherweight,Edson Barboza,12,Lerone Murphy,28,False,False,False,False,U-DEC
2024-05-18,UFC Fight Night: Barboza vs. Murphy,Welterweight,Themba Gorimbo,36,Ramiz Brahimaj,999,False,False,False,False,U-DEC
2024-05-18,UFC Fight Night: Barboza vs. Murphy,Women's Strawweight,Piera Rodriguez,30,Ariane Carnelossi,999,False,False,False,False,DQ
2024-05-18,UFC Fight Night: Barboza vs. Murphy,Women's Strawweight,Luana Pinheiro,24,Angela Hill,10,False,False,False,False,SUB
2024-05-18,UFC Fight Night: Barboza vs. Murphy,Women's Bantamweight,Tamires Vidal,24,Melissa Gatto,999,False,False,False,False,KO/TKO
2024-05-18,UFC Fight Night: Barboza vs. Murphy,Bantamweight,Adrian Yanez,27,Vinicius Salvador,999,False,False,False,False,KO/TKO
2024-05-18,UFC Fight Night: Barboza vs. Murphy,Bantamweight,Alatengheili,49,Kleydson Rodrigues,44,False,False,False,False,U-DEC
2024-05-18,UFC Fight Night: Barboza vs. Murphy,Light Heavyweight,Oumar Sy,999,Tuco Tokkos,999,False,False,False,False,SUB
2024-05-18,UFC Fight Night: Barboza vs. Murphy,Welterweight,Khaos Williams,18,Carlston Harris,26,False,False,False,False,KO/TKO
2024-05-18,UFC Fight Night: Barboza vs. Murphy,Lightweight,Victor Martinez,102,Tom Nolan,107,False,False,False,False,KO/TKO
2024-05-18,UFC Fight Night: Barboza vs. Murphy,Middleweight,Abus Magomedov,40,Warlley Alves,55,False,False,False,False,U-DEC
2024-06-01,UFC 302: Makhachev vs. Poirier,Lightweight,Islam Makhachev,1,Dustin Poirier,8,True,True,True,False,SUB
2024-06-01,UFC 302: Makhachev vs. Poirier,Women's Bantamweight,Ailin Perez,8,Joselyne Edwards,17,False,False,False,False,U-DEC
2024-06-01,UFC 302: Makhachev vs. Poirier,Middleweight,Kevin Holland,999,Michal Oleksiejczuk,34,False,False,False,False,SUB
2024-06-01,UFC 302: Makhachev vs. Poirier,Welterweight,Mickey Gall,999,Bassil Hafez,60,False,False,False,False,U-DEC
2024-06-01,UFC 302: Makhachev vs. Poirier,Middleweight,Sean Strickland,4,Paulo Costa,18,False,False,False,False,S-DEC
2024-06-01,UFC 302: Makhachev vs. Poirier,Welterweight,Niko Price,68,Alex Morono,45,False,False,False,False,U-DEC
2024-06-01,UFC 302: Makhachev vs. Poirier,Welterweight,Phil Rowe,51,Jake Matthews,33,False,False,False,False,U-DEC
2024-06-01,UFC 302: Makhachev vs. Poirier,Heavyweight,Jailton Almeida,5,Alexandr Romanov,9,True,True,False,True,SUB
2024-06-01,UFC 302: Makhachev vs. Poirier,Lightweight,Grant Dawson,19,Joe Solecki,32,False,False,False,False,U-DEC
2024-06-01,UFC 302: Makhachev vs. Poirier,Middleweight,Cesar Almeida,40,Roman Kopylov,28,False,False,False,False,S-DEC
2024-06-01,UFC 302: Makhachev vs. Poirier,Flyweight,Mitch Raposo,999,Andre Lima,29,False,False,False,False,S-DEC
2024-06-01,UFC 302: Makhachev vs. Poirier,Welterweight,Randy Brown,19,Elizeu Zaleski dos Santos,28,False,False,False,False,U-DEC
2024-06-08,UFC Fight Night: Cannonier vs. Imavov,Middleweight,Jared Cannonier,8,Nassourdine Imavov,14,False,True,False,False,KO/TKO
2024-06-08,UFC Fight Night: Cannonier vs. Imavov,Lightweight,Thiago Moises,49,Ludovit Klein,24,False,False,False,False,U-DEC
2024-06-08,UFC Fight Night: Cannonier vs. Imavov,Light Heavyweight,Dominick Reyes,999,Dustin Jacoby,9,False,False,False,False,KO/TKO
2024-06-08,UFC Fight Night: Cannonier vs. Imavov,Welterweight,Miguel Baeza,999,Punahele Soriano,999,False,False,False,False,U-DEC
2024-06-08,UFC Fight Night: Cannonier vs. Imavov,Middleweight,Julian Marquez,63,Zach Reese,62,False,False,False,False,KO/TKO
2024-06-08,UFC Fight Night: Cannonier vs. Imavov,Bantamweight,Brad Katona,62,Jesse Butler,999,False,False,False,False,U-DEC
2024-06-08,UFC Fight Night: Cannonier vs. Imavov,Bantamweight,Cody Stamann,999,Taylor Lapilus,51,False,False,False,False,U-DEC
2024-06-08,UFC Fight Night: Cannonier vs. Imavov,Women's Strawweight,Eduarda Moura,21,Denise Gomes,14,False,False,False,False,S-DEC
2024-06-08,UFC Fight Night: Cannonier vs. Imavov,Welterweight,Charles Radtke,36,Carlos Prates,63,False,False,False,False,KO/TKO
2024-06-08,UFC Fight Night: Cannonier vs. Imavov,Women's Flyweight,Andrea Lee,17,Montana De La Rosa,27,False,False,False,False,S-DEC
2024-06-08,UFC Fight Night: Cannonier vs. Imavov,Women's Strawweight,Rayanne dos Santos,29,Puja Tomar,999,False,False,False,False,S-DEC
2024-06-08,UFC Fight Night: Cannonier vs. Imavov,Bantamweight,Raul Rosas Jr.,31,Ricky Turcios,999,False,False,False,False,SUB
2024-06-08,UFC Fight Night: Cannonier vs. Imavov,Middleweight,Brunno Ferreira,35,Dustin Stoltzfus,52,False,False,False,False,KO/TKO
2024-06-08,UFC Fight Night: Cannonier vs. Imavov,Bantamweight,John Castaneda,999,Daniel Marcos,33,False,False,False,False,U-DEC
2024-06-15,UFC Fight Night: Perez vs. Taira,Women's Strawweight,Josefine Knutsson,15,Julia Polastri,999,False,False,False,False,U-DEC
2024-06-15,UFC Fight Night: Perez vs. Taira,Women's Flyweight,Carli Judice,999,Gabriella Fernandes,35,False,False,False,False,S-DEC
2024-06-15,UFC Fight Night: Perez vs. Taira,Flyweight,Asu Almabayev,7,Jose Johnson,999,False,False,False,False,U-DEC
2024-06-15,UFC Fight Night: Perez vs. Taira,Bantamweight,Douglas Silva de Andrade,999,Miles Johns,42,False,False,False,False,U-DEC
2024-06-15,UFC Fight Night: Perez vs. Taira,Flyweight,Jimmy Flick,49,Nate Maness,32,False,False,False,False,U-DEC
2024-06-15,UFC Fight Night: Perez vs. Taira,Featherweight,Timmy Cuamba,999,Lucas Almeida,84,False,False,False,False,U-DEC
2024-06-15,UFC Fight Night: Perez vs. Taira,Flyweight,Alex Perez,14,Tatsuro Taira,2,False,True,False,False,KO/TKO
2024-06-15,UFC Fight Night: Perez vs. Taira,Featherweight,Melquizael Costa,999,Shayilan Nuerdanbieke,32,False,False,False,False,SUB
2024-06-15,UFC Fight Night: Perez vs. Taira,Welterweight,Josh Quinlan,81,Adam Fugitt,61,False,False,False,False,S-DEC
2024-06-15,UFC Fight Night: Perez vs. Taira,Featherweight,Jeka Saragih,67,Westin Wilson,85,False,False,False,False,SUB
2024-06-15,UFC Fight Night: Perez vs. Taira,Bantamweight,Brady Hiestand,49,Garrett Armfield,34,False,False,False,False,SUB
2024-06-22,UFC Fight Night: Whittaker vs. Aliskerov,Light Heavyweight,Magomed Gadzhiyasulov,999,Brendson Ribeiro,45,False,False,False,False,M-DEC
2024-06-22,UFC Fight Night: Whittaker vs. Aliskerov,Lightweight,Nasrat Haqparast,24,Jared Gordon,23,False,False,False,False,S-DEC
2024-06-22,UFC Fight Night: Whittaker vs. Aliskerov,Featherweight,Muhammad Naimov,18,Felipe Lima,999,False,False,False,False,SUB
2024-06-22,UFC Fight Night: Whittaker vs. Aliskerov,Bantamweight,Kyung Ho Kang,999,Muin Gafurov,61,False,False,False,False,U-DEC
2024-06-22,UFC Fight Night: Whittaker vs. Aliskerov,Middleweight,Kelvin Gastelum,999,Daniel Rodriguez,999,False,False,False,False,U-DEC
2024-06-22,UFC Fight Night: Whittaker vs. Aliskerov,Light Heavyweight,Johnny Walker,5,Volkan Oezdemir,6,True,True,False,True,KO/TKO
2024-06-22,UFC Fight Night: Whittaker vs. Aliskerov,Bantamweight,Xiao Long,999,ChangHo Lee,999,False,False,False,False,S-DEC
2024-06-22,UFC Fight Night: Whittaker vs. Aliskerov,Heavyweight,Sergei Pavlovich,5,Alexander Volkov,3,True,True,False,True,U-DEC
2024-06-22,UFC Fight Night: Whittaker vs. Aliskerov,Welterweight,Rinat Fakhretdinov,8,Nicolas Dalby,18,False,False,False,False,S-DEC
2024-06-22,UFC Fight Night: Whittaker vs. Aliskerov,Middleweight,Robert Whittaker,4,Ikram Aliskerov,16,False,True,False,False,KO/TKO
2024-06-22,UFC Fight Night: Whittaker vs. Aliskerov,Middleweight,Shara Magomedov,32,Antonio Trocoli,999,False,False,False,False,KO/TKO
2024-06-29,UFC 303: Pereira vs. Prochazka 2,Featherweight,Cub Swanson,18,Andre Fili,57,False,False,False,False,S-DEC
2024-06-29,UFC 303: Pereira vs. Prochazka 2,Women's Strawweight,Michelle Waterson-Gomez,23,Gillian Robertson,16,False,False,False,False,U-DEC
2024-06-29,UFC 303: Pereira vs. Prochazka 2,Featherweight,Charles Jourdain,35,Jean Silva,43,False,False,False,False,KO/TKO
2024-06-29,UFC 303: Pereira vs. Prochazka 2,Heavyweight,Andrei Arlovski,28,Martin Buday,34,False,False,False,False,S-DEC
2024-06-29,UFC 303: Pereira vs. Prochazka 2,Bantamweight,Payton Talbott,21,Yanis Ghemmouri,999,False,False,False,False,KO/TKO
2024-06-29,UFC 303: Pereira vs. Prochazka 2,Flyweight,Rei Tsuruya,999,Carlos Hernandez,42,False,False,False,False,U-DEC
2024-06-29,UFC 303: Pereira vs. Prochazka 2,Women's Bantamweight,Mayra Bueno Silva,24,Macy Chiasson,6,False,False,False,False,KO/TKO
2024-06-29,UFC 303: Pereira vs. Prochazka 2,Bantamweight,Ricky Simon,26,Vinicius Oliveira,47,False,False,False,False,U-DEC
2024-06-29,UFC 303: Pereira vs. Prochazka 2,Light Heavyweight,Alex Pereira,2,Jiri Prochazka,6,True,True,True,False,KO/TKO
2024-06-29,UFC 303: Pereira vs. Prochazka 2,Light Heavyweight,Anthony Smith,15,Roman Dolidze,999,False,False,False,False,U-DEC
2024-06-29,UFC 303: Pereira vs. Prochazka 2,Middleweight,Joe Pyfer,31,Marc-Andre Barriault,46,False,False,False,False,KO/TKO
2024-06-29,UFC 303: Pereira vs. Prochazka 2,Welterweight,Ian Machado Garry,4,Michael Page,41,False,False,False,False,U-DEC
2024-07-13,UFC Fight Night: Namajunas vs. Cortez,Women's Flyweight,Rose Namajunas,3,Tracy Cortez,12,False,True,False,False,U-DEC
2024-07-13,UFC Fight Night: Namajunas vs. Cortez,Welterweight,Evan Elder,999,Darrius Flowers,999,False,False,False,False,SUB
2024-07-13,UFC Fight Night: Namajunas vs. Cortez,Middleweight,Abdul Razak Alhassan,48,Cody Brundage,45,False,False,False,False,NC
2024-07-13,UFC Fight Night: Namajunas vs. Cortez,Lightweight,Drew Dober,30,Jean Silva,999,False,False,False,False,KO/TKO
2024-07-13,UFC Fight Night: Namajunas vs. Cortez,Women's Flyweight,Jasmine Jasudavicius,999,Fatima Kline,999,False,False,False,False,U-DEC
2024-07-13,UFC Fight Night: Namajunas vs. Cortez,Bantamweight,Montel Jackson,12,Da'Mon Blackshear,26,False,False,False,False,KO/TKO
2024-07-13,UFC Fight Night: Namajunas vs. Cortez,Flyweight,Joshua Van,7,Charles Johnson,16,False,True,False,False,KO/TKO
2024-07-13,UFC Fight Night: Namajunas vs. Cortez,Featherweight,Julian Erosa,65,Christian Rodriguez,21,False,False,False,False,SUB
2024-07-13,UFC Fight Night: Namajunas vs. Cortez,Middleweight,Josh Fremd,51,Andre Petroski,43,False,False,False,False,U-DEC
2024-07-13,UFC Fight Night: Namajunas vs. Cortez,Welterweight,Gabriel Bonfim,28,Ange Loosa,45,False,False,False,False,U-DEC
2024-07-13,UFC Fight Night: Namajunas vs. Cortez,Welterweight,Santiago Ponzinibbio,19,Muslim Salikhov,37,False,False,False,False,S-DEC
2024-07-13,UFC Fight Night: Namajunas vs. Cortez,Women's Flyweight,Luana Santos,999,Mariya Agapova,999,False,False,False,False,SUB
2024-07-20,UFC Fight Night: Lemos vs. Jandiroba,Featherweight,Steve Garcia,999,SeungWoo Choi,55,False,False,False,False,KO/TKO
2024-07-20,UFC Fight Night: Lemos vs. Jandiroba,Bantamweight,Brian Kelleher,75,Cody Gibson,63,False,False,False,False,SUB
2024-07-20,UFC Fight Night: Lemos vs. Jandiroba,Women's Strawweight,Amanda Lemos,3,Virna Jandiroba,9,True,True,False,True,SUB
2024-07-20,UFC Fight Night: Lemos vs. Jandiroba,Featherweight,JeongYeong Lee,44,Hyder Amil,40,False,False,False,False,KO/TKO
2024-07-20,UFC Fight Night: Lemos vs. Jandiroba,Heavyweight,Mohammed Usman,29,Thomas Petersen,34,False,False,False,False,U-DEC
2024-07-20,UFC Fight Night: Lemos vs. Jandiroba,Flyweight,Cody Durden,15,Bruno Silva,999,False,False,False,False,KO/TKO
2024-07-20,UFC Fight Night: Lemos vs. Jandiroba,Lightweight,Kurt Holobaugh,67,Kaynan Kruschewsky,999,False,False,False,False,U-DEC
2024-07-20,UFC Fight Night: Lemos vs. Jandiroba,Lightweight,Loik Radzhabov,83,Trey Ogden,53,False,False,False,False,U-DEC
2024-07-20,UFC Fight Night: Lemos vs. Jandiroba,Women's Flyweight,Luana Carolina,23,Lucie Pudilova,999,False,False,False,False,U-DEC
2024-07-20,UFC Fight Night: Lemos vs. Jandiroba,Women's Flyweight,Miranda Maverick,11,Dione Barbosa,28,False,False,False,False,U-DEC
2024-07-20,UFC Fight Night: Lemos vs. Jandiroba,Featherweight,Dooho Choi,56,Bill Algeo,15,False,False,False,False,KO/TKO
2024-07-27,UFC 304: Edwards vs. Muhammad 2,Light Heavyweight,Modestas Bukauskas,39,Marcin Prachnio,26,False,False,False,False,SUB
2024-07-27,UFC 304: Edwards vs. Muhammad 2,Welterweight,Oban Elliott,48,Preston Parsons,33,False,False,False,False,U-DEC
2024-07-27,UFC 304: Edwards vs. Muhammad 2,Welterweight,Sam Patterson,64,Kiefer Crosbie,62,False,False,False,False,SUB
2024-07-27,UFC 304: Edwards vs. Muhammad 2,Lightweight,King Green,6,Paddy Pimblett,16,False,True,False,False,SUB
2024-07-27,UFC 304: Edwards vs. Muhammad 2,Featherweight,Nathaniel Wood,21,Daniel Pineda,51,False,False,False,False,U-DEC
2024-07-27,UFC 304: Edwards vs. Muhammad 2,Women's Strawweight,Molly McCann,24,Bruna Brasil,42,False,False,False,False,U-DEC
2024-07-27,UFC 304: Edwards vs. Muhammad 2,Featherweight,Arnold Allen,5,Giga Chikadze,7,True,True,False,True,U-DEC
2024-07-27,UFC 304: Edwards vs. Muhammad 2,Bantamweight,Jake Hadley,999,Caolan Loughran,44,False,False,False,False,U-DEC
2024-07-27,UFC 304: Edwards vs. Muhammad 2,Heavyweight,Mick Parkin,17,Lukasz Brzeski,33,False,False,False,False,KO/TKO
2024-07-27,UFC 304: Edwards vs. Muhammad 2,Flyweight,Muhammad Mokaev,6,Manel Kape,5,True,True,False,True,U-DEC
2024-07-27,UFC 304: Edwards vs. Muhammad 2,Women's Strawweight,Shauna Bannon,40,Alice Ardelean,999,False,False,False,False,S-DEC
2024-07-27,UFC 304: Edwards vs. Muhammad 2,Heavyweight,Tom Aspinall,1,Curtis Blaydes,5,True,True,True,False,KO/TKO
2024-07-27,UFC 304: Edwards vs. Muhammad 2,Welterweight,Leon Edwards,8,Belal Muhammad,2,True,True,True,False,U-DEC
2024-07-27,UFC 304: Edwards vs. Muhammad 2,Middleweight,Christian Leroy Duncan,20,Gregory Rodrigues,17,False,False,False,False,U-DEC
2024-08-03,UFC Fight Night: Sandhagen vs. Nurmagomedov,Lightweight,Mohammad Yahya,90,Kaue Fernandes,75,False,False,False,False,KO/TKO
2024-08-03,UFC Fight Night: Sandhagen vs. Nurmagomedov,Welterweight,Tony Ferguson,999,Michael Chiesa,24,False,False,False,False,SUB
2024-08-03,UFC Fight Night: Sandhagen vs. Nurmagomedov,Bantamweight,Cory Sandhagen,999,Umar Nurmagomedov,3,False,False,False,False,U-DEC
2024-08-03,UFC Fight Night: Sandhagen vs. Nurmagomedov,Heavyweight,Shamil Gaziev,20,Don'Tale Mayes,29,False,False,False,False,U-DEC
2024-08-03,UFC Fight Night: Sandhagen vs. Nurmagomedov,Lightweight,Guram Kutateladze,64,Jordan Vucenic,999,False,False,False,False,U-DEC
2024-08-03,UFC Fight Night: Sandhagen vs. Nurmagomedov,Middleweight,Shara Magomedov,23,Michal Oleksiejczuk,35,False,False,False,False,U-DEC
2024-08-03,UFC Fight Night: Sandhagen vs. Nurmagomedov,Bantamweight,Marlon Vera,18,Deiveson Figueiredo,16,False,False,False,False,U-DEC
2024-08-03,UFC Fight Night: Sandhagen vs. Nurmagomedov,Lightweight,Jai Herbert,67,Rolando Bedoya,999,False,False,False,False,U-DEC
2024-08-03,UFC Fight Night: Sandhagen vs. Nurmagomedov,Women's Strawweight,Mackenzie Dern,17,Loopy Godinez,9,False,False,False,False,U-DEC
2024-08-03,UFC Fight Night: Sandhagen vs. Nurmagomedov,Lightweight,Joel Alvarez,25,Elves Brener,56,False,False,False,False,KO/TKO
2024-08-03,UFC Fight Night: Sandhagen vs. Nurmagomedov,Middleweight,Sedriques Dumas,64,Denis Tiuliulin,68,False,False,False,False,U-DEC
2024-08-03,UFC Fight Night: Sandhagen vs. Nurmagomedov,Women's Strawweight,Viktoriia Dudakova,20,Sam Hughes,28,False,False,False,False,S-DEC
2024-08-03,UFC Fight Night: Sandhagen vs. Nurmagomedov,Light Heavyweight,Azamat Murzakanov,13,Alonzo Menifield,16,False,True,False,False,KO/TKO
2024-08-10,UFC Fight Night: Tybura vs. Spivac 2,Bantamweight,Toshiomi Kazama,88,Charalampos Grigoriou,81,False,False,False,False,SUB
2024-08-10,UFC Fight Night: Tybura vs. Spivac 2,Women's Strawweight,Stephanie Luciano,999,Talita Alencar,28,False,False,False,False,U-DEC
2024-08-10,UFC Fight Night: Tybura vs. Spivac 2,Bantamweight,Chris Gutierrez,9,Quang Le,999,False,False,False,False,U-DEC
2024-08-10,UFC Fight Night: Tybura vs. Spivac 2,Heavyweight,Jhonata Diniz,30,Karl Williams,14,False,False,False,False,U-DEC
2024-08-10,UFC Fight Night: Tybura vs. Spivac 2,Welterweight,Danny Barlow,42,Nikolay Veretennikov,999,False,False,False,False,S-DEC
2024-08-10,UFC Fight Night: Tybura vs. Spivac 2,Heavyweight,Marcin Tybura,10,Serghei Spivac,9,True,True,False,True,SUB
2024-08-10,UFC Fight Night: Tybura vs. Spivac 2,Women's Bantamweight,Karol Rosa,8,Pannie Kianzad,17,False,False,False,False,U-DEC
2024-08-10,UFC Fight Night: Tybura vs. Spivac 2,Featherweight,Youssef Zalal,27,Jarno Errens,57,False,False,False,False,SUB
2024-08-10,UFC Fight Night: Tybura vs. Spivac 2,Women's Bantamweight,Yana Santos,999,Chelsea Chandler,10,False,False,False,False,U-DEC
2024-08-10,UFC Fight Night: Tybura vs. Spivac 2,Featherweight,Damon Jackson,25,Chepe Mariscal,24,False,False,False,False,U-DEC
2024-08-17,UFC 305: Du Plessis vs. Adesanya,Lightweight,Mateusz Gamrot,6,Dan Hooker,18,False,False,False,False,S-DEC
2024-08-17,UFC 305: Du Plessis vs. Adesanya,Flyweight,Stewart Nicoll,999,Jesus Aguilar,22,False,False,False,False,SUB
2024-08-17,UFC 305: Du Plessis vs. Adesanya,Welterweight,Li Jingliang,999,Carlos Prates,47,False,False,False,False,KO/TKO
2024-08-17,UFC 305: Du Plessis vs. Adesanya,Featherweight,Josh Culibao,56,Ricardo Ramos,54,False,False,False,False,S-DEC
2024-08-17,UFC 305: Du Plessis vs. Adesanya,Middleweight,Dricus Du Plessis,1,Israel Adesanya,6,True,True,True,False,SUB
2024-08-17,UFC 305: Du Plessis vs. Adesanya,Women's Flyweight,Casey O'Neill,23,Luana Santos,12,False,False,False,False,U-DEC
2024-08-17,UFC 305: Du Plessis vs. Adesanya,Flyweight,Kai Kara-France,9,Steve Erceg,14,False,True,False,False,KO/TKO
2024-08-17,UFC 305: Du Plessis vs. Adesanya,Featherweight,Jack Jenkins,46,Herbert Burns,73,False,False,False,False,KO/TKO
2024-08-17,UFC 305: Du Plessis vs. Adesanya,Lightweight,Tom Nolan,88,Alex Reyes,99,False,False,False,False,U-DEC
2024-08-17,UFC 305: Du Plessis vs. Adesanya,Heavyweight,Tai Tuivasa,20,Jairzinho Rozenstruik,9,False,False,False,False,S-DEC
2024-08-17,UFC 305: Du Plessis vs. Adesanya,Heavyweight,Junior Tafa,30,Valter Walker,33,False,False,False,False,SUB
2024-08-17,UFC 305: Du Plessis vs. Adesanya,Welterweight,Song Kenan,71,Ricky Glenn,999,False,False,False,False,U-DEC
2024-08-24,UFC Fight Night: Cannonier vs. Borralho,Middleweight,Jared Cannonier,8,Caio Borralho,16,False,True,False,False,U-DEC
2024-08-24,UFC Fight Night: Cannonier vs. Borralho,Middleweight,Edmen Shahbazyan,33,Gerald Meerschaert,39,False,False,False,False,SUB
2024-08-24,UFC Fight Night: Cannonier vs. Borralho,Lightweight,Dennis Buzukja,999,Francis Marshall,999,False,False,False,False,S-DEC
2024-08-24,UFC Fight Night: Cannonier vs. Borralho,Middleweight,Robert Valentin,999,Ryan Loder,999,False,False,False,False,KO/TKO
2024-08-24,UFC Fight Night: Cannonier vs. Borralho,Women's Strawweight,Angela Hill,8,Tabatha Ricci,12,False,True,False,False,U-DEC
2024-08-24,UFC Fight Night: Cannonier vs. Borralho,Women's Bantamweight,Jacqueline Cavalcanti,999,Josiane Nunes,20,False,False,False,False,S-DEC
2024-08-24,UFC Fight Night: Cannonier vs. Borralho,Welterweight,Neil Magny,22,Michael Morales,12,False,False,False,False,KO/TKO
2024-08-24,UFC Fight Night: Cannonier vs. Borralho,Lightweight,Viacheslav Borshchev,71,James Llontop,79,False,False,False,False,S-DEC
2024-08-24,UFC Fight Night: Cannonier vs. Borralho,Featherweight,Kaan Ofli,999,Mairon Santos,999,False,False,False,False,KO/TKO
2024-08-24,UFC Fight Night: Cannonier vs. Borralho,Middleweight,Zach Reese,44,Jose Daniel Medina,999,False,False,False,False,U-DEC
2024-08-24,UFC Fight Night: Cannonier vs. Borralho,Women's Flyweight,Wang Cong,999,Victoria Leonardo,42,False,False,False,False,KO/TKO
2024-09-07,UFC Fight Night: Burns vs. Brady,Featherweight,Zygimantas Ramaska,999,Nathan Fletcher,999,False,False,False,False,SUB
2024-09-07,UFC Fight Night: Burns vs. Brady,Featherweight,Steve Garcia,12,Kyle Nelson,37,False,False,False,False,KO/TKO
2024-09-07,UFC Fight Night: Burns vs. Brady,Flyweight,Felipe dos Santos,26,Andre Lima,19,False,False,False,False,U-DEC
2024-09-07,UFC Fight Night: Burns vs. Brady,Featherweight,Yizha,999,Gabriel Santos,70,False,False,False,False,U-DEC
2024-09-07,UFC Fight Night: Burns vs. Brady,Lightweight,Trevor Peek,58,Yanal Ashmouz,71,False,False,False,False,U-DEC
2024-09-07,UFC Fight Night: Burns vs. Brady,Featherweight,Isaac Dulgarian,32,Brendon Marotte,999,False,False,False,False,SUB
2024-09-07,UFC Fight Night: Burns vs. Brady,Lightweight,Rongzhu,999,Chris Padilla,62,False,False,False,False,KO/TKO
2024-09-07,UFC Fight Night: Burns vs. Brady,Women's Flyweight,Jessica Andrade,999,Natalia Silva,7,False,False,False,False,U-DEC
2024-09-07,UFC Fight Night: Burns vs. Brady,Welterweight,Gilbert Burns,9,Sean Brady,12,False,True,False,False,U-DEC
2024-09-07,UFC Fight Night: Burns vs. Brady,Women's Strawweight,Jaqueline Amorim,16,Vanessa Demopoulos,45,False,False,False,False,SUB
2024-09-07,UFC Fight Night: Burns vs. Brady,Middleweight,Andre Petroski,43,Dylan Budka,60,False,False,False,False,U-DEC
2024-09-07,UFC Fight Night: Burns vs. Brady,Bantamweight,Matt Schnell,999,Cody Durden,999,False,False,False,False,SUB
2024-09-14,UFC 306: Riyadh Season Noche UFC,Featherweight,Brian Ortega,17,Diego Lopes,999,False,False,False,False,U-DEC
2024-09-14,UFC 306: Riyadh Season Noche UFC,Women's Bantamweight,Irene Aldana,10,Norma Dumont,3,True,True,False,True,U-DEC
2024-09-14,UFC 306: Riyadh Season Noche UFC,Lightweight,Daniel Zellhuber,33,Esteban Ribovics,19,False,False,False,False,S-DEC
2024-09-14,UFC 306: Riyadh Season Noche UFC,Bantamweight,Sean O'Malley,2,Merab Dvalishvili,1,True,True,True,False,U-DEC
2024-09-14,UFC 306: Riyadh Season Noche UFC,Lightweight,Manuel Torres,13,Ignacio Bahamondes,23,False,False,False,False,KO/TKO
2024-09-14,UFC 306: Riyadh Season Noche UFC,Bantamweight,Raul Rosas Jr.,29,Aoriqileng,69,False,False,False,False,U-DEC
2024-09-14,UFC 306: Riyadh Season Noche UFC,Women's Flyweight,Alexa Grasso,9,Valentina Shevchenko,2,True,True,True,False,U-DEC
2024-09-14,UFC 306: Riyadh Season Noche UFC,Flyweight,Ronaldo Rodriguez,32,Ode Osbourne,41,False,False,False,False,U-DEC
2024-09-14,UFC 306: Riyadh Season Noche UFC,Women's Strawweight,Yazmin Jauregui,23,Ketlen Souza,31,False,False,False,False,SUB
2024-09-14,UFC 306: Riyadh Season Noche UFC,Flyweight,Edgar Chairez,33,Joshua Van,14,False,False,False,False,U-DEC
2024-09-28,UFC Fight Night: Moicano vs. Saint Denis,Featherweight,William Gomis,38,Joanderson Brito,7,False,False,False,False,S-DEC
2024-09-28,UFC Fight Night: Moicano vs. Saint Denis,Light Heavyweight,Oumar Sy,30,Da Woon Jung,20,False,False,False,False,U-DEC
2024-09-28,UFC Fight Night: Moicano vs. Saint Denis,Welterweight,Kevin Jousset,38,Bryan Battle,31,False,False,False,False,KO/TKO
2024-09-28,UFC Fight Night: Moicano vs. Saint Denis,Flyweight,Daniel Barez,33,Victor Altamirano,20,False,False,False,False,U-DEC
2024-09-28,UFC Fight Night: Moicano vs. Saint Denis,Middleweight,Nassourdine Imavov,10,Brendan Allen,11,True,True,False,True,U-DEC
2024-09-28,UFC Fight Night: Moicano vs. Saint Denis,Women's Bantamweight,Ailin Perez,4,Daria Zhelezniakova,16,False,True,False,False,SUB
2024-09-28,UFC Fight Night: Moicano vs. Saint Denis,Lightweight,Renato Moicano,16,Benoit Saint Denis,9,False,True,False,False,KO/TKO
2024-09-28,UFC Fight Night: Moicano vs. Saint Denis,Light Heavyweight,Ion Cutelaba,17,Ivan Erslan,999,False,False,False,False,S-DEC
2024-09-28,UFC Fight Night: Moicano vs. Saint Denis,Women's Bantamweight,Nora Cornolle,9,Jacqueline Cavalcanti,8,True,True,False,True,S-DEC
2024-09-28,UFC Fight Night: Moicano vs. Saint Denis,Bantamweight,Taylor Lapilus,31,Vince Morales,999,False,False,False,False,U-DEC
2024-09-28,UFC Fight Night: Moicano vs. Saint Denis,Lightweight,Fares Ziam,45,Matt Frevola,26,False,False,False,False,KO/TKO
2024-09-28,UFC Fight Night: Moicano vs. Saint Denis,Lightweight,Ludovit Klein,22,Roosevelt Roberts,82,False,False,False,False,U-DEC
2024-09-28,UFC Fight Night: Moicano vs. Saint Denis,Lightweight,Bolaji Oki,55,Chris Duncan,51,False,False,False,False,SUB
2024-09-28,UFC Fight Night: Moicano vs. Saint Denis,Featherweight,Morgan Charriere,47,Gabriel Miranda,63,False,False,False,False,KO/TKO
2024-10-05,UFC 307: Pereira vs. Rountree Jr.,Women's Bantamweight,Raquel Pennington,3,Julianna Pena,999,False,False,True,False,S-DEC
2024-10-05,UFC 307: Pereira vs. Rountree Jr.,Bantamweight,Jose Aldo,12,Mario Bautista,11,False,True,False,False,S-DEC
2024-10-05,UFC 307: Pereira vs. Rountree Jr.,Light Heavyweight,Ryan Spann,24,Ovince Saint Preux,38,False,False,False,False,SUB
2024-10-05,UFC 307: Pereira vs. Rountree Jr.,Women's Strawweight,Carla Esparza,999,Tecia Pennington,12,False,False,False,False,U-DEC
2024-10-05,UFC 307: Pereira vs. Rountree Jr.,Middleweight,Roman Dolidze,999,Kevin Holland,13,False,False,False,False,KO/TKO
2024-10-05,UFC 307: Pereira vs. Rountree Jr.,Welterweight,Stephen Thompson,11,Joaquin Buckley,10,True,True,False,True,KO/TKO
2024-10-05,UFC 307: Pereira vs. Rountree Jr.,Welterweight,Court McGee,48,Tim Means,30,False,False,False,False,SUB
2024-10-05,UFC 307: Pereira vs. Rountree Jr.,Light Heavyweight,Alex Pereira,1,Khalil Rountree Jr.,13,False,True,True,False,KO/TKO
2024-10-05,UFC 307: Pereira vs. Rountree Jr.,Women's Bantamweight,Ketlen Vieira,12,Kayla Harrison,5,False,True,False,False,U-DEC
2024-10-05,UFC 307: Pereira vs. Rountree Jr.,Lightweight,Austin Hubbard,71,Alexander Hernandez,999,False,False,False,False,S-DEC
2024-10-05,UFC 307: Pereira vs. Rountree Jr.,Women's Strawweight,Marina Rodriguez,5,Iasmin Lucindo,11,True,True,False,True,S-DEC
2024-10-05,UFC 307: Pereira vs. Rountree Jr.,Middleweight,Cesar Almeida,43,Ihor Potieria,47,False,False,False,False,U-DEC
2024-10-12,UFC Fight Night: Royval vs. Taira,Women's Strawweight,Julia Polastri,41,Cory McKenna,29,False,False,False,False,S-DEC
2024-10-12,UFC Fight Night: Royval vs. Taira,Welterweight,Themba Gorimbo,22,Niko Price,56,False,False,False,False,U-DEC
2024-10-12,UFC Fight Night: Royval vs. Taira,Featherweight,Jonathan Pearce,16,Pat Sabatini,60,False,False,False,False,SUB
2024-10-12,UFC Fight Night: Royval vs. Taira,Middleweight,Brad Tavares,43,JunYong Park,28,False,False,False,False,S-DEC
2024-10-12,UFC Fight Night: Royval vs. Taira,Heavyweight,Junior Tafa,33,Sean Sharaf,999,False,False,False,False,KO/TKO
2024-10-12,UFC Fight Night: Royval vs. Taira,Lightweight,Grant Dawson,13,Rafa Garcia,999,False,False,False,False,KO/TKO
2024-10-12,UFC Fight Night: Royval vs. Taira,Flyweight,Brandon Royval,7,Tatsuro Taira,2,True,True,False,True,S-DEC
2024-10-12,UFC Fight Night: Royval vs. Taira,Bantamweight,Dan Argueta,48,Cody Haddon,999,False,False,False,False,U-DEC
2024-10-12,UFC Fight Night: Royval vs. Taira,Flyweight,Clayton Carpenter,999,Lucas Rocha,999,False,False,False,False,SUB
2024-10-12,UFC Fight Night: Royval vs. Taira,Welterweight,Chidi Njokuani,63,Jared Gooden,57,False,False,False,False,U-DEC
2024-10-12,UFC Fight Night: Royval vs. Taira,Flyweight,CJ Vergara,32,Ramazan Temirov,999,False,False,False,False,KO/TKO
2024-10-12,UFC Fight Night: Royval vs. Taira,Welterweight,Daniel Rodriguez,999,Alex Morono,52,False,False,False,False,S-DEC
2024-10-19,UFC Fight Night: Hernandez vs. Pereira,Featherweight,Darren Elkins,53,Daniel Pineda,59,False,False,False,False,U-DEC
2024-10-19,UFC Fight Night: Hernandez vs. Pereira,Bantamweight,Brad Katona,56,Jean Matsumoto,57,False,False,False,False,U-DEC
2024-10-19,UFC Fight Night: Hernandez vs. Pereira,Heavyweight,Austen Lane,36,Robelis Despaigne,28,False,False,False,False,U-DEC
2024-10-19,UFC Fight Night: Hernandez vs. Pereira,Women's Strawweight,Melissa Martinez,999,Alice Ardelean,39,False,False,False,False,U-DEC
2024-10-19,UFC Fight Night: Hernandez vs. Pereira,Flyweight,Charles Johnson,11,Sumudaerji,999,False,False,False,False,U-DEC
2024-10-19,UFC Fight Night: Hernandez vs. Pereira,Women's Strawweight,Jessica Penne,999,Elise Reed,46,False,False,False,False,U-DEC
2024-10-19,UFC Fight Night: Hernandez vs. Pereira,Middleweight,Anthony Hernandez,18,Michel Pereira,7,False,False,False,False,KO/TKO
2024-10-19,UFC Fight Night: Hernandez vs. Pereira,Bantamweight,Jake Hadley,51,Cameron Smotherman,999,False,False,False,False,U-DEC
2024-10-19,UFC Fight Night: Hernandez vs. Pereira,Flyweight,Matheus Nicolau,23,Asu Almabayev,6,False,False,False,False,U-DEC
2024-10-19,UFC Fight Night: Hernandez vs. Pereira,Bantamweight,Rob Font,10,Kyler Phillips,15,False,True,False,False,U-DEC
2024-10-19,UFC Fight Night: Hernandez vs. Pereira,Women's Bantamweight,Joselyne Edwards,20,Tamires Vidal,31,False,False,False,False,SUB
2024-10-26,UFC 308: Topuria vs. Holloway,Middleweight,Shara Magomedov,22,Armen Petrosyan,39,False,False,False,False,KO/TKO
2024-10-26,UFC 308: Topuria vs. Holloway,Welterweight,Geoff Neal,14,Rafael Dos Anjos,999,False,False,False,False,KO/TKO
2024-10-26,UFC 308: Topuria vs. Holloway,Featherweight,Farid Basharat,999,Victor Hugo,999,False,False,False,False,U-DEC
2024-10-26,UFC 308: Topuria vs. Holloway,Welterweight,Rinat Fakhretdinov,8,Carlos Leal,999,False,False,False,False,U-DEC
2024-10-26,UFC 308: Topuria vs. Holloway,Light Heavyweight,Ibo Aslan,30,Rafael Cerquiera,999,False,False,False,False,KO/TKO
2024-10-26,UFC 308: Topuria vs. Holloway,Middleweight,Abus Magomedov,35,Brunno Ferreira,36,False,False,False,False,SUB
2024-10-26,UFC 308: Topuria vs. Holloway,Light Heavyweight,Magomed Ankalaev,2,Aleksandar Rakic,11,True,True,False,True,U-DEC
2024-10-26,UFC 308: Topuria vs. Holloway,Middleweight,Robert Whittaker,3,Khamzat Chimaev,2,True,True,False,True,SUB
2024-10-26,UFC 308: Topuria vs. Holloway,Middleweight,Ismail Naurdiev,999,Bruno Silva,999,False,False,False,False,U-DEC
2024-10-26,UFC 308: Topuria vs. Holloway,Featherweight,Lerone Murphy,9,Dan Ige,999,False,False,False,False,U-DEC
2024-10-26,UFC 308: Topuria vs. Holloway,Heavyweight,Kennedy Nzechukwu,999,Chris Barnett,999,False,False,False,False,KO/TKO
2024-10-26,UFC 308: Topuria vs. Holloway,Featherweight,Ilia Topuria,5,Max Holloway,999,False,False,True,False,KO/TKO
2024-11-02,UFC Fight Night: Moreno vs. Albazi,Women's Flyweight,Erin Blanchfield,4,Rose Namajunas,3,True,True,False,True,U-DEC
2024-11-02,UFC Fight Night: Moreno vs. Albazi,Bantamweight,Charles Jourdain,999,Victor Henry,12,False,False,False,False,SUB
2024-11-02,UFC Fight Night: Moreno vs. Albazi,Featherweight,Jack Shore,26,Youssef Zalal,28,False,False,False,False,SUB
2024-11-02,UFC Fight Night: Moreno vs. Albazi,Middleweight,Marc-Andre Barriault,56,Dustin Stoltzfus,52,False,False,False,False,KO/TKO
2024-11-02,UFC Fight Night: Moreno vs. Albazi,Flyweight,Brandon Moreno,2,Amir Albazi,8,True,True,False,True,U-DEC
2024-11-02,UFC Fight Night: Moreno vs. Albazi,Light Heavyweight,Caio Machado,999,Brendson Ribeiro,41,False,False,False,False,S-DEC
2024-11-02,UFC Fight Night: Moreno vs. Albazi,Bantamweight,Aiemann Zahabi,26,Pedro Munhoz,35,False,False,False,False,U-DEC
2024-11-02,UFC Fight Night: Moreno vs. Albazi,Bantamweight,Chad Anheliger,55,Cody Gibson,48,False,False,False,False,U-DEC
2024-11-02,UFC Fight Night: Moreno vs. Albazi,Welterweight,Mike Malott,23,Trevin Giles,67,False,False,False,False,U-DEC
2024-11-02,UFC Fight Night: Moreno vs. Albazi,Heavyweight,Alexandr Romanov,9,Rodrigo Nascimento,23,False,False,False,False,U-DEC
2024-11-02,UFC Fight Night: Moreno vs. Albazi,Women's Flyweight,Ariane da Silva,18,Jasmine Jasudavicius,17,False,False,False,False,SUB
2024-11-02,UFC Fight Night: Moreno vs. Albazi,Women's Flyweight,Jamey-Lyn Horth,28,Ivana Petrovic,36,False,False,False,False,S-DEC
2024-11-02,UFC Fight Night: Moreno vs. Albazi,Bantamweight,Serhiy Sidey,58,Garrett Armfield,40,False,False,False,False,S-DEC
2024-11-09,UFC Fight Night: Magny vs. Prates,Middleweight,Gerald Meerschaert,39,Reinier de Ridder,999,False,False,False,False,SUB
2024-11-09,UFC Fight Night: Magny vs. Prates,Women's Bantamweight,Melissa Mullins,29,Klaudia Sygula,999,False,False,False,False,KO/TKO
2024-11-09,UFC Fight Night: Magny vs. Prates,Middleweight,Tresean Gore,999,Antonio Trocoli,60,False,False,False,False,SUB
2024-11-09,UFC Fight Night: Magny vs. Prates,Welterweight,Matthew Semelsberger,50,Charles Radtke,54,False,False,False,False,KO/TKO
2024-11-09,UFC Fight Night: Magny vs. Prates,Bantamweight,Cody Stamann,44,Da'Mon Blackshear,33,False,False,False,False,SUB
2024-11-09,UFC Fight Night: Magny vs. Prates,Welterweight,Neil Magny,32,Carlos Prates,26,False,False,False,False,KO/TKO
2024-11-09,UFC Fight Night: Magny vs. Prates,Women's Strawweight,Luana Pinheiro,28,Gillian Robertson,12,False,False,False,False,U-DEC
2024-11-09,UFC Fight Night: Magny vs. Prates,Welterweight,Elizeu Zaleski dos Santos,30,Zachary Scroggin,999,False,False,False,False,KO/TKO
2024-11-09,UFC Fight Night: Magny vs. Prates,Women's Strawweight,Karolina Kowalkiewicz,21,Denise Gomes,13,False,False,False,False,U-DEC
2024-11-09,UFC Fight Night: Magny vs. Prates,Bantamweight,Gaston Bolanos,69,Cortavious Romious,999,False,False,False,False,U-DEC
2024-11-09,UFC Fight Night: Magny vs. Prates,Middleweight,Mansur Abdul-Malik,999,Dusko Todorovic,999,False,False,False,False,KO/TKO
2024-11-16,UFC 309: Jones vs. Miocic,Welterweight,Mickey Gall,72,Ramiz Brahimaj,67,False,False,False,False,KO/TKO
2024-11-16,UFC 309: Jones vs. Miocic,Bantamweight,Jonathan Martinez,16,Marcus McGhee,21,False,False,False,False,U-DEC
2024-11-16,UFC 309: Jones vs. Miocic,Lightweight,Jim Miller,32,Damon Jackson,999,False,False,False,False,SUB
2024-11-16,UFC 309: Jones vs. Miocic,Women's Flyweight,Veronica Hardy,26,Eduarda Moura,999,False,False,False,False,U-DEC
2024-11-16,UFC 309: Jones vs. Miocic,Lightweight,Charles Oliveira,3,Michael Chandler,999,False,False,False,False,U-DEC
2024-11-16,UFC 309: Jones vs. Miocic,Heavyweight,Marcin Tybura,13,Jhonata Diniz,16,False,True,False,False,KO/TKO
2024-11-16,UFC 309: Jones vs. Miocic,Women's Flyweight,Viviane Araujo,22,Karine Silva,10,False,False,False,False,U-DEC
2024-11-16,UFC 309: Jones vs. Miocic,Welterweight,Bassil Hafez,56,Oban Elliott,38,False,False,False,False,KO/TKO
2024-11-16,UFC 309: Jones vs. Miocic,Heavyweight,Jon Jones,999,Stipe Miocic,999,False,False,True,False,KO/TKO
2024-11-16,UFC 309: Jones vs. Miocic,Lightweight,David Onama,999,Roberto Romero,999,False,False,False,False,U-DEC
2024-11-16,UFC 309: Jones vs. Miocic,Middleweight,Bo Nickal,20,Paul Craig,41,False,False,False,False,U-DEC
2024-11-23,UFC Fight Night: Yan vs. Figueiredo,Light Heavyweight,Volkan Oezdemir,4,Carlos Ulberg,5,True,True,False,True,U-DEC
2024-11-23,UFC Fight Night: Yan vs. Figueiredo,Flyweight,Lone'er Kavanagh,999,Jose Ochoa,999,False,False,False,False,U-DEC
2024-11-23,UFC Fight Night: Yan vs. Figueiredo,Light Heavyweight,Zhang Mingyang,23,Ozzy Diaz,999,False,False,False,False,KO/TKO
2024-11-23,UFC Fight Night: Yan vs. Figueiredo,Flyweight,Nyamjargal Tumendemberel,999,Carlos Hernandez,39,False,False,False,False,S-DEC
2024-11-23,UFC Fight Night: Yan vs. Figueiredo,Women's Flyweight,Wang Cong,22,Gabriella Fernandes,40,False,False,False,False,SUB
2024-11-23,UFC Fight Night: Yan vs. Figueiredo,Flyweight,Kiru Sahota,999,DongHun Choi,999,False,False,True,False,KO/TKO
2024-11-23,UFC Fight Night: Yan vs. Figueiredo,Lightweight,Maheshate,91,Nikolas Motta,45,False,False,False,False,U-DEC
2024-11-23,UFC Fight Night: Yan vs. Figueiredo,Bantamweight,Baergeng Jieleyisi,999,SuYoung You,999,False,False,True,False,U-DEC
2024-11-23,UFC Fight Night: Yan vs. Figueiredo,Women's Strawweight,Shi Ming,999,Feng Xiaocan,999,False,False,True,False,KO/TKO
2024-11-23,UFC Fight Night: Yan vs. Figueiredo,Welterweight,Song Kenan,64,Muslim Salikhov,36,False,False,False,False,KO/TKO
2024-11-23,UFC Fight Night: Yan vs. Figueiredo,Women's Strawweight,Yan Xiaonan,2,Tabatha Ricci,11,True,True,False,True,U-DEC
2024-11-23,UFC Fight Night: Yan vs. Figueiredo,Bantamweight,Petr Yan,5,Deiveson Figueiredo,15,False,True,False,False,U-DEC
2024-11-23,UFC Fight Night: Yan vs. Figueiredo,Bantamweight,Xiao Long,63,Quang Le,59,False,False,False,False,KO/TKO
2024-12-07,UFC 310: Pantoja vs. Asakura,Featherweight,Bryce Mitchell,20,Kron Gracie,999,False,False,False,False,KO/TKO
2024-12-07,UFC 310: Pantoja vs. Asakura,Featherweight,Nate Landwehr,41,Dooho Choi,50,False,False,False,False,KO/TKO
2024-12-07,UFC 310: Pantoja vs. Asakura,Welterweight,Shavkat Rakhmonov,1,Ian Machado Garry,6,True,True,False,True,U-DEC
2024-12-07,UFC 310: Pantoja vs. Asakura,Welterweight,Vicente Luque,28,Themba Gorimbo,15,False,False,False,False,SUB
2024-12-07,UFC 310: Pantoja vs. Asakura,Lightweight,Clay Guida,77,Chase Hooper,32,False,False,False,False,SUB
2024-12-07,UFC 310: Pantoja vs. Asakura,Welterweight,Randy Brown,14,Bryan Battle,22,False,False,False,False,S-DEC
2024-12-07,UFC 310: Pantoja vs. Asakura,Light Heavyweight,Dominick Reyes,11,Anthony Smith,19,False,False,False,False,KO/TKO
2024-12-07,UFC 310: Pantoja vs. Asakura,Welterweight,Michael Chiesa,30,Max Griffin,24,False,False,False,False,SUB
2024-12-07,UFC 310: Pantoja vs. Asakura,Flyweight,Cody Durden,999,Joshua Van,11,False,False,False,False,U-DEC
2024-12-07,UFC 310: Pantoja vs. Asakura,Featherweight,Movsar Evloev,6,Aljamain Sterling,3,True,True,False,True,U-DEC
2024-12-07,UFC 310: Pantoja vs. Asakura,Flyweight,Alexandre Pantoja,1,Kai Asakura,999,False,False,True,False,SUB
2024-12-07,UFC 310: Pantoja vs. Asakura,Heavyweight,Kennedy Nzechukwu,18,Lukasz Brzeski,37,False,False,False,False,KO/TKO
2024-12-07,UFC 310: Pantoja vs. Asakura,Heavyweight,Ciryl Gane,3,Alexander Volkov,2,True,True,False,True,S-DEC
2024-12-14,UFC Fight Night: Covington vs. Buckley,Welterweight,Colby Covington,7,Joaquin Buckley,9,True,True,False,True,KO/TKO
2024-12-14,UFC Fight Night: Covington vs. Buckley,Flyweight,Manel Kape,10,Bruno Silva,999,False,False,False,False,KO/TKO
2024-12-14,UFC Fight Night: Covington vs. Buckley,Light Heavyweight,Navajo Stirling,999,Tuco Tokkos,38,False,False,False,False,U-DEC
2024-12-14,UFC Fight Night: Covington vs. Buckley,Bantamweight,Adrian Yanez,19,Daniel Marcos,23,False,False,False,False,S-DEC
2024-12-14,UFC Fight Night: Covington vs. Buckley,Featherweight,Cub Swanson,34,Billy Quarantillo,43,False,False,False,False,KO/TKO
2024-12-14,UFC Fight Night: Covington vs. Buckley,Light Heavyweight,Vitor Petrino,21,Dustin Jacoby,17,False,False,False,False,KO/TKO
2024-12-14,UFC Fight Night: Covington vs. Buckley,Lightweight,Michael Johnson,29,Ottman Azaitar,92,False,False,False,False,KO/TKO
2024-12-14,UFC Fight Night: Covington vs. Buckley,Lightweight,Joel Alvarez,21,Drakkar Klose,32,False,False,False,False,KO/TKO
2024-12-14,UFC Fight Night: Covington vs. Buckley,Bantamweight,Davey Grant,33,Ramon Taveras,59,False,False,False,False,U-DEC
2024-12-14,UFC Fight Night: Covington vs. Buckley,Featherweight,Miles Johns,999,Felipe Lima,49,False,False,False,False,U-DEC
2024-12-14,UFC Fight Night: Covington vs. Buckley,Women's Flyweight,Miranda Maverick,10,Jamey-Lyn Horth,28,False,False,False,False,U-DEC
2024-12-14,UFC Fight Night: Covington vs. Buckley,Featherweight,Sean Woodson,26,Fernando Padilla,23,False,False,False,False,KO/TKO
2024-12-14,UFC Fight Night: Covington vs. Buckley,Women's Strawweight,Josefine Knutsson,12,Piera Rodriguez,31,False,False,False,False,U-DEC
2025-01-11,UFC Fight Night: Dern vs. Ribas 2,Featherweight,Christian Rodriguez,41,Austin Bashi,999,False,False,False,False,U-DEC
2025-01-11,UFC Fight Night: Dern vs. Ribas 2,Lightweight,Nurullo Aliev,999,Joe Solecki,37,False,False,False,False,U-DEC
2025-01-11,UFC Fight Night: Dern vs. Ribas 2,Welterweight,Punahele Soriano,59,Uros Medic,37,False,False,False,False,KO/TKO
2025-01-11,UFC Fight Night: Dern vs. Ribas 2,Lightweight,Thiago Moises,57,Trey Ogden,53,False,False,False,False,U-DEC
2025-01-11,UFC Fight Night: Dern vs. Ribas 2,Welterweight,Preston Parsons,44,Jacobe Smith,999,False,False,False,False,KO/TKO
2025-01-11,UFC Fight Night: Dern vs. Ribas 2,Light Heavyweight,Magomed Gadzhiyasulov,31,Bruno Lopes,999,False,False,False,False,U-DEC
2025-01-11,UFC Fight Night: Dern vs. Ribas 2,Flyweight,Jose Johnson,39,Felipe Bunes,42,False,False,False,False,SUB
2025-01-11,UFC Fight Night: Dern vs. Ribas 2,Middleweight,Marco Tulio,999,Ihor Potieria,50,False,False,False,False,KO/TKO
2025-01-11,UFC Fight Night: Dern vs. Ribas 2,Middleweight,Cesar Almeida,40,Abdul Razak Alhassan,49,False,False,False,False,KO/TKO
2025-01-11,UFC Fight Night: Dern vs. Ribas 2,Middleweight,Chris Curtis,30,Roman Kopylov,28,False,False,False,False,KO/TKO
2025-01-11,UFC Fight Night: Dern vs. Ribas 2,Women's Flyweight,Ernesta Kareckaite,30,Nicolle Caliari,999,False,False,False,False,S-DEC
2025-01-11,UFC Fight Night: Dern vs. Ribas 2,Welterweight,Santiago Ponzinibbio,29,Carlston Harris,33,False,False,False,False,KO/TKO
2025-01-11,UFC Fight Night: Dern vs. Ribas 2,Women's Strawweight,Fatima Kline,999,Viktoriia Dudakova,26,False,False,False,False,KO/TKO
2025-01-11,UFC Fight Night: Dern vs. Ribas 2,Women's Strawweight,Mackenzie Dern,14,Amanda Ribas,999,False,False,False,False,SUB
2025-01-18,UFC 311: Makhachev vs. Moicano,Women's Bantamweight,Karol Rosa,7,Ailin Perez,4,True,True,False,True,U-DEC
2025-01-18,UFC 311: Makhachev vs. Moicano,Heavyweight,Jailton Almeida,4,Serghei Spivac,9,True,True,False,True,KO/TKO
2025-01-18,UFC 311: Makhachev vs. Moicano,Middleweight,Kevin Holland,17,Reinier de Ridder,38,False,False,False,False,SUB
2025-01-18,UFC 311: Makhachev vs. Moicano,Middleweight,Zach Reese,32,Azamat Bekoev,999,False,False,False,False,KO/TKO
2025-01-18,UFC 311: Makhachev vs. Moicano,Light Heavyweight,Jiri Prochazka,10,Jamahal Hill,8,True,True,False,True,KO/TKO
2025-01-18,UFC 311: Makhachev vs. Moicano,Bantamweight,Ricky Turcios,60,Benardo Sopaj,66,False,False,False,False,U-DEC
2025-01-18,UFC 311: Makhachev vs. Moicano,Light Heavyweight,Bogdan Guskov,24,Billy Elekana,999,False,False,False,False,SUB
2025-01-18,UFC 311: Makhachev vs. Moicano,Lightweight,Grant Dawson,8,Diego Ferreira,11,True,True,False,True,U-DEC
2025-01-18,UFC 311: Makhachev vs. Moicano,Bantamweight,Payton Talbott,14,Raoni Barcelos,35,False,False,False,False,U-DEC
2025-01-18,UFC 311: Makhachev vs. Moicano,Lightweight,Islam Makhachev,1,Renato Moicano,9,True,True,True,False,SUB
2025-01-18,UFC 311: Makhachev vs. Moicano,Flyweight,Tagir Ulanbekov,10,Clayton Carpenter,13,False,True,False,False,U-DEC
2025-01-18,UFC 311: Makhachev vs. Moicano,Bantamweight,Rinya Nakamura,20,Muin Gafurov,40,False,False,False,False,U-DEC
2025-01-18,UFC 311: Makhachev vs. Moicano,Bantamweight,Merab Dvalishvili,1,Umar Nurmagomedov,2,True,True,True,False,U-DEC
2025-02-01,UFC Fight Night: Adesanya vs. Imavov,Heavyweight,Sergei Pavlovich,5,Jairzinho Rozenstruik,8,True,True,False,True,U-DEC
2025-02-01,UFC Fight Night: Adesanya vs. Imavov,Middleweight,Shara Magomedov,23,Michael Page,999,False,False,False,False,U-DEC
2025-02-01,UFC Fight Night: Adesanya vs. Imavov,Heavyweight,Shamil Gaziev,17,Thomas Petersen,26,False,False,False,False,KO/TKO
2025-02-01,UFC Fight Night: Adesanya vs. Imavov,Bantamweight,Said Nurmagomedov,9,Vinicius Oliveira,22,False,False,False,False,U-DEC
2025-02-01,UFC Fight Night: Adesanya vs. Imavov,Featherweight,Bogdan Grad,999,Lucas Alexander,62,False,False,False,False,KO/TKO
2025-02-01,UFC Fight Night: Adesanya vs. Imavov,Lightweight,Fares Ziam,25,Mike Davis,47,False,False,False,False,U-DEC
2025-02-01,UFC Fight Night: Adesanya vs. Imavov,Middleweight,Israel Adesanya,6,Nassourdine Imavov,7,True,True,False,True,KO/TKO
2025-02-01,UFC Fight Night: Adesanya vs. Imavov,Women's Flyweight,Jasmine Jasudavicius,15,Mayra Bueno Silva,999,False,False,False,False,U-DEC
2025-02-01,UFC Fight Night: Adesanya vs. Imavov,Featherweight,Muhammad Naimov,43,Kaan Ofli,74,False,False,False,False,U-DEC
2025-02-01,UFC Fight Night: Adesanya vs. Imavov,Heavyweight,Hamdy Abdelwahab,999,Jamal Pogues,33,False,False,False,False,S-DEC
2025-02-01,UFC Fight Night: Adesanya vs. Imavov,Lightweight,Terrance McKinney,45,Damir Hadzovic,999,False,False,False,False,KO/TKO
2025-02-08,UFC 312: Du Plessis vs. Strickland 2,Women's Strawweight,Zhang Weili,1,Tatiana Suarez,999,False,False,True,False,U-DEC
2025-02-08,UFC 312: Du Plessis vs. Strickland 2,Lightweight,Rongzhu,89,Kody Steele,999,False,False,False,False,U-DEC
2025-02-08,UFC 312: Du Plessis vs. Strickland 2,Lightweight,Quillan Salkilld,999,Anshul Jubli,59,False,False,False,False,KO/TKO
2025-02-08,UFC 312: Du Plessis vs. Strickland 2,Welterweight,Jake Matthews,28,Francisco Prado,999,False,False,False,False,U-DEC
2025-02-08,UFC 312: Du Plessis vs. Strickland 2,Lightweight,Tom Nolan,78,Viacheslav Borshchev,66,False,False,False,False,U-DEC
2025-02-08,UFC 312: Du Plessis vs. Strickland 2,Heavyweight,Justin Tafa,21,Tallison Teixeira,999,False,False,False,False,KO/TKO
2025-02-08,UFC 312: Du Plessis vs. Strickland 2,Welterweight,Jonathan Micallef,999,Kevin Jousset,55,False,False,False,False,U-DEC
2025-02-08,UFC 312: Du Plessis vs. Strickland 2,Women's Flyweight,Wang Cong,26,Bruna Brasil,999,False,False,False,False,U-DEC
2025-02-08,UFC 312: Du Plessis vs. Strickland 2,Featherweight,Jack Jenkins,32,Gabriel Santos,53,False,False,False,False,SUB
2025-02-08,UFC 312: Du Plessis vs. Strickland 2,Bantamweight,Colby Thicknesse,999,Aleksandre Topuria,999,False,False,False,False,U-DEC
2025-02-08,UFC 312: Du Plessis vs. Strickland 2,Middleweight,Dricus Du Plessis,2,Sean Strickland,4,True,True,True,False,U-DEC
2025-02-08,UFC 312: Du Plessis vs. Strickland 2,Light Heavyweight,Jimmy Crute,999,Rodolfo Bellato,28,False,False,False,False,M-DEC
2025-02-15,UFC Fight Night: Cannonier vs. Rodrigues,Bantamweight,Vince Morales,65,Elijah Smith,999,False,False,False,False,U-DEC
2025-02-15,UFC Fight Night: Cannonier vs. Rodrigues,Featherweight,Connor Matthews,81,Jose Delgado,999,False,False,False,False,KO/TKO
2025-02-15,UFC Fight Night: Cannonier vs. Rodrigues,Flyweight,Rafael Estevam,33,Jesus Aguilar,24,False,False,False,False,U-DEC
2025-02-15,UFC Fight Night: Cannonier vs. Rodrigues,Middleweight,Jared Cannonier,15,Gregory Rodrigues,12,False,True,False,False,KO/TKO
2025-02-15,UFC Fight Night: Cannonier vs. Rodrigues,Heavyweight,Don'Tale Mayes,31,Valter Walker,24,False,False,False,False,SUB
2025-02-15,UFC Fight Night: Cannonier vs. Rodrigues,Women's Bantamweight,Julia Avila,28,Jacqueline Cavalcanti,7,False,False,False,False,U-DEC
2025-02-15,UFC Fight Night: Cannonier vs. Rodrigues,Featherweight,Calvin Kattar,28,Youssef Zalal,19,False,False,False,False,U-DEC
2025-02-15,UFC Fight Night: Cannonier vs. Rodrigues,Welterweight,Gabriel Bonfim,21,Khaos Williams,13,False,False,False,False,SUB
2025-02-15,UFC Fight Night: Cannonier vs. Rodrigues,Middleweight,Rodolfo Vieira,44,Andre Petroski,43,False,False,False,False,U-DEC
2025-02-15,UFC Fight Night: Cannonier vs. Rodrigues,Lightweight,Ismael Bonfim,25,Nazim Sadykhov,77,False,False,False,False,KO/TKO
2025-02-15,UFC Fight Night: Cannonier vs. Rodrigues,Women's Strawweight,Angela Hill,12,Ketlen Souza,32,False,False,False,False,S-DEC
2025-02-15,UFC Fight Night: Cannonier vs. Rodrigues,Middleweight,Edmen Shahbazyan,36,Dylan Budka,60,False,False,False,False,KO/TKO
2025-02-22,UFC Fight Night: Cejudo vs. Song,Light Heavyweight,Ion Cutelaba,19,Ibo Aslan,18,False,False,False,False,SUB
2025-02-22,UFC Fight Night: Cejudo vs. Song,Middleweight,Brendan Allen,15,Anthony Hernandez,8,False,True,False,False,U-DEC
2025-02-22,UFC Fight Night: Cejudo vs. Song,Featherweight,Andre Fili,48,Melquizael Costa,54,False,False,False,False,SUB
2025-02-22,UFC Fight Night: Cejudo vs. Song,Featherweight,Jean Silva,999,Melsik Baghdasaryan,999,False,False,False,False,KO/TKO
2025-02-22,UFC Fight Night: Cejudo vs. Song,Light Heavyweight,Modestas Bukauskas,33,Rafael Cerquiera,41,False,False,False,False,KO/TKO
2025-02-22,UFC Fight Night: Cejudo vs. Song,Bantamweight,Henry Cejudo,16,Song Yadong,8,False,True,False,False,U-DEC
2025-02-22,UFC Fight Night: Cejudo vs. Song,Bantamweight,Ricky Simon,37,Javid Basharat,22,False,False,False,False,KO/TKO
2025-02-22,UFC Fight Night: Cejudo vs. Song,Light Heavyweight,Alonzo Menifield,22,Julius Walker,999,False,False,False,False,S-DEC
2025-02-22,UFC Fight Night: Cejudo vs. Song,Middleweight,Mansur Abdul-Malik,35,Nick Klein,999,False,False,False,False,KO/TKO
2025-02-22,UFC Fight Night: Cejudo vs. Song,Middleweight,Nursulton Ruziboev,999,Eric McConico,999,False,False,False,False,KO/TKO
2025-03-01,UFC Fight Night: Kape vs. Almabayev,Lightweight,Nasrat Haqparast,22,Esteban Ribovics,16,False,False,False,False,S-DEC
2025-03-01,UFC Fight Night: Kape vs. Almabayev,Featherweight,Hyder Amil,19,William Gomis,30,False,False,False,False,S-DEC
2025-03-01,UFC Fight Night: Kape vs. Almabayev,Women's Flyweight,Andrea Lee,21,JJ Aldrich,30,False,False,False,False,U-DEC
2025-03-01,UFC Fight Night: Kape vs. Almabayev,Featherweight,Danny Silva,61,Lucas Almeida,75,False,False,False,False,S-DEC
2025-03-01,UFC Fight Night: Kape vs. Almabayev,Flyweight,Charles Johnson,12,Ramazan Temirov,14,False,True,False,False,U-DEC
2025-03-01,UFC Fight Night: Kape vs. Almabayev,Middleweight,Cody Brundage,50,Julian Marquez,70,False,False,False,False,KO/TKO
2025-03-01,UFC Fight Night: Kape vs. Almabayev,Flyweight,Manel Kape,6,Asu Almabayev,7,True,True,False,True,KO/TKO
2025-03-01,UFC Fight Night: Kape vs. Almabayev,Heavyweight,Austen Lane,32,Mario Pinto,999,False,False,False,False,KO/TKO
2025-03-01,UFC Fight Night: Kape vs. Almabayev,Welterweight,Danny Barlow,43,Sam Patterson,48,False,False,False,False,KO/TKO
2025-03-01,UFC Fight Night: Kape vs. Almabayev,Featherweight,Ricardo Ramos,56,Chepe Mariscal,13,False,False,False,False,U-DEC
2025-03-08,UFC 313: Pereira vs. Ankalaev,Featherweight,Mairon Santos,43,Francis Marshall,999,False,False,False,False,S-DEC
2025-03-08,UFC 313: Pereira vs. Ankalaev,Lightweight,King Green,7,Mauricio Ruffy,999,False,False,False,False,KO/TKO
2025-03-08,UFC 313: Pereira vs. Ankalaev,Women's Strawweight,Amanda Lemos,8,Iasmin Lucindo,4,True,True,False,True,U-DEC
2025-03-08,UFC 313: Pereira vs. Ankalaev,Middleweight,Djorden Santos,999,Ozzy Diaz,999,False,False,False,False,U-DEC
2025-03-08,UFC 313: Pereira vs. Ankalaev,Light Heavyweight,Alex Pereira,1,Magomed Ankalaev,2,True,True,True,False,U-DEC
2025-03-08,UFC 313: Pereira vs. Ankalaev,Lightweight,Justin Gaethje,5,Rafael Fiziev,19,False,False,False,False,U-DEC
2025-03-08,UFC 313: Pereira vs. Ankalaev,Lightweight,Jalin Turner,11,Ignacio Bahamondes,10,True,True,False,True,SUB
2025-03-08,UFC 313: Pereira vs. Ankalaev,Flyweight,Joshua Van,7,Rei Tsuruya,30,False,False,False,False,U-DEC
2025-03-08,UFC 313: Pereira vs. Ankalaev,Welterweight,Alex Morono,54,Carlos Leal,47,False,False,False,False,KO/TKO
2025-03-08,UFC 313: Pereira vs. Ankalaev,Middleweight,Brunno Ferreira,43,Armen Petrosyan,37,False,False,False,False,SUB
2025-03-15,UFC Fight Night: Vettori vs. Dolidze 2,Women's Bantamweight,Josiane Nunes,24,Priscila Cachoeira,29,False,False,False,False,KO/TKO
2025-03-15,UFC Fight Night: Vettori vs. Dolidze 2,Bantamweight,SuYoung You,39,AJ Cunningham,999,False,False,False,False,U-DEC
2025-03-15,UFC Fight Night: Vettori vs. Dolidze 2,Featherweight,SeungWoo Choi,65,Kevin Vallejos,999,False,False,False,False,KO/TKO
2025-03-15,UFC Fight Night: Vettori vs. Dolidze 2,Flyweight,Daniel Barez,33,Andre Lima,21,False,False,False,False,SUB
2025-03-15,UFC Fight Night: Vettori vs. Dolidze 2,Women's Strawweight,Stephanie Luciano,20,Sam Hughes,23,False,False,False,False,S-DEC
2025-03-15,UFC Fight Night: Vettori vs. Dolidze 2,Middleweight,Marvin Vettori,999,Roman Dolidze,11,False,False,False,False,U-DEC
2025-03-15,UFC Fight Night: Vettori vs. Dolidze 2,Heavyweight,Waldo Cortes Acosta,15,Ryan Spann,999,False,False,False,False,KO/TKO
2025-03-15,UFC Fight Night: Vettori vs. Dolidze 2,Women's Flyweight,Yuneisy Duben,999,Carli Judice,33,False,False,False,False,KO/TKO
2025-03-15,UFC Fight Night: Vettori vs. Dolidze 2,Bantamweight,Da'Mon Blackshear,26,Cody Gibson,41,False,False,False,False,SUB
2025-03-15,UFC Fight Night: Vettori vs. Dolidze 2,Welterweight,Chidi Njokuani,45,Elizeu Zaleski dos Santos,24,False,False,False,False,KO/TKO
2025-03-15,UFC Fight Night: Vettori vs. Dolidze 2,Bantamweight,Carlos Vera,65,Josias Musasa,999,False,False,False,False,SUB
2025-03-15,UFC Fight Night: Vettori vs. Dolidze 2,Lightweight,Alexander Hernandez,36,Kurt Holobaugh,65,False,False,False,False,U-DEC
2025-03-15,UFC Fight Night: Vettori vs. Dolidze 2,Light Heavyweight,Diyar Nurgozhay,999,Brendson Ribeiro,39,False,False,False,False,SUB
2025-03-22,UFC Fight Night: Edwards vs. Brady,Bantamweight,Nathan Fletcher,999,Caolan Loughran,57,False,False,False,False,S-DEC
2025-03-22,UFC Fight Night: Edwards vs. Brady,Lightweight,Guram Kutateladze,62,Kaue Fernandes,39,False,False,False,False,U-DEC
2025-03-22,UFC Fight Night: Edwards vs. Brady,Lightweight,Jai Herbert,50,Chris Padilla,46,False,False,False,False,S-DEC
2025-03-22,UFC Fight Night: Edwards vs. Brady,Welterweight,Leon Edwards,10,Sean Brady,7,True,True,False,True,SUB
2025-03-22,UFC Fight Night: Edwards vs. Brady,Light Heavyweight,Jan Blachowicz,999,Carlos Ulberg,3,False,False,False,False,U-DEC
2025-03-22,UFC Fight Night: Edwards vs. Brady,Middleweight,Christian Leroy Duncan,30,Andrey Pulyaev,999,False,False,False,False,U-DEC
2025-03-22,UFC Fight Night: Edwards vs. Brady,Lightweight,Jordan Vucenic,65,Chris Duncan,49,False,False,False,False,SUB
2025-03-22,UFC Fight Night: Edwards vs. Brady,Welterweight,Gunnar Nelson,999,Kevin Holland,999,False,False,False,False,U-DEC
2025-03-22,UFC Fight Night: Edwards vs. Brady,Featherweight,Nathaniel Wood,21,Morgan Charriere,30,False,False,False,False,U-DEC
2025-03-22,UFC Fight Night: Edwards vs. Brady,Women's Strawweight,Shauna Bannon,35,Puja Tomar,24,False,False,False,False,SUB
2025-03-22,UFC Fight Night: Edwards vs. Brady,Women's Strawweight,Molly McCann,34,Alexia Thainara,999,False,False,False,False,SUB
2025-03-22,UFC Fight Night: Edwards vs. Brady,Heavyweight,Marcin Tybura,13,Mick Parkin,15,False,True,False,False,U-DEC
2025-03-22,UFC Fight Night: Edwards vs. Brady,Flyweight,Lone'er Kavanagh,28,Felipe dos Santos,27,False,False,False,False,U-DEC
2025-03-29,UFC Fight Night: Moreno vs. Erceg,Bantamweight,Raul Rosas Jr.,26,Vince Morales,66,False,False,False,False,U-DEC
2025-03-29,UFC Fight Night: Moreno vs. Erceg,Flyweight,Brandon Moreno,2,Steve Erceg,23,False,False,False,False,U-DEC
2025-03-29,UFC Fight Night: Moreno vs. Erceg,Featherweight,Christian Rodriguez,38,Melquizael Costa,28,False,False,False,False,U-DEC
2025-03-29,UFC Fight Night: Moreno vs. Erceg,Bantamweight,David Martinez,999,Saimon Oliveira,999,False,False,False,False,KO/TKO
2025-03-29,UFC Fight Night: Moreno vs. Erceg,Flyweight,Ronaldo Rodriguez,38,Kevin Borjas,53,False,False,False,False,U-DEC
2025-03-29,UFC Fight Night: Moreno vs. Erceg,Middleweight,Jose Daniel Medina,66,Ateba Gautier,999,False,False,False,False,KO/TKO
2025-03-29,UFC Fight Night: Moreno vs. Erceg,Lightweight,Rafa Garcia,47,Vinc Pichel,52,False,False,False,False,U-DEC
2025-03-29,UFC Fight Night: Moreno vs. Erceg,Women's Strawweight,Loopy Godinez,14,Julia Polastri,27,False,False,False,False,U-DEC
2025-03-29,UFC Fight Night: Moreno vs. Erceg,Lightweight,Manuel Torres,30,Drew Dober,27,False,False,False,False,KO/TKO
2025-03-29,UFC Fight Night: Moreno vs. Erceg,Lightweight,MarQuel Mederos,63,Austin Hubbard,67,False,False,False,False,S-DEC
2025-03-29,UFC Fight Night: Moreno vs. Erceg,Flyweight,Edgar Chairez,48,CJ Vergara,47,False,False,False,False,SUB
2025-03-29,UFC Fight Night: Moreno vs. Erceg,Featherweight,Jamall Emmers,34,Gabriel Miranda,70,False,False,False,False,KO/TKO
2025-04-05,UFC Fight Night: Emmett vs. Murphy,Middleweight,Brad Tavares,48,Gerald Meerschaert,50,False,False,False,False,U-DEC
2025-04-05,UFC Fight Night: Emmett vs. Murphy,Bantamweight,Victor Henry,19,Pedro Falcao,69,False,False,False,False,U-DEC
2025-04-05,UFC Fight Night: Emmett vs. Murphy,Welterweight,Rhys McKee,75,Daniel Frunza,999,False,False,False,False,KO/TKO
2025-04-05,UFC Fight Night: Emmett vs. Murphy,Women's Flyweight,Diana Belbita,999,Dione Barbosa,30,False,False,False,False,SUB
2025-04-05,UFC Fight Night: Emmett vs. Murphy,Featherweight,Josh Emmett,19,Lerone Murphy,10,False,False,False,False,U-DEC
2025-04-05,UFC Fight Night: Emmett vs. Murphy,Heavyweight,Martin Buday,31,Uran Satybaldiev,999,False,False,False,False,U-DEC
2025-04-05,UFC Fight Night: Emmett vs. Murphy,Featherweight,Pat Sabatini,42,Joanderson Brito,11,False,False,False,False,U-DEC
2025-04-05,UFC Fight Night: Emmett vs. Murphy,Women's Strawweight,Vanessa Demopoulos,47,Talita Alencar,45,False,False,False,False,U-DEC
2025-04-05,UFC Fight Night: Emmett vs. Murphy,Middleweight,Torrez Finney,999,Robert Valentin,70,False,False,False,False,S-DEC
2025-04-05,UFC Fight Night: Emmett vs. Murphy,Flyweight,Ode Osbourne,46,Luis Gurule,999,False,False,False,False,KO/TKO
2025-04-05,UFC Fight Night: Emmett vs. Murphy,Bantamweight,Cortavious Romious,76,ChangHo Lee,54,False,False,False,False,KO/TKO
2025-04-05,UFC Fight Night: Emmett vs. Murphy,Women's Strawweight,Loma Lookboonmee,19,Istela Nunes,999,False,False,False,False,U-DEC
2025-04-12,UFC 314: Volkanovski vs. Lopes,Featherweight,Darren Elkins,48,Julian Erosa,54,False,False,False,False,KO/TKO
2025-04-12,UFC 314: Volkanovski vs. Lopes,Women's Bantamweight,Nora Cornolle,7,Hailey Cowan,999,False,False,False,False,SUB
2025-04-12,UFC 314: Volkanovski vs. Lopes,Women's Strawweight,Yan Xiaonan,2,Virna Jandiroba,4,True,True,False,True,U-DEC
2025-04-12,UFC 314: Volkanovski vs. Lopes,Lightweight,Jim Miller,35,Chase Hooper,28,False,False,False,False,U-DEC
2025-04-12,UFC 314: Volkanovski vs. Lopes,Middleweight,Sedriques Dumas,65,Michal Oleksiejczuk,40,False,False,False,False,KO/TKO
2025-04-12,UFC 314: Volkanovski vs. Lopes,Featherweight,Bryce Mitchell,19,Jean Silva,11,False,False,False,False,SUB
2025-04-12,UFC 314: Volkanovski vs. Lopes,Light Heavyweight,Nikita Krylov,999,Dominick Reyes,6,False,False,False,False,KO/TKO
2025-04-12,UFC 314: Volkanovski vs. Lopes,Middleweight,Tresean Gore,55,Marco Tulio,35,False,False,False,False,KO/TKO
2025-04-12,UFC 314: Volkanovski vs. Lopes,Lightweight,Michael Chandler,11,Paddy Pimblett,12,False,True,False,False,KO/TKO
2025-04-12,UFC 314: Volkanovski vs. Lopes,Featherweight,Yair Rodriguez,13,Patricio Freire,999,False,False,False,False,U-DEC
2025-04-12,UFC 314: Volkanovski vs. Lopes,Featherweight,Alexander Volkanovski,2,Diego Lopes,5,True,True,True,False,U-DEC
2025-04-12,UFC 314: Volkanovski vs. Lopes,Featherweight,Dan Ige,18,Sean Woodson,14,False,False,False,False,KO/TKO
2025-04-12,UFC 314: Volkanovski vs. Lopes,Flyweight,Sumudaerji,21,Mitch Raposo,37,False,False,False,False,S-DEC
2025-04-26,UFC Fight Night: Machado Garry vs. Prates,Featherweight,Timmy Cuamba,78,Roberto Romero,999,False,False,False,False,KO/TKO
2025-04-26,UFC Fight Night: Machado Garry vs. Prates,Featherweight,Giga Chikadze,17,David Onama,999,False,False,False,False,U-DEC
2025-04-26,UFC Fight Night: Machado Garry vs. Prates,Middleweight,Ikram Aliskerov,27,Andre Muniz,26,False,False,False,False,KO/TKO
2025-04-26,UFC Fight Night: Machado Garry vs. Prates,Welterweight,Ian Machado Garry,6,Carlos Prates,17,False,False,False,False,U-DEC
2025-04-26,UFC Fight Night: Machado Garry vs. Prates,Featherweight,Chris Gutierrez,999,John Castaneda,999,False,False,False,False,S-DEC
2025-04-26,UFC Fight Night: Machado Garry vs. Prates,Bantamweight,Da'Mon Blackshear,30,Alatengheili,50,False,False,False,False,U-DEC
2025-04-26,UFC Fight Night: Machado Garry vs. Prates,Women's Bantamweight,Chelsea Chandler,21,Joselyne Edwards,14,False,False,False,False,KO/TKO
2025-04-26,UFC Fight Night: Machado Garry vs. Prates,Lightweight,Evan Elder,999,Gauge Young,999,False,False,False,False,U-DEC
2025-04-26,UFC Fight Night: Machado Garry vs. Prates,Middleweight,Michel Pereira,12,Abus Magomedov,33,False,False,False,False,U-DEC
2025-04-26,UFC Fight Night: Machado Garry vs. Prates,Light Heavyweight,Anthony Smith,25,Zhang Mingyang,15,False,False,False,False,KO/TKO
2025-04-26,UFC Fight Night: Machado Garry vs. Prates,Bantamweight,Malcolm Wellmaker,999,Cameron Saaiman,63,False,False,False,False,KO/TKO
2025-04-26,UFC Fight Night: Machado Garry vs. Prates,Flyweight,Matt Schnell,999,Jimmy Flick,56,False,False,False,False,U-DEC
2025-04-26,UFC Fight Night: Machado Garry vs. Prates,Women's Strawweight,Jaqueline Amorim,15,Polyana Viana,30,False,False,False,False,SUB
2025-04-26,UFC Fight Night: Machado Garry vs. Prates,Welterweight,Randy Brown,16,Nicolas Dalby,19,False,False,False,False,KO/TKO
2025-05-03,UFC Fight Night: Sandhagen vs. Figueiredo,Welterweight,Santiago Ponzinibbio,27,Daniel Rodriguez,19,False,False,False,False,KO/TKO
2025-05-03,UFC Fight Night: Sandhagen vs. Figueiredo,Women's Bantamweight,Yana Santos,11,Miesha Tate,13,False,True,False,False,U-DEC
2025-05-03,UFC Fight Night: Sandhagen vs. Figueiredo,Middleweight,Reinier de Ridder,18,Bo Nickal,22,False,False,False,False,KO/TKO
2025-05-03,UFC Fight Night: Sandhagen vs. Figueiredo,Women's Flyweight,Juliana Miller,999,Ivana Petrovic,33,False,False,False,False,U-DEC
2025-05-03,UFC Fight Night: Sandhagen vs. Figueiredo,Bantamweight,Montel Jackson,7,Daniel Marcos,14,False,True,False,False,U-DEC
2025-05-03,UFC Fight Night: Sandhagen vs. Figueiredo,Bantamweight,Cameron Smotherman,42,Serhiy Sidey,56,False,False,False,False,U-DEC
2025-05-03,UFC Fight Night: Sandhagen vs. Figueiredo,Women's Strawweight,Marina Rodriguez,7,Gillian Robertson,9,True,True,False,True,KO/TKO
2025-05-03,UFC Fight Night: Sandhagen vs. Figueiredo,Middleweight,Ryan Loder,35,Azamat Bekoev,34,False,False,False,False,KO/TKO
2025-05-03,UFC Fight Night: Sandhagen vs. Figueiredo,Lightweight,Jeremy Stephens,999,Mason Jones,999,False,False,False,False,U-DEC
2025-05-03,UFC Fight Night: Sandhagen vs. Figueiredo,Bantamweight,Gaston Bolanos,51,Quang Le,72,False,False,False,False,SUB
2025-05-03,UFC Fight Night: Sandhagen vs. Figueiredo,Bantamweight,Cory Sandhagen,2,Deiveson Figueiredo,15,False,True,False,False,KO/TKO
2025-05-03,UFC Fight Night: Sandhagen vs. Figueiredo,Heavyweight,Thomas Petersen,24,Don'Tale Mayes,38,False,False,False,False,U-DEC
2025-05-10,UFC 315: Muhammad vs. Della Maddalena,Featherweight,Daniel Santos,999,JeongYeong Lee,71,False,False,False,False,U-DEC
2025-05-10,UFC 315: Muhammad vs. Della Maddalena,Women's Flyweight,Alexa Grasso,7,Natalia Silva,6,True,True,False,True,U-DEC
2025-05-10,UFC 315: Muhammad vs. Della Maddalena,Welterweight,Mike Malott,24,Charles Radtke,33,False,False,False,False,KO/TKO
2025-05-10,UFC 315: Muhammad vs. Della Maddalena,Women's Flyweight,Jessica Andrade,11,Jasmine Jasudavicius,10,True,True,False,True,SUB
2025-05-10,UFC 315: Muhammad vs. Della Maddalena,Middleweight,Marc-Andre Barriault,67,Bruno Silva,999,False,False,False,False,KO/TKO
2025-05-10,UFC 315: Muhammad vs. Della Maddalena,Featherweight,Jose Aldo,999,Aiemann Zahabi,999,False,False,False,False,U-DEC
2025-05-10,UFC 315: Muhammad vs. Della Maddalena,Light Heavyweight,Navajo Stirling,26,Ivan Erslan,32,False,False,False,False,U-DEC
2025-05-10,UFC 315: Muhammad vs. Della Maddalena,Women's Flyweight,Valentina Shevchenko,2,Manon Fiorot,1,True,True,True,False,U-DEC
2025-05-10,UFC 315: Muhammad vs. Della Maddalena,Welterweight,Belal Muhammad,2,Jack Della Maddalena,4,True,True,True,False,U-DEC
2025-05-10,UFC 315: Muhammad vs. Della Maddalena,Bantamweight,Brad Katona,56,Bekzat Almakhan,63,False,False,False,False,KO/TKO
2025-05-10,UFC 315: Muhammad vs. Della Maddalena,Lightweight,Benoit Saint Denis,19,Kyle Prepolec,999,False,False,False,False,SUB
2025-05-10,UFC 315: Muhammad vs. Della Maddalena,Light Heavyweight,Modestas Bukauskas,29,Ion Cutelaba,16,False,False,False,False,S-DEC
2025-05-17,UFC Fight Night: Burns vs. Morales,Flyweight,HyunSung Park,23,Carlos Hernandez,36,False,False,False,False,SUB
2025-05-17,UFC Fight Night: Burns vs. Morales,Women's Strawweight,Elise Reed,38,Denise Gomes,9,False,False,False,False,KO/TKO
2025-05-17,UFC Fight Night: Burns vs. Morales,Lightweight,Jared Gordon,24,Thiago Moises,52,False,False,False,False,KO/TKO
2025-05-17,UFC Fight Night: Burns vs. Morales,Welterweight,Gilbert Burns,17,Michael Morales,5,False,False,False,False,KO/TKO
2025-05-17,UFC Fight Night: Burns vs. Morales,Lightweight,Gabe Green,999,Matheus Camilo,999,False,False,False,False,SUB
2025-05-17,UFC Fight Night: Burns vs. Morales,Women's Strawweight,Tecia Pennington,7,Luana Pinheiro,32,False,False,False,False,U-DEC
2025-05-17,UFC Fight Night: Burns vs. Morales,Middleweight,Dustin Stoltzfus,46,Nursulton Ruziboev,25,False,False,False,False,U-DEC
2025-05-17,UFC Fight Night: Burns vs. Morales,Featherweight,Yadier del Valle,999,Connor Matthews,93,False,False,False,False,SUB
2025-05-17,UFC Fight Night: Burns vs. Morales,Lightweight,Sodiq Yusuff,999,Mairon Santos,999,False,False,False,False,U-DEC
2025-05-17,UFC Fight Night: Burns vs. Morales,Women's Bantamweight,Luana Santos,999,Tainara Lisboa,999,False,False,False,False,SUB
2025-05-17,UFC Fight Night: Burns vs. Morales,Featherweight,Julian Erosa,40,Melquizael Costa,35,False,False,False,False,U-DEC
2025-05-31,UFC Fight Night: Blanchfield vs. Barber,Lightweight,Mateusz Gamrot,9,Ludovit Klein,21,False,False,False,False,U-DEC
2025-05-31,UFC Fight Night: Blanchfield vs. Barber,Lightweight,Kurt Holobaugh,62,Jordan Leavitt,999,False,False,False,False,SUB
2025-05-31,UFC Fight Night: Blanchfield vs. Barber,Welterweight,Billy Ray Goff,44,Ramiz Brahimaj,54,False,False,False,False,SUB
2025-05-31,UFC Fight Night: Blanchfield vs. Barber,Women's Strawweight,Rayanne dos Santos,37,Alice Ardelean,38,False,False,False,False,U-DEC
2025-05-31,UFC Fight Night: Blanchfield vs. Barber,Light Heavyweight,Dustin Jacoby,17,Bruno Lopes,28,False,False,False,False,KO/TKO
2025-05-31,UFC Fight Night: Blanchfield vs. Barber,Middleweight,Zach Reese,55,Dusko Todorovic,65,False,False,False,False,U-DEC
2025-05-31,UFC Fight Night: Blanchfield vs. Barber,Lightweight,Bolaji Oki,52,Michael Aswell Jr.,999,False,False,False,False,U-DEC
2025-05-31,UFC Fight Night: Blanchfield vs. Barber,Flyweight,Jafel Filho,15,Allan Nascimento,999,False,False,False,False,U-DEC
2025-06-07,UFC 316: Dvalishvili vs. O'Malley 2,Light Heavyweight,Azamat Murzakanov,9,Brendson Ribeiro,33,False,False,False,False,KO/TKO
2025-06-07,UFC 316: Dvalishvili vs. O'Malley 2,Lightweight,MarQuel Mederos,59,Mark Choinski,999,False,False,False,False,U-DEC
2025-06-07,UFC 316: Dvalishvili vs. O'Malley 2,Welterweight,Vicente Luque,23,Kevin Holland,26,False,False,False,False,SUB
2025-06-07,UFC 316: Dvalishvili vs. O'Malley 2,Lightweight,Quillan Salkilld,33,Yanal Ashmouz,55,False,False,False,False,U-DEC
2025-06-07,UFC 316: Dvalishvili vs. O'Malley 2,Women's Bantamweight,Julianna Pena,5,Kayla Harrison,2,True,True,True,False,SUB
2025-06-07,UFC 316: Dvalishvili vs. O'Malley 2,Featherweight,Jeka Saragih,90,JooSang Yoo,999,False,False,False,False,KO/TKO
2025-06-07,UFC 316: Dvalishvili vs. O'Malley 2,Heavyweight,Serghei Spivac,9,Waldo Cortes Acosta,11,True,True,False,True,U-DEC
2025-06-07,UFC 316: Dvalishvili vs. O'Malley 2,Flyweight,Bruno Silva,999,Joshua Van,7,False,False,False,False,KO/TKO
2025-06-07,UFC 316: Dvalishvili vs. O'Malley 2,Women's Flyweight,Ariane da Silva,17,Wang Cong,14,False,False,False,False,U-DEC
2025-06-07,UFC 316: Dvalishvili vs. O'Malley 2,Bantamweight,Mario Bautista,8,Patchy Mix,999,False,False,False,False,U-DEC
2025-06-07,UFC 316: Dvalishvili vs. O'Malley 2,Middleweight,Kelvin Gastelum,22,Joe Pyfer,16,False,False,False,False,U-DEC
2025-06-07,UFC 316: Dvalishvili vs. O'Malley 2,Bantamweight,Merab Dvalishvili,1,Sean O'Malley,4,True,True,True,False,SUB
2025-06-07,UFC 316: Dvalishvili vs. O'Malley 2,Welterweight,Khaos Williams,20,Andreas Gustafsson,999,False,False,False,False,U-DEC
2025-06-14,UFC Fight Night: Usman vs. Buckley,Middleweight,Mansur Abdul-Malik,37,Cody Brundage,47,False,False,False,False,NC
2025-06-14,UFC Fight Night: Usman vs. Buckley,Light Heavyweight,Paul Craig,999,Rodolfo Bellato,30,False,False,False,False,NC
2025-06-14,UFC Fight Night: Usman vs. Buckley,Bantamweight,Cody Garbrandt,38,Raoni Barcelos,20,False,False,False,False,U-DEC
2025-06-14,UFC Fight Night: Usman vs. Buckley,Welterweight,Phil Rowe,52,Ange Loosa,53,False,False,False,False,KO/TKO
2025-06-14,UFC Fight Night: Usman vs. Buckley,Bantamweight,Ricky Simon,32,Cameron Smotherman,53,False,False,False,False,U-DEC
2025-06-14,UFC Fight Night: Usman vs. Buckley,Women's Flyweight,Rose Namajunas,4,Miranda Maverick,10,True,True,False,True,U-DEC
2025-06-14,UFC Fight Night: Usman vs. Buckley,Women's Flyweight,Jamey-Lyn Horth,25,Vanessa Demopoulos,999,False,False,False,False,U-DEC
2025-06-14,UFC Fight Night: Usman vs. Buckley,Flyweight,Cody Durden,36,Jose Ochoa,33,False,False,False,False,KO/TKO
2025-06-14,UFC Fight Night: Usman vs. Buckley,Welterweight,Kamaru Usman,999,Joaquin Buckley,7,False,False,False,False,U-DEC
2025-06-14,UFC Fight Night: Usman vs. Buckley,Middleweight,Edmen Shahbazyan,28,Andre Petroski,43,False,False,False,False,U-DEC
2025-06-14,UFC Fight Night: Usman vs. Buckley,Welterweight,Michael Chiesa,22,Court McGee,35,False,False,False,False,U-DEC
2025-06-14,UFC Fight Night: Usman vs. Buckley,Light Heavyweight,Alonzo Menifield,24,Oumar Sy,17,False,False,False,False,U-DEC
2025-06-14,UFC Fight Night: Usman vs. Buckley,Bantamweight,Malcolm Wellmaker,48,Kris Moutinho,999,False,False,False,False,KO/TKO
2025-06-21,UFC Fight Night: Hill vs. Rountree Jr.,Light Heavyweight,Jamahal Hill,14,Khalil Rountree Jr.,15,False,True,False,False,U-DEC
2025-06-21,UFC Fight Night: Hill vs. Rountree Jr.,Featherweight,Muhammad Naimov,53,Bogdan Grad,54,False,False,False,False,U-DEC
2025-06-21,UFC Fight Night: Hill vs. Rountree Jr.,Women's Bantamweight,Irina Alekseeva,999,Klaudia Sygula,27,False,False,False,False,U-DEC
2025-06-21,UFC Fight Night: Hill vs. Rountree Jr.,Middleweight,Ismail Naurdiev,35,JunYong Park,22,False,False,False,False,U-DEC
2025-06-21,UFC Fight Night: Hill vs. Rountree Jr.,Lightweight,Nazim Sadykhov,59,Nikolas Motta,39,False,False,False,False,KO/TKO
2025-06-21,UFC Fight Night: Hill vs. Rountree Jr.,Flyweight,Tagir Ulanbekov,9,Azat Maksum,44,False,False,False,False,U-DEC
2025-06-21,UFC Fight Night: Hill vs. Rountree Jr.,Heavyweight,Curtis Blaydes,6,Rizvan Kuniev,999,False,False,False,False,S-DEC
2025-06-21,UFC Fight Night: Hill vs. Rountree Jr.,Heavyweight,Hamdy Abdelwahab,31,Mohammed Usman,36,False,False,False,False,U-DEC
2025-06-21,UFC Fight Night: Hill vs. Rountree Jr.,Lightweight,Rafael Fiziev,20,Ignacio Bahamondes,10,False,False,False,False,U-DEC
2025-06-21,UFC Fight Night: Hill vs. Rountree Jr.,Welterweight,Seokhyeon Ko,999,Oban Elliott,25,False,False,False,False,U-DEC
2025-06-21,UFC Fight Night: Hill vs. Rountree Jr.,Women's Bantamweight,Daria Zhelezniakova,18,Melissa Mullins,13,False,False,False,False,U-DEC
2025-06-28,UFC 317: Topuria vs. Oliveira,Heavyweight,Jhonata Diniz,25,Alvin Hines,999,False,False,False,False,U-DEC
2025-06-28,UFC 317: Topuria vs. Oliveira,Lightweight,Beneil Dariush,999,Renato Moicano,7,False,False,False,False,U-DEC
2025-06-28,UFC 317: Topuria vs. Oliveira,Featherweight,Hyder Amil,17,Jose Delgado,52,False,False,False,False,KO/TKO
2025-06-28,UFC 317: Topuria vs. Oliveira,Lightweight,Ilia Topuria,999,Charles Oliveira,3,False,False,True,False,KO/TKO
2025-06-28,UFC 317: Topuria vs. Oliveira,Women's Flyweight,Viviane Araujo,16,Tracy Cortez,12,False,True,False,False,U-DEC
2025-06-28,UFC 317: Topuria vs. Oliveira,Flyweight,Alexandre Pantoja,1,Kai Kara-France,5,True,True,True,False,SUB
2025-06-28,UFC 317: Topuria vs. Oliveira,Middleweight,Jack Hermansson,10,Gregory Rodrigues,15,False,True,False,False,KO/TKO
2025-06-28,UFC 317: Topuria vs. Oliveira,Welterweight,Niko Price,60,Jacobe Smith,34,False,False,False,False,SUB
2025-06-28,UFC 317: Topuria vs. Oliveira,Lightweight,Terrance McKinney,30,Viacheslav Borshchev,69,False,False,False,False,SUB
2025-06-28,UFC 317: Topuria vs. Oliveira,Bantamweight,Payton Talbott,29,Felipe Lima,999,False,False,False,False,U-DEC
2025-06-28,UFC 317: Topuria vs. Oliveira,Flyweight,Brandon Royval,4,Joshua Van,7,True,True,False,True,U-DEC
2025-07-12,UFC Fight Night: Lewis vs. Teixeira,Heavyweight,Derrick Lewis,11,Tallison Teixeira,16,False,True,False,False,KO/TKO
2025-07-12,UFC Fight Night: Lewis vs. Teixeira,Women's Strawweight,Fatima Kline,23,Melissa Martinez,38,False,False,False,False,KO/TKO
2025-07-12,UFC Fight Night: Lewis vs. Teixeira,Welterweight,Max Griffin,28,Chris Curtis,999,False,False,False,False,S-DEC
2025-07-12,UFC Fight Night: Lewis vs. Teixeira,Welterweight,Stephen Thompson,14,Gabriel Bonfim,11,False,True,False,False,S-DEC
2025-07-12,UFC Fight Night: Lewis vs. Teixeira,Women's Flyweight,Lauren Murphy,999,Eduarda Moura,21,False,False,False,False,U-DEC
2025-07-12,UFC Fight Night: Lewis vs. Teixeira,Heavyweight,Vitor Petrino,999,Austen Lane,33,False,False,False,False,SUB
2025-07-12,UFC Fight Night: Lewis vs. Teixeira,Featherweight,Nate Landwehr,59,Morgan Charriere,46,False,False,False,False,KO/TKO
2025-07-12,UFC Fight Night: Lewis vs. Teixeira,Heavyweight,Kennedy Nzechukwu,23,Valter Walker,18,False,False,False,False,SUB
2025-07-12,UFC Fight Night: Lewis vs. Teixeira,Lightweight,Mitch Ramirez,91,Mike Davis,56,False,False,False,False,KO/TKO
2025-07-12,UFC Fight Night: Lewis vs. Teixeira,Light Heavyweight,Junior Tafa,999,Tuco Tokkos,42,False,False,False,False,SUB
2025-07-12,UFC Fight Night: Lewis vs. Teixeira,Welterweight,Jake Matthews,26,Chidi Njokuani,30,False,False,False,False,SUB
2025-07-12,UFC Fight Night: Lewis vs. Teixeira,Featherweight,Calvin Kattar,42,Steve Garcia,10,False,False,False,False,U-DEC
2025-07-19,UFC 318: Holloway vs. Poirier 3,Heavyweight,Ryan Spann,23,Lukasz Brzeski,39,False,False,False,False,SUB
2025-07-19,UFC 318: Holloway vs. Poirier 3,Middleweight,Paulo Costa,17,Roman Kopylov,31,False,False,False,False,U-DEC
2025-07-19,UFC 318: Holloway vs. Poirier 3,Welterweight,Adam Fugitt,56,Islam Dulatov,999,False,False,False,False,KO/TKO
2025-07-19,UFC 318: Holloway vs. Poirier 3,Welterweight,Kevin Holland,18,Daniel Rodriguez,19,False,False,False,False,U-DEC
2025-07-19,UFC 318: Holloway vs. Poirier 3,Middleweight,Ateba Gautier,38,Robert Valentin,66,False,False,False,False,KO/TKO
2025-07-19,UFC 318: Holloway vs. Poirier 3,Middleweight,Brunno Ferreira,39,Jackson McVey,999,False,False,False,False,SUB
2025-07-19,UFC 318: Holloway vs. Poirier 3,Light Heavyweight,Jimmy Crute,19,Marcin Prachnio,25,False,False,False,False,SUB
2025-07-19,UFC 318: Holloway vs. Poirier 3,Middleweight,Marvin Vettori,21,Brendan Allen,18,False,False,False,False,U-DEC
2025-07-19,UFC 318: Holloway vs. Poirier 3,Women's Flyweight,Carli Judice,17,Nicolle Caliari,33,False,False,False,False,KO/TKO
2025-07-19,UFC 318: Holloway vs. Poirier 3,Lightweight,Michael Johnson,34,Daniel Zellhuber,39,False,False,False,False,U-DEC
2025-07-19,UFC 318: Holloway vs. Poirier 3,Featherweight,Dan Ige,18,Patricio Freire,70,False,False,False,False,U-DEC
2025-07-19,UFC 318: Holloway vs. Poirier 3,Bantamweight,Kyler Phillips,12,Vinicius Oliveira,10,False,True,False,False,U-DEC
2025-07-19,UFC 318: Holloway vs. Poirier 3,Lightweight,Max Holloway,999,Dustin Poirier,9,False,False,False,False,U-DEC
2025-07-19,UFC 318: Holloway vs. Poirier 3,Welterweight,Francisco Prado,55,Nikolay Veretennikov,999,False,False,False,False,S-DEC
2025-07-26,UFC Fight Night: Whittaker vs. De Ridder,Bantamweight,Davey Grant,23,Da'Mon Blackshear,16,False,False,False,False,U-DEC
2025-07-26,UFC Fight Night: Whittaker vs. De Ridder,Heavyweight,Martin Buday,27,Marcus Buchecha,999,False,False,False,False,U-DEC
2025-07-26,UFC Fight Night: Whittaker vs. De Ridder,Featherweight,Mohammad Yahya,999,Steven Nguyen,85,False,False,False,False,KO/TKO
2025-07-26,UFC Fight Night: Whittaker vs. De Ridder,Women's Strawweight,Amanda Ribas,10,Tabatha Ricci,17,False,False,False,False,KO/TKO
2025-07-26,UFC Fight Night: Whittaker vs. De Ridder,Middleweight,Shara Magomedov,32,Marc-Andre Barriault,52,False,False,False,False,U-DEC
2025-07-26,UFC Fight Night: Whittaker vs. De Ridder,Middleweight,Robert Whittaker,3,Reinier de Ridder,10,True,True,False,True,S-DEC
2025-07-26,UFC Fight Night: Whittaker vs. De Ridder,Light Heavyweight,Nikita Krylov,14,Bogdan Guskov,20,False,False,False,False,KO/TKO
2025-07-26,UFC Fight Night: Whittaker vs. De Ridder,Welterweight,Muslim Salikhov,28,Carlos Leal,29,False,False,False,False,KO/TKO
2025-07-26,UFC Fight Night: Whittaker vs. De Ridder,Flyweight,Asu Almabayev,11,Jose Ochoa,21,False,False,False,False,U-DEC
2025-07-26,UFC Fight Night: Whittaker vs. De Ridder,Bantamweight,Petr Yan,5,Marcus McGhee,10,True,True,False,True,U-DEC
2025-07-26,UFC Fight Night: Whittaker vs. De Ridder,Bantamweight,Bryce Mitchell,999,Said Nurmagomedov,11,False,False,False,False,U-DEC
2025-07-26,UFC Fight Night: Whittaker vs. De Ridder,Light Heavyweight,Ibo Aslan,25,Billy Elekana,40,False,False,False,False,U-DEC
2025-08-02,UFC Fight Night: Taira vs. Park,Featherweight,Austin Bashi,68,John Yannis,999,False,False,False,False,SUB
2025-08-02,UFC Fight Night: Taira vs. Park,Featherweight,Danny Silva,61,Kevin Vallejos,57,False,False,False,False,U-DEC
2025-08-02,UFC Fight Night: Taira vs. Park,Flyweight,Tatsuro Taira,8,HyunSung Park,14,False,True,False,False,SUB
2025-08-02,UFC Fight Night: Taira vs. Park,Lightweight,Mateusz Rebecki,999,Chris Duncan,40,False,False,False,False,U-DEC
2025-08-02,UFC Fight Night: Taira vs. Park,Middleweight,Rodolfo Vieira,42,Tresean Gore,65,False,False,False,False,U-DEC
2025-08-02,UFC Fight Night: Taira vs. Park,Lightweight,Elves Brener,74,Esteban Ribovics,22,False,False,False,False,U-DEC
2025-08-02,UFC Fight Night: Taira vs. Park,Welterweight,Neil Magny,44,Elizeu Zaleski dos Santos,39,False,False,False,False,KO/TKO
2025-08-02,UFC Fight Night: Taira vs. Park,Middleweight,Nick Klein,47,Andrey Pulyaev,60,False,False,False,False,KO/TKO
2025-08-02,UFC Fight Night: Taira vs. Park,Flyweight,Rafael Estevam,29,Felipe Bunes,42,False,False,False,False,U-DEC
2025-08-02,UFC Fight Night: Taira vs. Park,Women's Bantamweight,Karol Rosa,8,Nora Cornolle,11,True,True,False,True,U-DEC
2025-08-02,UFC Fight Night: Taira vs. Park,Women's Strawweight,Piera Rodriguez,19,Ketlen Souza,34,False,False,False,False,S-DEC
2025-08-02,UFC Fight Night: Taira vs. Park,Bantamweight,Rinya Nakamura,29,Nathan Fletcher,44,False,False,False,False,KO/TKO
2025-08-09,UFC Fight Night: Dolidze vs. Hernandez,Bantamweight,Steve Erceg,999,Ode Osbourne,999,False,False,False,False,U-DEC
2025-08-09,UFC Fight Night: Dolidze vs. Hernandez,Light Heavyweight,Julius Walker,27,Rafael Cerquiera,42,False,False,False,False,U-DEC
2025-08-09,UFC Fight Night: Dolidze vs. Hernandez,Women's Strawweight,Iasmin Lucindo,11,Angela Hill,10,True,True,False,True,U-DEC
2025-08-09,UFC Fight Night: Dolidze vs. Hernandez,Middleweight,Roman Dolidze,10,Anthony Hernandez,6,True,True,False,True,SUB
2025-08-09,UFC Fight Night: Dolidze vs. Hernandez,Women's Flyweight,Gabriella Fernandes,33,Julija Stoliarenko,999,False,False,False,False,U-DEC
2025-08-09,UFC Fight Night: Dolidze vs. Hernandez,Middleweight,Eryk Anders,999,Christian Leroy Duncan,22,False,False,False,False,KO/TKO
2025-08-09,UFC Fight Night: Dolidze vs. Hernandez,Welterweight,Uros Medic,55,Gilbert Urbina,999,False,False,False,False,KO/TKO
2025-08-09,UFC Fight Night: Dolidze vs. Hernandez,Light Heavyweight,Cody Brundage,999,Eric McConico,999,False,False,False,False,S-DEC
2025-08-09,UFC Fight Night: Dolidze vs. Hernandez,Featherweight,Andre Fili,66,Christian Rodriguez,36,False,False,False,False,S-DEC
2025-08-09,UFC Fight Night: Dolidze vs. Hernandez,Bantamweight,Elijah Smith,55,Toshiomi Kazama,86,False,False,False,False,KO/TKO
2025-08-09,UFC Fight Night: Dolidze vs. Hernandez,Women's Bantamweight,Joselyne Edwards,6,Priscila Cachoeira,23,False,False,False,False,KO/TKO
2025-08-09,UFC Fight Night: Dolidze vs. Hernandez,Bantamweight,Miles Johns,999,Jean Matsumoto,999,False,False,False,False,S-DEC
2025-08-16,UFC 319: Du Plessis vs. Chimaev,Middleweight,Dricus Du Plessis,2,Khamzat Chimaev,1,True,True,True,False,U-DEC
2025-08-16,UFC 319: Du Plessis vs. Chimaev,Lightweight,Chase Hooper,29,Alexander Hernandez,43,False,False,False,False,KO/TKO
2025-08-16,UFC 319: Du Plessis vs. Chimaev,Welterweight,Geoff Neal,9,Carlos Prates,24,False,False,False,False,KO/TKO
2025-08-16,UFC 319: Du Plessis vs. Chimaev,Middleweight,Gerald Meerschaert,47,Michal Oleksiejczuk,32,False,False,False,False,KO/TKO
2025-08-16,UFC 319: Du Plessis vs. Chimaev,Middleweight,Baisangur Susurkaev,999,Eric Nolan,999,False,False,False,False,SUB
2025-08-16,UFC 319: Du Plessis vs. Chimaev,Flyweight,Alibi Idiris,999,Joseph Morales,999,False,False,False,False,SUB
2025-08-16,UFC 319: Du Plessis vs. Chimaev,Flyweight,Tim Elliott,999,Kai Asakura,34,False,False,False,False,SUB
2025-08-16,UFC 319: Du Plessis vs. Chimaev,Women's Flyweight,Karine Silva,13,Dione Barbosa,21,False,False,False,False,U-DEC
2025-08-16,UFC 319: Du Plessis vs. Chimaev,Middleweight,Jared Cannonier,13,Michael Page,26,False,False,False,False,U-DEC
2025-08-16,UFC 319: Du Plessis vs. Chimaev,Featherweight,Lerone Murphy,9,Aaron Pico,999,False,False,False,False,KO/TKO
2025-08-16,UFC 319: Du Plessis vs. Chimaev,Women's Strawweight,Jessica Andrade,999,Loopy Godinez,13,False,False,False,False,U-DEC
2025-08-16,UFC 319: Du Plessis vs. Chimaev,Lightweight,Edson Barboza,999,Drakkar Klose,47,False,False,False,False,U-DEC
2025-08-23,UFC - Road to UFC 4.6,Flyweight,Nyamjargal Tumendemberel,43,Terrance Saeteurn,999,False,False,False,False,SUB
2025-08-23,UFC - Road to UFC 4.6,Women's Strawweight,Shi Ming,34,Bruna Brasil,999,False,False,False,False,U-DEC
2025-08-23,UFC Fight Night: Walker vs. Zhang,Lightweight,Maheshate,98,Gauge Young,88,False,False,False,False,U-DEC
2025-08-23,UFC Fight Night: Walker vs. Zhang,Middleweight,Michel Pereira,20,Kyle Daukaus,999,False,False,False,False,KO/TKO
2025-08-23,UFC Fight Night: Walker vs. Zhang,Welterweight,Taiyilake Nueraji,999,Kiefer Crosbie,72,False,False,False,False,KO/TKO
2025-08-23,UFC Fight Night: Walker vs. Zhang,Flyweight,Charles Johnson,14,Lone'er Kavanagh,23,False,False,False,False,KO/TKO
2025-08-23,UFC Fight Night: Walker vs. Zhang,Light Heavyweight,Johnny Walker,12,Zhang Mingyang,9,False,True,False,False,KO/TKO
2025-08-23,UFC Fight Night: Walker vs. Zhang,Bantamweight,Xiao Long,50,SuYoung You,39,False,False,False,False,U-DEC
2025-08-23,UFC Fight Night: Walker vs. Zhang,Heavyweight,Sergei Pavlovich,5,Waldo Cortes Acosta,8,True,True,False,True,U-DEC
2025-08-23,UFC Fight Night: Walker vs. Zhang,Light Heavyweight,Uran Satybaldiev,999,Diyar Nurgozhay,42,False,False,False,False,SUB
2025-08-23,UFC Fight Night: Walker vs. Zhang,Flyweight,Sumudaerji,21,Kevin Borjas,49,False,False,False,False,U-DEC
2025-08-23,UFC Fight Night: Walker vs. Zhang,Featherweight,Yizha,81,Westin Wilson,70,False,False,False,False,KO/TKO
2025-08-23,UFC Fight Night: Walker vs. Zhang,Lightweight,Rongzhu,61,Austin Hubbard,72,False,False,False,False,U-DEC
2025-09-06,UFC Fight Night: Imavov vs. Borralho,Light Heavyweight,Modestas Bukauskas,23,Paul Craig,999,False,False,False,False,KO/TKO
2025-09-06,UFC Fight Night: Imavov vs. Borralho,Heavyweight,Marcin Tybura,14,Ante Delija,999,False,False,False,False,KO/TKO
2025-09-06,UFC Fight Night: Imavov vs. Borralho,Light Heavyweight,Oumar Sy,19,Brendson Ribeiro,38,False,False,False,False,KO/TKO
2025-09-06,UFC Fight Night: Imavov vs. Borralho,Welterweight,Sam Patterson,36,Trey Waters,42,False,False,False,False,KO/TKO
2025-09-06,UFC Fight Night: Imavov vs. Borralho,Middleweight,Nassourdine Imavov,7,Caio Borralho,9,True,True,False,True,U-DEC
2025-09-06,UFC Fight Night: Imavov vs. Borralho,Lightweight,Harry Hardwick,999,Kaue Fernandes,30,False,False,False,False,KO/TKO
2025-09-06,UFC Fight Night: Imavov vs. Borralho,Lightweight,Bolaji Oki,52,Mason Jones,46,False,False,False,False,KO/TKO
2025-09-06,UFC Fight Night: Imavov vs. Borralho,Women's Strawweight,Shauna Bannon,26,Sam Hughes,24,False,False,False,False,SUB
2025-09-06,UFC Fight Night: Imavov vs. Borralho,Welterweight,Axel Sola,999,Rhys McKee,64,False,False,False,False,KO/TKO
2025-09-06,UFC Fight Night: Imavov vs. Borralho,Middleweight,Brad Tavares,46,Robert Bryczek,999,False,False,False,False,KO/TKO
2025-09-06,UFC Fight Night: Imavov vs. Borralho,Featherweight,William Gomis,30,Robert Ruchala,999,False,False,False,False,U-DEC
2025-09-06,UFC Fight Night: Imavov vs. Borralho,Lightweight,Benoit Saint Denis,14,Mauricio Ruffy,26,False,False,False,False,SUB
2025-09-06,UFC Fight Night: Imavov vs. Borralho,Welterweight,Andreas Gustafsson,28,Rinat Fakhretdinov,11,False,False,False,False,KO/TKO
2025-09-13,Noche UFC: Lopes vs. Silva,Middleweight,Jose Daniel Medina,69,Dusko Todorovic,64,False,False,False,False,SUB
2025-09-13,Noche UFC: Lopes vs. Silva,Middleweight,Kelvin Gastelum,29,Dustin Stoltzfus,44,False,False,False,False,U-DEC
2025-09-13,Noche UFC: Lopes vs. Silva,Lightweight,Alexander Hernandez,39,Diego Ferreira,21,False,False,False,False,KO/TKO
2025-09-13,Noche UFC: Lopes vs. Silva,Lightweight,Claudio Puelles,999,Joaquim Silva,70,False,False,False,False,S-DEC
2025-09-13,Noche UFC: Lopes vs. Silva,Flyweight,Jesus Aguilar,34,Luis Gurule,44,False,False,False,False,U-DEC
2025-09-13,Noche UFC: Lopes vs. Silva,Welterweight,Rodrigo Sezinando,999,Daniil Donchenko,999,False,False,False,False,KO/TKO
2025-09-13,Noche UFC: Lopes vs. Silva,Lightweight,Rafa Garcia,53,Jared Gordon,23,False,False,False,False,KO/TKO
2025-09-13,Noche UFC: Lopes vs. Silva,Bantamweight,Santiago Luna,999,Quang Le,53,False,False,False,False,KO/TKO
2025-09-13,Noche UFC: Lopes vs. Silva,Bantamweight,Rob Font,999,David Martinez,38,False,False,False,False,U-DEC
2025-09-13,Noche UFC: Lopes vs. Silva,Women's Strawweight,Tatiana Suarez,8,Amanda Lemos,5,True,True,False,True,U-DEC
2025-09-13,Noche UFC: Lopes vs. Silva,Flyweight,Alessandro Costa,23,Alden Coria,999,False,False,False,False,KO/TKO
2025-09-13,Noche UFC: Lopes vs. Silva,Women's Bantamweight,Montse Rendon,22,Alice Pereira,999,False,False,False,False,S-DEC
2025-09-13,Noche UFC: Lopes vs. Silva,Middleweight,Zach Reese,52,Sedriques Dumas,66,False,False,False,False,NC
2025-09-13,Noche UFC: Lopes vs. Silva,Featherweight,Diego Lopes,3,Jean Silva,12,False,True,False,False,KO/TKO
2025-09-27,UFC Fight Night: Ulberg vs. Reyes,Heavyweight,Brando Pericic,999,Elisha Ellison,999,False,False,False,False,KO/TKO
2025-09-27,UFC Fight Night: Ulberg vs. Reyes,Welterweight,Jake Matthews,24,Neil Magny,33,False,False,False,False,SUB
2025-09-27,UFC Fight Night: Ulberg vs. Reyes,Featherweight,Jack Jenkins,51,Ramon Taveras,999,False,False,False,False,U-DEC
2025-09-27,UFC Fight Night: Ulberg vs. Reyes,Women's Bantamweight,Michelle Montague,999,Luana Carolina,999,False,False,False,False,U-DEC
2025-09-27,UFC Fight Night: Ulberg vs. Reyes,Bantamweight,Colby Thicknesse,67,Josias Musasa,81,False,False,False,False,U-DEC
2025-09-27,UFC Fight Night: Ulberg vs. Reyes,Lightweight,Tom Nolan,71,Charlie Campbell,38,False,False,False,False,SUB
2025-09-27,UFC Fight Night: Ulberg vs. Reyes,Middleweight,Cam Rowston,999,Andre Petroski,44,False,False,False,False,KO/TKO
2025-09-27,UFC Fight Night: Ulberg vs. Reyes,Light Heavyweight,Carlos Ulberg,3,Dominick Reyes,5,True,True,False,True,KO/TKO
2025-09-27,UFC Fight Night: Ulberg vs. Reyes,Light Heavyweight,Navajo Stirling,19,Rodolfo Bellato,28,False,False,False,False,U-DEC
2025-09-27,UFC Fight Night: Ulberg vs. Reyes,Lightweight,Jamie Mullarkey,73,Rolando Bedoya,75,False,False,False,False,U-DEC
2025-09-27,UFC Fight Night: Ulberg vs. Reyes,Women's Strawweight,Loma Lookboonmee,24,Alexia Thainara,22,False,False,False,False,U-DEC
2025-09-27,UFC Fight Night: Ulberg vs. Reyes,Light Heavyweight,Jimmy Crute,20,Ivan Erslan,41,False,False,False,False,SUB
2025-10-04,UFC 320: Ankalaev vs. Pereira 2,Light Heavyweight,Magomed Ankalaev,1,Alex Pereira,2,True,True,True,False,KO/TKO
2025-10-04,UFC 320: Ankalaev vs. Pereira 2,Middleweight,Edmen Shahbazyan,26,Andre Muniz,42,False,False,False,False,KO/TKO
2025-10-04,UFC 320: Ankalaev vs. Pereira 2,Light Heavyweight,Jiri Prochazka,9,Khalil Rountree Jr.,12,False,True,False,False,KO/TKO
2025-10-04,UFC 320: Ankalaev vs. Pereira 2,Women's Bantamweight,Macy Chiasson,999,Yana Santos,7,False,False,False,False,U-DEC
2025-10-04,UFC 320: Ankalaev vs. Pereira 2,Featherweight,Josh Emmett,18,Youssef Zalal,10,False,False,False,False,SUB
2025-10-04,UFC 320: Ankalaev vs. Pereira 2,Middleweight,Ateba Gautier,29,Tre'ston Vines,999,False,False,False,False,KO/TKO
2025-10-04,UFC 320: Ankalaev vs. Pereira 2,Women's Flyweight,Veronica Hardy,20,Brogan Walker,999,False,False,False,False,U-DEC
2025-10-04,UFC 320: Ankalaev vs. Pereira 2,Bantamweight,Merab Dvalishvili,1,Cory Sandhagen,2,True,True,True,False,U-DEC
2025-10-04,UFC 320: Ankalaev vs. Pereira 2,Welterweight,Punahele Soriano,39,Nikolay Veretennikov,72,False,False,False,False,U-DEC
2025-10-04,UFC 320: Ankalaev vs. Pereira 2,Bantamweight,Patchy Mix,65,Jakub Wiklacz,999,False,False,False,False,S-DEC
2025-10-04,UFC 320: Ankalaev vs. Pereira 2,Welterweight,Ramiz Brahimaj,48,Austin Vanderford,999,False,False,False,False,SUB
2025-10-04,UFC 320: Ankalaev vs. Pereira 2,Middleweight,Abus Magomedov,24,Joe Pyfer,10,False,False,False,False,SUB
2025-10-04,UFC 320: Ankalaev vs. Pereira 2,Bantamweight,Chris Gutierrez,999,Farid Basharat,999,False,False,False,False,U-DEC
2025-10-11,UFC Fight Night: Oliveira vs. Gamrot,Heavyweight,Jhonata Diniz,22,Mario Pinto,33,False,False,False,False,KO/TKO
2025-10-11,UFC Fight Night: Oliveira vs. Gamrot,Bantamweight,Luan Lacerda,999,Saimon Oliveira,91,False,False,False,False,SUB
2025-10-11,UFC Fight Night: Oliveira vs. Gamrot,Featherweight,Ricardo Ramos,57,Kaan Ofli,65,False,False,False,False,SUB
2025-10-11,UFC Fight Night: Oliveira vs. Gamrot,Flyweight,Lucas Rocha,44,Stewart Nicoll,34,False,False,False,False,U-DEC
2025-10-11,UFC Fight Night: Oliveira vs. Gamrot,Women's Bantamweight,Bia Mesquita,999,Irina Alekseeva,28,False,False,False,False,SUB
2025-10-11,UFC Fight Night: Oliveira vs. Gamrot,Welterweight,Vicente Luque,34,Joel Alvarez,999,False,False,False,False,U-DEC
2025-10-11,UFC Fight Night: Oliveira vs. Gamrot,Flyweight,Jafel Filho,19,Clayton Carpenter,16,False,False,False,False,SUB
2025-10-11,UFC Fight Night: Oliveira vs. Gamrot,Lightweight,Charles Oliveira,6,Mateusz Gamrot,4,True,True,False,True,SUB
2025-10-11,UFC Fight Night: Oliveira vs. Gamrot,Heavyweight,Vitor Petrino,17,Thomas Petersen,19,False,False,False,False,KO/TKO
2025-10-11,UFC Fight Night: Oliveira vs. Gamrot,Women's Strawweight,Julia Polastri,29,Karolina Kowalkiewicz,26,False,False,False,False,KO/TKO
2025-10-11,UFC Fight Night: Oliveira vs. Gamrot,Featherweight,Lucas Almeida,72,Michael Aswell Jr.,999,False,False,False,False,KO/TKO
2025-10-11,UFC Fight Night: Oliveira vs. Gamrot,Bantamweight,Deiveson Figueiredo,27,Montel Jackson,8,False,False,False,False,S-DEC
2025-10-18,UFC Fight Night: De Ridder vs. Allen,Middleweight,Danny Barlow,999,Djorden Santos,56,False,False,False,False,U-DEC
2025-10-18,UFC Fight Night: De Ridder vs. Allen,Lightweight,Kyle Nelson,999,Matt Frevola,50,False,False,False,False,U-DEC
2025-10-18,UFC Fight Night: De Ridder vs. Allen,Flyweight,Bruno Silva,55,HyunSung Park,26,False,False,False,False,SUB
2025-10-18,UFC Fight Night: De Ridder vs. Allen,Bantamweight,Marlon Vera,20,Aiemann Zahabi,999,False,False,False,False,S-DEC
2025-10-18,UFC Fight Night: De Ridder vs. Allen,Middleweight,Azamat Bekoev,17,Yousri Belgaroui,999,False,False,False,False,KO/TKO
2025-10-18,UFC Fight Night: De Ridder vs. Allen,Women's Strawweight,Stephanie Luciano,25,Ravena Oliveira,999,False,False,False,False,SUB
2025-10-18,UFC Fight Night: De Ridder vs. Allen,Bantamweight,Cody Gibson,41,Aoriqileng,75,False,False,False,False,KO/TKO
2025-10-18,UFC Fight Night: De Ridder vs. Allen,Bantamweight,Charles Jourdain,38,Davey Grant,19,False,False,False,False,SUB
2025-10-18,UFC Fight Night: De Ridder vs. Allen,Women's Flyweight,Manon Fiorot,3,Jasmine Jasudavicius,7,True,True,False,True,KO/TKO
2025-10-18,UFC Fight Night: De Ridder vs. Allen,Welterweight,Kevin Holland,21,Mike Malott,15,False,False,False,False,U-DEC
2025-10-18,UFC Fight Night: De Ridder vs. Allen,Middleweight,Reinier de Ridder,8,Brendan Allen,19,False,False,False,False,KO/TKO
2025-10-18,UFC Fight Night: De Ridder vs. Allen,Women's Bantamweight,Melissa Croden,999,Tainara Lisboa,26,False,False,False,False,KO/TKO
2025-10-18,UFC Fight Night: De Ridder vs. Allen,Lightweight,Kyle Prepolec,81,Drew Dober,52,False,False,False,False,KO/TKO
2025-10-25,UFC 321: Aspinall vs. Gane,Middleweight,Ikram Aliskerov,9,JunYong Park,27,False,False,False,False,U-DEC
2025-10-25,UFC 321: Aspinall vs. Gane,Flyweight,Azat Maksum,34,Mitch Raposo,42,False,False,False,False,U-DEC
2025-10-25,UFC 321: Aspinall vs. Gane,Heavyweight,Hamdy Abdelwahab,41,Chris Barnett,45,False,False,False,False,U-DEC
2025-10-25,UFC 321: Aspinall vs. Gane,Heavyweight,Tom Aspinall,1,Ciryl Gane,3,True,True,True,False,NC
2025-10-25,UFC 321: Aspinall vs. Gane,Women's Strawweight,Virna Jandiroba,2,Mackenzie Dern,12,False,True,True,False,U-DEC
2025-10-25,UFC 321: Aspinall vs. Gane,Heavyweight,Alexander Volkov,2,Jailton Almeida,4,True,True,False,True,S-DEC
2025-10-25,UFC 321: Aspinall vs. Gane,Featherweight,Nathaniel Wood,11,Jose Delgado,9,True,True,False,True,U-DEC
2025-10-25,UFC 321: Aspinall vs. Gane,Lightweight,Nasrat Haqparast,21,Quillan Salkilld,22,False,False,False,False,KO/TKO
2025-10-25,UFC 321: Aspinall vs. Gane,Bantamweight,Umar Nurmagomedov,2,Mario Bautista,8,True,True,False,True,U-DEC
2025-10-25,UFC 321: Aspinall vs. Gane,Lightweight,Ludovit Klein,30,Mateusz Rebecki,31,False,False,False,False,M-DEC
2025-10-25,UFC 321: Aspinall vs. Gane,Light Heavyweight,Aleksandar Rakic,10,Azamat Murzakanov,5,True,True,False,True,KO/TKO
2025-10-25,UFC 321: Aspinall vs. Gane,Women's Strawweight,Jaqueline Amorim,9,Mizuki,999,False,False,False,False,U-DEC
2025-10-25,UFC 321: Aspinall vs. Gane,Heavyweight,Valter Walker,12,Louie Sutherland,999,False,False,False,False,SUB
2025-11-01,UFC Fight Night: Garcia vs. Onama,Women's Strawweight,Alice Ardelean,25,Montserrat Conejo Ruiz,999,False,False,False,False,U-DEC
2025-11-01,UFC Fight Night: Garcia vs. Onama,Bantamweight,Timmy Cuamba,999,ChangHo Lee,41,False,False,False,False,U-DEC
2025-11-01,UFC Fight Night: Garcia vs. Onama,Welterweight,Charles Radtke,53,Daniel Frunza,82,False,False,False,False,SUB
2025-11-01,UFC Fight Night: Garcia vs. Onama,Featherweight,Steve Garcia,5,David Onama,20,False,False,False,False,KO/TKO
2025-11-01,UFC Fight Night: Garcia vs. Onama,Women's Bantamweight,Ketlen Vieira,999,Norma Dumont,2,False,False,False,False,S-DEC
2025-11-01,UFC Fight Night: Garcia vs. Onama,Featherweight,Isaac Dulgarian,16,Yadier del Valle,49,False,False,False,False,SUB
2025-11-01,UFC Fight Night: Garcia vs. Onama,Women's Strawweight,Talita Alencar,28,Ariane Carnelossi,40,False,False,False,False,SUB
2025-11-01,UFC Fight Night: Garcia vs. Onama,Heavyweight,Waldo Cortes Acosta,9,Ante Delija,15,False,True,False,False,KO/TKO
2025-11-01,UFC Fight Night: Garcia vs. Onama,Welterweight,Jeremiah Wells,999,Themba Gorimbo,20,False,False,False,False,U-DEC
2025-11-01,UFC Fight Night: Garcia vs. Onama,Middleweight,Donte Johnson,999,Sedriques Dumas,68,False,False,False,False,SUB
2025-11-01,UFC Fight Night: Garcia vs. Onama,Welterweight,Phil Rowe,57,Seokhyeon Ko,37,False,False,False,False,U-DEC
2025-11-01,UFC Fight Night: Garcia vs. Onama,Light Heavyweight,Billy Elekana,30,Kevin Christian,999,False,False,False,False,SUB
2025-11-08,UFC Fight Night: Bonfim vs. Brown,Lightweight,Chris Padilla,50,Ismael Bonfim,41,False,False,False,False,KO/TKO
2025-11-08,UFC Fight Night: Bonfim vs. Brown,Bantamweight,Miles Johns,56,Daniel Marcos,19,False,False,False,False,SUB
2025-11-08,UFC Fight Night: Bonfim vs. Brown,Welterweight,Gabriel Bonfim,10,Randy Brown,11,True,True,False,True,KO/TKO
2025-11-08,UFC Fight Night: Bonfim vs. Brown,Women's Bantamweight,Mayra Bueno Silva,999,Jacqueline Cavalcanti,8,False,False,False,False,U-DEC
2025-11-08,UFC Fight Night: Bonfim vs. Brown,Heavyweight,Josh Hokit,999,Max Gimenis,999,False,False,False,False,KO/TKO
2025-11-08,UFC Fight Night: Bonfim vs. Brown,Women's Strawweight,Tecia Pennington,10,Denise Gomes,6,True,True,False,True,U-DEC
2025-11-08,UFC Fight Night: Bonfim vs. Brown,Middleweight,Christian Leroy Duncan,18,Marco Tulio,20,False,False,False,False,KO/TKO
2025-11-08,UFC Fight Night: Bonfim vs. Brown,Welterweight,Muslim Salikhov,23,Uros Medic,60,False,False,False,False,KO/TKO
2025-11-08,UFC Fight Night: Bonfim vs. Brown,Bantamweight,Ricky Simon,37,Raoni Barcelos,23,False,False,False,False,U-DEC
2025-11-08,UFC Fight Night: Bonfim vs. Brown,Featherweight,Hyder Amil,46,Jamall Emmers,20,False,False,False,False,U-DEC
2025-11-08,UFC Fight Night: Bonfim vs. Brown,Flyweight,Matt Schnell,38,Joseph Morales,24,False,False,False,False,SUB
2025-11-15,UFC 322: Della Maddalena vs. Makhachev,Lightweight,Viacheslav Borshchev,87,Matheus Camilo,71,False,False,False,False,U-DEC
2025-11-15,UFC 322: Della Maddalena vs. Makhachev,Middleweight,Bo Nickal,31,Rodolfo Vieira,38,False,False,False,False,KO/TKO
2025-11-15,UFC 322: Della Maddalena vs. Makhachev,Welterweight,Leon Edwards,18,Carlos Prates,14,False,False,False,False,KO/TKO
2025-11-15,UFC 322: Della Maddalena vs. Makhachev,Welterweight,Sean Brady,4,Michael Morales,2,True,True,False,True,KO/TKO
2025-11-15,UFC 322: Della Maddalena vs. Makhachev,Women's Strawweight,Angela Hill,13,Fatima Kline,17,False,False,False,False,U-DEC
2025-11-15,UFC 322: Della Maddalena vs. Makhachev,Women's Flyweight,Valentina Shevchenko,2,Zhang Weili,999,False,False,True,False,U-DEC
2025-11-15,UFC 322: Della Maddalena vs. Makhachev,Welterweight,Jack Della Maddalena,3,Islam Makhachev,999,False,False,True,False,U-DEC
2025-11-15,UFC 322: Della Maddalena vs. Makhachev,Women's Flyweight,Erin Blanchfield,3,Tracy Cortez,7,True,True,False,True,SUB
2025-11-15,UFC 322: Della Maddalena vs. Makhachev,Lightweight,Beneil Dariush,11,Benoit Saint Denis,9,True,True,False,True,KO/TKO
2025-11-15,UFC 322: Della Maddalena vs. Makhachev,Middleweight,Kyle Daukaus,40,Gerald Meerschaert,60,False,False,False,False,SUB
2025-11-15,UFC 322: Della Maddalena vs. Makhachev,Middleweight,Baisangur Susurkaev,39,Eric McConico,999,False,False,False,False,KO/TKO
2025-11-15,UFC 322: Della Maddalena vs. Makhachev,Featherweight,Malcolm Wellmaker,999,Ethyn Ewing,999,False,False,False,False,U-DEC
2025-11-15,UFC 322: Della Maddalena vs. Makhachev,Featherweight,Pat Sabatini,18,Chepe Mariscal,7,False,False,False,False,U-DEC
2025-11-15,UFC 322: Della Maddalena vs. Makhachev,Middleweight,Roman Kopylov,37,Gregory Rodrigues,15,False,False,False,False,U-DEC
2025-11-22,UFC Fight Night: Tsarukyan vs. Hooker,Flyweight,Tagir Ulanbekov,11,Kyoji Horiguchi,999,False,False,False,False,SUB
2025-11-22,UFC Fight Night: Tsarukyan vs. Hooker,Middleweight,Ismail Naurdiev,33,Ryan Loder,50,False,False,False,False,KO/TKO
2025-11-22,UFC Fight Night: Tsarukyan vs. Hooker,Flyweight,Alex Perez,10,Asu Almabayev,9,True,True,False,True,SUB
2025-11-22,UFC Fight Night: Tsarukyan vs. Hooker,Lightweight,Nurullo Aliev,45,Shem Rock,999,False,False,False,False,U-DEC
2025-11-22,UFC Fight Night: Tsarukyan vs. Hooker,Featherweight,Bogdan Grad,45,Luke Riley,999,False,False,False,False,KO/TKO
2025-11-22,UFC Fight Night: Tsarukyan vs. Hooker,Lightweight,Arman Tsarukyan,999,Dan Hooker,18,False,False,False,False,SUB
2025-11-22,UFC Fight Night: Tsarukyan vs. Hooker,Bantamweight,Bekzat Almakhan,37,Aleksandre Topuria,55,False,False,False,False,U-DEC
2025-11-22,UFC Fight Night: Tsarukyan vs. Hooker,Light Heavyweight,Volkan Oezdemir,4,Alonzo Menifield,22,False,False,False,False,KO/TKO
2025-11-22,UFC Fight Night: Tsarukyan vs. Hooker,Welterweight,Jack Hermansson,999,Myktybek Orolbai,999,False,False,False,False,KO/TKO
2025-11-22,UFC Fight Night: Tsarukyan vs. Hooker,Heavyweight,Marek Bujlo,999,Denzel Freeman,999,False,False,False,False,U-DEC
2025-11-22,UFC Fight Night: Tsarukyan vs. Hooker,Welterweight,Belal Muhammad,7,Ian Machado Garry,5,True,True,False,True,U-DEC
2025-11-22,UFC Fight Night: Tsarukyan vs. Hooker,Welterweight,Nicolas Dalby,32,Saygid Izagakhmaev,999,False,False,False,False,S-DEC
2025-11-22,UFC Fight Night: Tsarukyan vs. Hooker,Heavyweight,Waldo Cortes Acosta,9,Shamil Gaziev,23,False,False,False,False,KO/TKO
2025-11-22,UFC Fight Night: Tsarukyan vs. Hooker,Light Heavyweight,Abdul Rakhman Yakhyaev,999,Rafael Cerqueira,999,False,False,False,False,SUB
2025-12-06,UFC 323: Dvalishvili vs. Yan 2,Lightweight,Nazim Sadykhov,39,Fares Ziam,25,False,False,False,False,KO/TKO
2025-12-06,UFC 323: Dvalishvili vs. Yan 2,Bantamweight,Henry Cejudo,20,Payton Talbott,21,False,False,False,False,U-DEC
2025-12-06,UFC 323: Dvalishvili vs. Yan 2,Women's Flyweight,Maycee Barber,999,Karine Silva,13,False,False,False,False,U-DEC
2025-12-06,UFC 323: Dvalishvili vs. Yan 2,Middleweight,Marvin Vettori,23,Brunno Ferreira,34,False,False,False,False,U-DEC
2025-12-06,UFC 323: Dvalishvili vs. Yan 2,Featherweight,Muhammad Naimov,43,Mairon Santos,999,False,False,False,False,KO/TKO
2025-12-06,UFC 323: Dvalishvili vs. Yan 2,Bantamweight,Merab Dvalishvili,1,Petr Yan,4,True,True,True,False,U-DEC
2025-12-06,UFC 323: Dvalishvili vs. Yan 2,Light Heavyweight,Jan Blachowicz,6,Bogdan Guskov,11,True,True,False,True,M-DEC
2025-12-06,UFC 323: Dvalishvili vs. Yan 2,Lightweight,Edson Barboza,43,Jalin Turner,17,False,False,False,False,KO/TKO
2025-12-06,UFC 323: Dvalishvili vs. Yan 2,Middleweight,Mansur Abdul-Malik,42,Antonio Trocoli,69,False,False,False,False,SUB
2025-12-06,UFC 323: Dvalishvili vs. Yan 2,Lightweight,Terrance McKinney,22,Chris Duncan,41,False,False,False,False,SUB
2025-12-06,UFC 323: Dvalishvili vs. Yan 2,Lightweight,Grant Dawson,6,Manuel Torres,15,False,True,False,False,KO/TKO
2025-12-06,UFC 323: Dvalishvili vs. Yan 2,Flyweight,Alexandre Pantoja,1,Joshua Van,7,True,True,True,False,KO/TKO
2025-12-06,UFC 323: Dvalishvili vs. Yan 2,Light Heavyweight,Iwo Baraniewski,999,Ibo Aslan,31,False,False,False,False,KO/TKO
2025-12-06,UFC 323: Dvalishvili vs. Yan 2,Flyweight,Brandon Moreno,4,Tatsuro Taira,3,True,True,False,True,KO/TKO
2025-12-13,UFC Fight Night: Royval vs. Kape,Welterweight,Neil Magny,31,Yaroslav Amosov,999,False,False,False,False,SUB
2025-12-13,UFC Fight Night: Royval vs. Kape,Featherweight,Joanderson Brito,19,Isaac Thomson,999,False,False,False,False,U-DEC
2025-12-13,UFC Fight Night: Royval vs. Kape,Featherweight,Giga Chikadze,18,Kevin Vallejos,36,False,False,False,False,KO/TKO
2025-12-13,UFC Fight Night: Royval vs. Kape,Heavyweight,Kennedy Nzechukwu,34,Marcus Buchecha,36,False,False,False,False,U-DEC
2025-12-13,UFC Fight Night: Royval vs. Kape,Women's Flyweight,Jamey-Lyn Horth,18,Tereza Bleda,999,False,False,False,False,KO/TKO
2025-12-13,UFC Fight Night: Royval vs. Kape,Featherweight,Melquizael Costa,15,Morgan Charriere,30,False,False,False,False,KO/TKO
2025-12-13,UFC Fight Night: Royval vs. Kape,Heavyweight,Sean Sharaf,45,Steven Asplund,999,False,False,False,False,KO/TKO
2025-12-13,UFC Fight Night: Royval vs. Kape,Flyweight,Brandon Royval,6,Manel Kape,3,True,True,False,True,KO/TKO
2025-12-13,UFC Fight Night: Royval vs. Kape,Heavyweight,Allen Frye Jr.,999,Guilherme Pat,999,False,False,False,False,U-DEC
2025-12-13,UFC Fight Night: Royval vs. Kape,Women's Bantamweight,Melissa Croden,13,Luana Santos,10,False,True,False,False,U-DEC
2025-12-13,UFC Fight Night: Royval vs. Kape,Middleweight,Cesar Almeida,39,Cezary Oleksiejczuk,999,False,False,False,False,U-DEC
2026-01-24,UFC 324: Gaethje vs. Pimblett,Bantamweight,Sean O'Malley,5,Song Yadong,7,True,True,False,True,U-DEC
2026-01-24,UFC 324: Gaethje vs. Pimblett,Welterweight,Adam Fugitt,81,Ty Miller,999,False,False,False,False,KO/TKO
2026-01-24,UFC 324: Gaethje vs. Pimblett,Middleweight,Ateba Gautier,18,Andrey Pulyaev,52,False,False,False,False,U-DEC
2026-01-24,UFC 324: Gaethje vs. Pimblett,Bantamweight,Umar Nurmagomedov,2,Deiveson Figueiredo,21,False,False,False,False,U-DEC
2026-01-24,UFC 324: Gaethje vs. Pimblett,Light Heavyweight,Nikita Krylov,19,Modestas Bukauskas,22,False,False,False,False,KO/TKO
2026-01-24,UFC 324: Gaethje vs. Pimblett,Featherweight,Arnold Allen,999,Jean Silva,15,False,False,False,False,U-DEC
2026-01-24,UFC 324: Gaethje vs. Pimblett,Heavyweight,Josh Hokit,16,Denzel Freeman,26,False,False,False,False,KO/TKO
2026-01-24,UFC 324: Gaethje vs. Pimblett,Flyweight,Alex Perez,12,Charles Johnson,14,False,True,False,False,KO/TKO
2026-01-24,UFC 324: Gaethje vs. Pimblett,Women's Flyweight,Natalia Silva,5,Rose Namajunas,6,True,True,False,True,U-DEC
2026-01-24,UFC 324: Gaethje vs. Pimblett,Heavyweight,Waldo Cortes Acosta,6,Derrick Lewis,9,True,True,False,True,KO/TKO
2026-01-24,UFC 324: Gaethje vs. Pimblett,Lightweight,Justin Gaethje,7,Paddy Pimblett,9,True,True,True,False,U-DEC
2026-01-31,UFC 325: Volkanovski vs. Lopes 2,Middleweight,Jacob Malkoun,999,Torrez Finney,52,False,False,False,False,U-DEC
2026-01-31,UFC 325: Volkanovski vs. Lopes 2,Lightweight,Quillan Salkilld,11,Jamie Mullarkey,66,False,False,False,False,SUB
2026-01-31,UFC 325: Volkanovski vs. Lopes 2,Middleweight,Cam Rowston,34,Cody Brundage,999,False,False,False,False,KO/TKO
2026-01-31,UFC 325: Volkanovski vs. Lopes 2,Featherweight,Kaan Ofli,64,Yizha,50,False,False,False,False,M-DEC
2026-01-31,UFC 325: Volkanovski vs. Lopes 2,Lightweight,Rafael Fiziev,15,Mauricio Ruffy,36,False,False,False,False,KO/TKO
2026-01-31,UFC 325: Volkanovski vs. Lopes 2,Bantamweight,Sulangrangbo,999,Lawrence Lui,999,False,False,False,False,S-DEC
2026-01-31,UFC 325: Volkanovski vs. Lopes 2,Heavyweight,Tai Tuivasa,24,Tallison Teixeira,27,False,False,False,False,U-DEC
2026-01-31,UFC 325: Volkanovski vs. Lopes 2,Featherweight,Keiichiro Nakamura,999,Sebastian Szalay,999,False,False,False,False,KO/TKO
2026-01-31,UFC 325: Volkanovski vs. Lopes 2,Welterweight,Jonathan Micallef,61,Oban Elliott,60,False,False,False,False,SUB
2026-01-31,UFC 325: Volkanovski vs. Lopes 2,Lightweight,Dan Hooker,24,Benoit Saint Denis,4,False,False,False,False,KO/TKO
2026-01-31,UFC 325: Volkanovski vs. Lopes 2,Lightweight,Sangwook Kim,999,Dom Mar Fan,999,False,False,False,False,U-DEC
2026-01-31,UFC 325: Volkanovski vs. Lopes 2,Featherweight,Alexander Volkanovski,1,Diego Lopes,2,True,True,True,False,U-DEC
2026-01-31,UFC 325: Volkanovski vs. Lopes 2,Light Heavyweight,Junior Tafa,36,Billy Elekana,22,False,False,False,False,SUB
2026-02-07,UFC Fight Night: Bautista vs. Oliveira,Bantamweight,Jean Matsumoto,42,Farid Basharat,13,False,False,False,False,S-DEC
2026-02-07,UFC Fight Night: Bautista vs. Oliveira,Women's Bantamweight,Klaudia Sygula,23,Priscila Cachoeira,27,False,False,False,False,U-DEC
2026-02-07,UFC Fight Night: Bautista vs. Oliveira,Light Heavyweight,Dustin Jacoby,12,Julius Walker,25,False,False,False,False,KO/TKO
2026-02-07,UFC Fight Night: Bautista vs. Oliveira,Bantamweight,Javid Basharat,29,Gianni Vazquez,999,False,False,False,False,U-DEC
2026-02-07,UFC Fight Night: Bautista vs. Oliveira,Middleweight,Michal Oleksiejczuk,19,Marc-Andre Barriault,58,False,False,False,False,U-DEC
2026-02-07,UFC Fight Night: Bautista vs. Oliveira,Bantamweight,Muin Gafurov,32,Jakub Wiklacz,59,False,False,False,False,SUB
2026-02-07,UFC Fight Night: Bautista vs. Oliveira,Heavyweight,Jailton Almeida,3,Rizvan Kuniev,27,False,False,False,False,U-DEC
2026-02-07,UFC Fight Night: Bautista vs. Oliveira,Welterweight,Nikolay Veretennikov,82,Niko Price,73,False,False,False,False,KO/TKO
2026-02-07,UFC Fight Night: Bautista vs. Oliveira,Women's Strawweight,Bruna Brasil,43,Ketlen Souza,34,False,False,False,False,U-DEC
2026-02-07,UFC Fight Night: Bautista vs. Oliveira,Flyweight,Amir Albazi,15,Kyoji Horiguchi,18,False,False,False,False,U-DEC
2026-02-07,UFC Fight Night: Bautista vs. Oliveira,Welterweight,Alex Morono,80,Daniil Donchenko,44,False,False,False,False,U-DEC
2026-02-07,UFC Fight Night: Bautista vs. Oliveira,Bantamweight,Mario Bautista,9,Vinicius Oliveira,6,True,True,False,True,SUB
2026-02-21,UFC Fight Night: Strickland vs. Hernandez,Heavyweight,Serghei Spivac,12,Ante Delija,14,False,True,False,False,U-DEC
2026-02-21,UFC Fight Night: Strickland vs. Hernandez,Welterweight,Chidi Njokuani,43,Carlos Leal,57,False,False,False,False,U-DEC
2026-02-21,UFC Fight Night: Strickland vs. Hernandez,Middleweight,Zach Reese,999,Michel Pereira,37,False,False,False,False,S-DEC
2026-02-21,UFC Fight Night: Strickland vs. Hernandez,Welterweight,Phil Rowe,66,Jean-Paul Lebosnoyani,999,False,False,False,False,S-DEC
2026-02-21,UFC Fight Night: Strickland vs. Hernandez,Welterweight,Jacobe Smith,32,Josiah Harrell,999,False,False,False,False,KO/TKO
2026-02-21,UFC Fight Night: Strickland vs. Hernandez,Featherweight,Jordan Leavitt,999,Yadier del Valle,20,False,False,False,False,U-DEC
2026-02-21,UFC Fight Night: Strickland vs. Hernandez,Women's Flyweight,Juliana Miller,26,Carli Judice,11,False,False,False,False,U-DEC
2026-02-21,UFC Fight Night: Strickland vs. Hernandez,Flyweight,Ode Osbourne,999,Alibi Idiris,40,False,False,False,False,U-DEC
2026-02-21,UFC Fight Night: Strickland vs. Hernandez,Middleweight,Sean Strickland,4,Anthony Hernandez,3,True,True,False,True,KO/TKO
2026-02-21,UFC Fight Night: Strickland vs. Hernandez,Welterweight,Ramiz Brahimaj,44,Punahele Soriano,40,False,False,False,False,U-DEC
2026-02-21,UFC Fight Night: Strickland vs. Hernandez,Flyweight,Alden Coria,17,Luis Gurule,45,False,False,False,False,U-DEC
2026-02-21,UFC Fight Night: Strickland vs. Hernandez,Featherweight,Dan Ige,23,Melquizael Costa,7,False,False,False,False,KO/TKO
2026-02-21,UFC Fight Night: Strickland vs. Hernandez,Welterweight,Geoff Neal,18,Uros Medic,42,False,False,False,False,KO/TKO
2026-02-21,UFC Fight Night: Strickland vs. Hernandez,Women's Bantamweight,Nora Cornolle,17,Joselyne Edwards,5,False,False,False,False,SUB
2026-02-28,UFC Fight Night: Moreno vs. Kavanagh,Flyweight,Brandon Moreno,8,Lone'er Kavanagh,19,False,False,False,False,U-DEC
2026-02-28,UFC Fight Night: Moreno vs. Kavanagh,Flyweight,Imanol Rodriguez,999,Kevin Borjas,53,False,False,False,False,KO/TKO
2026-02-28,UFC Fight Night: Moreno vs. Kavanagh,Bantamweight,Cristian Quinonez,999,Kris Moutinho,84,False,False,False,False,U-DEC
2026-02-28,UFC Fight Night: Moreno vs. Kavanagh,Bantamweight,Marlon Vera,28,David Martinez,25,False,False,False,False,U-DEC
2026-02-28,UFC Fight Night: Moreno vs. Kavanagh,Bantamweight,Santiago Luna,35,Angel Pacheco,999,False,False,False,False,U-DEC
2026-02-28,UFC Fight Night: Moreno vs. Kavanagh,Middleweight,Ryan Gandra,999,Jose Daniel Medina,75,False,False,False,False,KO/TKO
2026-02-28,UFC Fight Night: Moreno vs. Kavanagh,Featherweight,Erik Silva,999,Francis Marshall,69,False,False,False,False,SUB
2026-02-28,UFC Fight Night: Moreno vs. Kavanagh,Featherweight,Douglas Silva de Andrade,999,Javier Reyes,999,False,False,False,False,KO/TKO
2026-02-28,UFC Fight Night: Moreno vs. Kavanagh,Flyweight,Edgar Chairez,33,Felipe Bunes,45,False,False,False,False,S-DEC
2026-02-28,UFC Fight Night: Moreno vs. Kavanagh,Lightweight,Daniel Zellhuber,47,King Green,999,False,False,False,False,KO/TKO
2026-02-28,UFC Fight Night: Moreno vs. Kavanagh,Women's Bantamweight,Ailin Perez,3,Macy Chiasson,12,False,True,False,False,U-DEC
2026-02-28,UFC Fight Night: Moreno vs. Kavanagh,Middleweight,Damian Pinas,999,Wes Schultz,999,False,False,False,False,KO/TKO
2026-03-07,UFC 326: Holloway vs. Oliveira 2,Middleweight,Gregory Rodrigues,10,Brunno Ferreira,35,False,False,False,False,KO/TKO
2026-03-07,UFC 326: Holloway vs. Oliveira 2,Featherweight,Ricky Turcios,999,Alberto Montes,999,False,False,False,False,SUB
2026-03-07,UFC 326: Holloway vs. Oliveira 2,Middleweight,Donte Johnson,50,Cody Brundage,56,False,False,False,False,S-DEC
2026-03-07,UFC 326: Holloway vs. Oliveira 2,Flyweight,Sumudaerji,18,Jesus Aguilar,28,False,False,False,False,U-DEC
2026-03-07,UFC 326: Holloway vs. Oliveira 2,Light Heavyweight,Luke Fernandez,999,Rodolfo Bellato,34,False,False,False,False,KO/TKO
2026-03-07,UFC 326: Holloway vs. Oliveira 2,Bantamweight,Rob Font,16,Raul Rosas Jr.,32,False,False,False,False,U-DEC
2026-03-07,UFC 326: Holloway vs. Oliveira 2,Light Heavyweight,Rafael Tobias,999,Diyar Nurgozhay,44,False,False,False,False,U-DEC
2026-03-07,UFC 326: Holloway vs. Oliveira 2,Middleweight,Caio Borralho,9,Reinier de Ridder,12,False,True,False,False,U-DEC
2026-03-07,UFC 326: Holloway vs. Oliveira 2,Bantamweight,Cody Garbrandt,45,Xiao Long,49,False,False,False,False,U-DEC
2026-03-07,UFC 326: Holloway vs. Oliveira 2,Lightweight,Drew Dober,41,Michael Johnson,28,False,False,False,False,KO/TKO
2026-03-07,UFC 326: Holloway vs. Oliveira 2,Lightweight,Max Holloway,1,Charles Oliveira,6,True,True,False,True,U-DEC
2026-03-07,UFC 326: Holloway vs. Oliveira 2,Flyweight,Cody Durden,999,Nyamjargal Tumendemberel,29,False,False,False,False,U-DEC
2026-03-14,UFC Fight Night: Emmett vs. Vallejos,Women's Strawweight,Piera Rodriguez,18,Sam Hughes,20,False,False,False,False,U-DEC
2026-03-14,UFC Fight Night: Emmett vs. Vallejos,Heavyweight,Vitor Petrino,14,Steven Asplund,22,False,False,False,False,U-DEC
2026-03-14,UFC Fight Night: Emmett vs. Vallejos,Bantamweight,Luan Lacerda,75,Hecher Sosa,999,False,False,False,False,U-DEC
2026-03-14,UFC Fight Night: Emmett vs. Vallejos,Women's Strawweight,Amanda Lemos,8,Gillian Robertson,4,True,True,False,True,U-DEC
2026-03-14,UFC Fight Night: Emmett vs. Vallejos,Featherweight,Andre Fili,57,Jose Delgado,9,False,False,False,False,S-DEC
2026-03-14,UFC Fight Night: Emmett vs. Vallejos,Women's Bantamweight,Bia Mesquita,12,Montse Rendon,21,False,False,False,False,SUB
2026-03-14,UFC Fight Night: Emmett vs. Vallejos,Lightweight,Bolaji Oki,66,Manoel Sousa,999,False,False,False,False,KO/TKO
2026-03-14,UFC Fight Night: Emmett vs. Vallejos,Middleweight,Brad Tavares,57,Eryk Anders,48,False,False,False,False,U-DEC
2026-03-14,UFC Fight Night: Emmett vs. Vallejos,Light Heavyweight,Ion Cutelaba,19,Oumar Sy,15,False,False,False,False,SUB
2026-03-14,UFC Fight Night: Emmett vs. Vallejos,Featherweight,Marwan Rahiki,999,Harry Hardwick,999,False,False,False,False,KO/TKO
2026-03-14,UFC Fight Night: Emmett vs. Vallejos,Welterweight,Chris Curtis,40,Myktybek Orolbai,27,False,False,False,False,U-DEC
2026-03-14,UFC Fight Night: Emmett vs. Vallejos,Bantamweight,Elijah Smith,45,SuYoung You,43,False,False,False,False,SUB
2026-03-14,UFC Fight Night: Emmett vs. Vallejos,Featherweight,Josh Emmett,24,Kevin Vallejos,19,False,False,False,False,KO/TKO
2026-03-14,UFC Fight Night: Emmett vs. Vallejos,Flyweight,Charles Johnson,27,Bruno Silva,43,False,False,False,False,S-DEC
2026-03-21,UFC Fight Night: Evloev vs. Murphy,Women's Strawweight,Shanelle Dyer,999,Ravena Oliveira,41,False,False,False,False,KO/TKO
2026-03-21,UFC Fight Night: Evloev vs. Murphy,Featherweight,Movsar Evloev,2,Lerone Murphy,15,False,True,False,False,M-DEC
2026-03-21,UFC Fight Night: Evloev vs. Murphy,Featherweight,Nathaniel Wood,13,Losene Keita,999,False,False,False,False,S-DEC
2026-03-21,UFC Fight Night: Evloev vs. Murphy,Lightweight,Mason Jones,27,Axel Sola,999,False,False,False,False,U-DEC
2026-03-21,UFC Fight Night: Evloev vs. Murphy,Light Heavyweight,Iwo Baraniewski,31,Austen Lane,999,False,False,False,False,KO/TKO
2026-03-21,UFC Fight Night: Evloev vs. Murphy,Featherweight,Kurtis Campbell,999,Danny Silva,70,False,False,False,False,KO/TKO
2026-03-21,UFC Fight Night: Evloev vs. Murphy,Middleweight,Roman Dolidze,15,Christian Leroy Duncan,17,False,False,False,False,U-DEC
2026-03-21,UFC Fight Night: Evloev vs. Murphy,Welterweight,Michael Page,999,Sam Patterson,31,False,False,False,False,U-DEC
2026-03-21,UFC Fight Night: Evloev vs. Murphy,Middleweight,Mantas Kondratavicius,999,Antonio Trocoli,77,False,False,False,False,U-DEC
2026-03-21,UFC Fight Night: Evloev vs. Murphy,Heavyweight,Mario Pinto,19,Felipe Franco,999,False,False,False,False,U-DEC
2026-03-21,UFC Fight Night: Evloev vs. Murphy,Lightweight,Shem Rock,70,Abdul-Kareem Al-Selwady,999,False,False,False,False,U-DEC
2026-03-21,UFC Fight Night: Evloev vs. Murphy,Heavyweight,Louie Sutherland,39,Brando Pericic,18,False,False,False,False,KO/TKO
2026-03-21,UFC Fight Night: Evloev vs. Murphy,Featherweight,Luke Riley,53,Michael Aswell Jr.,38,False,False,False,False,U-DEC
2026-03-28,UFC Fight Night: Adesanya vs. Pyfer,Heavyweight,Marcin Tybura,22,Tyrell Fortune,999,False,False,False,False,U-DEC
2026-03-28,UFC Fight Night: Adesanya vs. Pyfer,Women's Flyweight,Casey O'Neill,999,Gabriella Fernandes,22,False,False,False,False,KO/TKO
2026-03-28,UFC Fight Night: Adesanya vs. Pyfer,Welterweight,Michael Chiesa,22,Niko Price,85,False,False,False,False,SUB
2026-03-28,UFC Fight Night: Adesanya vs. Pyfer,Lightweight,Chase Hooper,32,Lance Gibson Jr.,999,False,False,False,False,KO/TKO
2026-03-28,UFC Fight Night: Adesanya vs. Pyfer,Women's Strawweight,Alexia Thainara,15,Bruna Brasil,43,False,False,False,False,U-DEC
2026-03-28,UFC Fight Night: Adesanya vs. Pyfer,Middleweight,Israel Adesanya,5,Joe Pyfer,14,False,True,False,False,KO/TKO
2026-03-28,UFC Fight Night: Adesanya vs. Pyfer,Women's Flyweight,Alexa Grasso,10,Maycee Barber,6,True,True,False,True,KO/TKO
2026-03-28,UFC Fight Night: Adesanya vs. Pyfer,Lightweight,Terrance McKinney,42,Kyle Nelson,45,False,False,False,False,KO/TKO
2026-03-28,UFC Fight Night: Adesanya vs. Pyfer,Bantamweight,Ricky Simon,37,Adrian Yanez,26,False,False,False,False,M-DEC
2026-03-28,UFC Fight Night: Adesanya vs. Pyfer,Light Heavyweight,Navajo Stirling,16,Bruno Lopes,36,False,False,False,False,KO/TKO
2026-03-28,UFC Fight Night: Adesanya vs. Pyfer,Middleweight,Mansur Abdul-Malik,37,Yousri Belgaroui,23,False,False,False,False,KO/TKO
2026-03-28,UFC Fight Night: Adesanya vs. Pyfer,Featherweight,Julian Erosa,36,Lerryan Douglas,999,False,False,False,False,KO/TKO
2026-03-28,UFC Fight Night: Adesanya vs. Pyfer,Lightweight,Ignacio Bahamondes,16,Tofiq Musayev,999,False,False,False,False,U-DEC
2026-04-04,UFC Fight Night: Moicano vs. Duncan,Heavyweight,Guilherme Pat,25,Thomas Petersen,27,False,False,False,False,M-DEC
2026-04-04,UFC Fight Night: Moicano vs. Duncan,Women's Strawweight,Virna Jandiroba,2,Tabatha Ricci,14,False,True,False,False,U-DEC
2026-04-04,UFC Fight Night: Moicano vs. Duncan,Women's Bantamweight,Alice Pereira,22,Hailey Cowan,21,False,False,False,False,KO/TKO
2026-04-04,UFC Fight Night: Moicano vs. Duncan,Featherweight,Jose Delano,999,Robert Ruchala,61,False,False,False,False,U-DEC
2026-04-04,UFC Fight Night: Moicano vs. Duncan,Lightweight,Lando Vannata,999,Darrius Flowers,999,False,False,False,False,KO/TKO
2026-04-04,UFC Fight Night: Moicano vs. Duncan,Lightweight,Kai Kamaka III,999,Dakota Hope,999,False,False,False,False,S-DEC
2026-04-04,UFC Fight Night: Moicano vs. Duncan,Light Heavyweight,Abdul Rakhman Yakhyaev,20,Brendson Ribeiro,38,False,False,False,False,SUB
2026-04-04,UFC Fight Night: Moicano vs. Duncan,Flyweight,Alessandro Costa,36,Stewart Nicoll,52,False,False,False,False,KO/TKO
2026-04-04,UFC Fight Night: Moicano vs. Duncan,Featherweight,Tommy McMillen,999,Manolo Zecchini,999,False,False,False,False,KO/TKO
2026-04-04,UFC Fight Night: Moicano vs. Duncan,Women's Flyweight,Dione Barbosa,16,Melissa Gatto,999,False,False,False,False,M-DEC
2026-04-04,UFC Fight Night: Moicano vs. Duncan,Lightweight,Renato Moicano,15,Chris Duncan,20,False,False,False,False,SUB
2026-04-04,UFC Fight Night: Moicano vs. Duncan,Middleweight,Azamat Bekoev,42,Tresean Gore,72,False,False,False,False,SUB
2026-04-04,UFC Fight Night: Moicano vs. Duncan,Bantamweight,Ethyn Ewing,999,Rafael Estevam,999,False,False,False,False,KO/TKO
2026-04-11,UFC 327: Prochazka vs. Ulberg,Featherweight,Patricio Pitbull,999,Aaron Pico,42,False,False,False,False,U-DEC
2026-04-11,UFC 327: Prochazka vs. Ulberg,Middleweight,Kelvin Gastelum,33,Vicente Luque,999,False,False,False,False,SUB
2026-04-11,UFC 327: Prochazka vs. Ulberg,Welterweight,Charles Radtke,55,Francisco Prado,66,False,False,False,False,U-DEC
2026-04-11,UFC 327: Prochazka vs. Ulberg,Featherweight,Cub Swanson,25,Nate Landwehr,60,False,False,False,False,KO/TKO
2026-04-11,UFC 327: Prochazka vs. Ulberg,Lightweight,Mateusz Gamrot,6,Esteban Ribovics,21,False,False,False,False,SUB
2026-04-11,UFC 327: Prochazka vs. Ulberg,Lightweight,Chris Padilla,30,MarQuel Mederos,41,False,False,False,False,M-DEC
2026-04-11,UFC 327: Prochazka vs. Ulberg,Heavyweight,Curtis Blaydes,6,Josh Hokit,12,False,True,False,False,U-DEC
2026-04-11,UFC 327: Prochazka vs. Ulberg,Light Heavyweight,Jiri Prochazka,9,Carlos Ulberg,2,True,True,True,False,KO/TKO
2026-04-11,UFC 327: Prochazka vs. Ulberg,Light Heavyweight,Azamat Murzakanov,6,Paulo Costa,999,False,False,False,False,KO/TKO
2026-04-11,UFC 327: Prochazka vs. Ulberg,Welterweight,Kevin Holland,24,Randy Brown,15,False,False,False,False,U-DEC
2026-04-11,UFC 327: Prochazka vs. Ulberg,Light Heavyweight,Dominick Reyes,5,Johnny Walker,8,True,True,False,True,S-DEC
2026-04-11,UFC 327: Prochazka vs. Ulberg,Women's Strawweight,Tatiana Suarez,6,Loopy Godinez,12,False,True,False,False,SUB
2026-04-18,UFC Fight Night: Burns vs. Malott,Women's Flyweight,JJ Aldrich,20,Jamey-Lyn Horth,14,False,False,False,False,U-DEC
2026-04-18,UFC Fight Night: Burns vs. Malott,Welterweight,Gilbert Burns,31,Mike Malott,16,False,False,False,False,KO/TKO
2026-04-18,UFC Fight Night: Burns vs. Malott,Bantamweight,Jamie Siraj,999,John Yannis,999,False,False,False,False,KO/TKO
2026-04-18,UFC Fight Night: Burns vs. Malott,Women's Flyweight,Jasmine Jasudavicius,12,Karine Silva,15,False,True,False,False,U-DEC
2026-04-18,UFC Fight Night: Burns vs. Malott,Featherweight,Dennis Buzukja,999,Marcio Barbosa,999,False,False,False,False,KO/TKO
2026-04-18,UFC Fight Night: Burns vs. Malott,Heavyweight,Tanner Boser,999,Gokhan Saricam,999,False,False,False,False,KO/TKO
2026-04-18,UFC Fight Night: Burns vs. Malott,Middleweight,Julien Leblanc,999,Robert Valentin,76,False,False,False,False,SUB
2026-04-18,UFC Fight Night: Burns vs. Malott,Lightweight,Thiago Moises,64,Gauge Young,63,False,False,False,False,S-DEC
2026-04-18,UFC Fight Night: Burns vs. Malott,Bantamweight,Kyler Phillips,29,Charles Jourdain,18,False,False,False,False,U-DEC
2026-04-18,UFC Fight Night: Burns vs. Malott,Women's Bantamweight,Melissa Croden,14,Daria Zhelezniakova,11,False,True,False,False,U-DEC
2026-04-18,UFC Fight Night: Burns vs. Malott,Lightweight,Mandel Nallo,999,Jai Herbert,56,False,False,False,False,KO/TKO
2026-04-25,UFC Fight Night: Sterling vs. Zalal,Women's Strawweight,Talita Alencar,21,Julia Polastri,18,False,False,False,False,U-DEC
2026-04-25,UFC Fight Night: Sterling vs. Zalal,Welterweight,Max Griffin,37,Victor Valenzuela,999,False,False,False,False,U-DEC
2026-04-25,UFC Fight Night: Sterling vs. Zalal,Bantamweight,Montel Jackson,8,Raoni Barcelos,22,False,False,False,False,S-DEC
2026-04-25,UFC Fight Night: Sterling vs. Zalal,Middleweight,Rodolfo Vieira,49,Eric McConico,64,False,False,False,False,U-DEC
2026-04-25,UFC Fight Night: Sterling vs. Zalal,Heavyweight,Marcus Buchecha,35,Ryan Spann,21,False,False,False,False,KO/TKO
2026-04-25,UFC Fight Night: Sterling vs. Zalal,Lightweight,Rafa Garcia,32,Alexander Hernandez,27,False,False,False,False,U-DEC
2026-04-25,UFC Fight Night: Sterling vs. Zalal,Lightweight,Francis Marshall,999,Lucas Brennan,999,False,False,False,False,U-DEC
2026-04-25,UFC Fight Night: Sterling vs. Zalal,Women's Bantamweight,Norma Dumont,2,Joselyne Edwards,4,True,True,False,True,U-DEC
2026-04-25,UFC Fight Night: Sterling vs. Zalal,Bantamweight,Jafel Filho,999,Cody Durden,999,False,False,False,False,U-DEC
2026-04-25,UFC Fight Night: Sterling vs. Zalal,Women's Bantamweight,Mayra Bueno Silva,23,Michelle Montague,15,False,False,False,False,U-DEC
2026-04-25,UFC Fight Night: Sterling vs. Zalal,Middleweight,Jackson McVey,999,Sedriques Dumas,74,False,False,False,False,SUB
2026-04-25,UFC Fight Night: Sterling vs. Zalal,Featherweight,Aljamain Sterling,999,Youssef Zalal,7,False,False,False,False,U-DEC
2026-04-25,UFC Fight Night: Sterling vs. Zalal,Bantamweight,Davey Grant,37,Adrian Luna Martinetti,999,False,False,False,False,U-DEC
2026-05-02,UFC Fight Night: Della Maddalena vs. Prates,Bantamweight,Colby Thicknesse,59,Vince Morales,68,False,False,False,False,U-DEC
2026-05-02,UFC Fight Night: Della Maddalena vs. Prates,Light Heavyweight,Junior Tafa,34,Kevin Christian,39,False,False,False,False,KO/TKO
2026-05-02,UFC Fight Night: Della Maddalena vs. Prates,Heavyweight,Tai Tuivasa,29,Louie Sutherland,44,False,False,False,False,U-DEC
2026-05-02,UFC Fight Night: Della Maddalena vs. Prates,Middleweight,Cam Rowston,25,Robert Bryczek,48,False,False,False,False,U-DEC
2026-05-02,UFC Fight Night: Della Maddalena vs. Prates,Lightweight,Beneil Dariush,19,Quillan Salkilld,11,False,False,False,False,KO/TKO
2026-05-02,UFC Fight Night: Della Maddalena vs. Prates,Lightweight,Dom Mar Fan,54,Kody Steele,100,False,False,False,False,SUB
2026-05-02,UFC Fight Night: Della Maddalena vs. Prates,Welterweight,Jonathan Micallef,59,Themba Gorimbo,28,False,False,False,False,S-DEC
2026-05-02,UFC Fight Night: Della Maddalena vs. Prates,Middleweight,Ben Johnston,999,Wes Schultz,74,False,False,False,False,SUB
2026-05-02,UFC Fight Night: Della Maddalena vs. Prates,Heavyweight,Shamil Gaziev,31,Brando Pericic,14,False,False,False,False,KO/TKO
2026-05-02,UFC Fight Night: Della Maddalena vs. Prates,Flyweight,Tim Elliott,11,Steve Erceg,999,False,False,False,False,U-DEC
2026-05-02,UFC Fight Night: Della Maddalena vs. Prates,Featherweight,Marwan Rahiki,45,Ollie Schmid,999,False,False,False,False,KO/TKO
2026-05-02,UFC Fight Night: Della Maddalena vs. Prates,Welterweight,Jack Della Maddalena,5,Carlos Prates,14,False,True,False,False,KO/TKO
2026-05-02,UFC Fight Night: Della Maddalena vs. Prates,Middleweight,Jacob Malkoun,23,Gerald Meerschaert,73,False,False,False,False,U-DEC
2026-05-09,UFC 328: Chimaev vs. Strickland,Lightweight,King Green,13,Jeremy Stephens,85,False,False,False,False,SUB
2026-05-09,UFC 328: Chimaev vs. Strickland,Middleweight,Baisangur Susurkaev,37,Djorden Santos,53,False,False,False,False,SUB
2026-05-09,UFC 328: Chimaev vs. Strickland,Heavyweight,Alexander Volkov,1,Waldo Cortes Acosta,4,True,True,False,True,U-DEC
2026-05-09,UFC 328: Chimaev vs. Strickland,Featherweight,Pat Sabatini,12,William Gomis,29,False,False,False,False,U-DEC
2026-05-09,UFC 328: Chimaev vs. Strickland,Middleweight,Khamzat Chimaev,1,Sean Strickland,2,True,True,True,False,S-DEC
2026-05-09,UFC 328: Chimaev vs. Strickland,Middleweight,Ateba Gautier,25,Ozzy Diaz,64,False,False,False,False,KO/TKO
2026-05-09,UFC 328: Chimaev vs. Strickland,Welterweight,Sean Brady,11,Joaquin Buckley,10,True,True,False,True,U-DEC
2026-05-09,UFC 328: Chimaev vs. Strickland,Middleweight,Roman Kopylov,40,Marco Tulio,19,False,False,False,False,U-DEC
2026-05-09,UFC 328: Chimaev vs. Strickland,Flyweight,Joshua Van,4,Tatsuro Taira,2,True,True,True,False,KO/TKO
2026-05-09,UFC 328: Chimaev vs. Strickland,Lightweight,Jim Miller,48,Jared Gordon,36,False,False,False,False,SUB
2026-05-09,UFC 328: Chimaev vs. Strickland,Flyweight,Clayton Carpenter,18,Jose Ochoa,21,False,False,False,False,U-DEC
2026-05-09,UFC 328: Chimaev vs. Strickland,Welterweight,Joel Alvarez,13,Yaroslav Amosov,40,False,False,False,False,SUB
2026-05-09,UFC 328: Chimaev vs. Strickland,Lightweight,Grant Dawson,12,Mateusz Rebecki,31,False,False,False,False,SUB
2026-05-16,UFC Fight Night: Allen vs. Costa,Women's Strawweight,Shauna Bannon,33,Nicolle Caliari,999,False,False,False,False,SUB
2026-05-16,UFC Fight Night: Allen vs. Costa,Middleweight,Cody Brundage,57,Andre Petroski,59,False,False,False,False,KO/TKO
2026-05-16,UFC Fight Night: Allen vs. Costa,Women's Bantamweight,Ketlen Vieira,13,Jacqueline Cavalcanti,6,False,True,False,False,U-DEC
2026-05-16,UFC Fight Night: Allen vs. Costa,Light Heavyweight,Tuco Tokkos,37,Ivan Erslan,40,False,False,False,False,U-DEC
2026-05-16,UFC Fight Night: Allen vs. Costa,Bantamweight,Timmy Cuamba,58,Benardo Sopaj,62,False,False,False,False,SUB
2026-05-16,UFC Fight Night: Allen vs. Costa,Flyweight,Daniel Barez,45,Luis Gurule,46,False,False,False,False,U-DEC
2026-05-16,UFC Fight Night: Allen vs. Costa,Women's Strawweight,Alice Ardelean,21,Polyana Viana,31,False,False,False,False,SUB
2026-05-16,UFC Fight Night: Allen vs. Costa,Lightweight,Tommy Gantt,999,Artur Minev,999,False,False,False,False,KO/TKO
2026-05-16,UFC Fight Night: Allen vs. Costa,Featherweight,Arnold Allen,14,Melquizael Costa,7,False,True,False,False,U-DEC
2026-05-16,UFC Fight Night: Allen vs. Costa,Welterweight,Nikolay Veretennikov,62,Khaos Williams,48,False,False,False,False,KO/TKO
2026-05-16,UFC Fight Night: Allen vs. Costa,Bantamweight,Malcolm Wellmaker,999,Juan Diaz,999,False,False,False,False,SUB
2026-05-16,UFC Fight Night: Allen vs. Costa,Featherweight,Dooho Choi,24,Daniel Santos,999,False,False,False,False,KO/TKO
2026-05-30,UFC Fight Night: Song vs. Figueiredo,Bantamweight,Kai Asakura,999,Cameron Smotherman,59,False,False,False,False,KO/TKO
2026-05-30,UFC Fight Night: Song vs. Figueiredo,Bantamweight,Rei Tsuruya,999,Luis Gurule,999,False,False,False,False,SUB
2026-05-30,UFC Fight Night: Song vs. Figueiredo,Featherweight,Zhu Kangjie,999,Rodrigo Vera,999,False,False,False,False,KO/TKO
2026-05-30,UFC Fight Night: Song vs. Figueiredo,Women's Strawweight,Loma Lookboonmee,28,Jaqueline Amorim,22,False,False,False,False,SUB
2026-05-30,UFC Fight Night: Song vs. Figueiredo,Bantamweight,Aoriqileng,49,Cody Haddon,999,False,False,False,False,KO/TKO
2026-05-30,UFC Fight Night: Song vs. Figueiredo,Women's Strawweight,Angela Hill,24,Xiong Jingnan,999,False,False,False,False,U-DEC
2026-05-30,UFC Fight Night: Song vs. Figueiredo,Bantamweight,Song Yadong,7,Deiveson Figueiredo,23,False,False,False,False,SUB
2026-05-30,UFC Fight Night: Song vs. Figueiredo,Flyweight,Alex Perez,5,Sumudaerji,11,True,True,False,True,NC
2026-05-30,UFC Fight Night: Song vs. Figueiredo,Light Heavyweight,Zhang Mingyang,19,Alonzo Menifield,26,False,False,False,False,KO/TKO
2026-05-30,UFC Fight Night: Song vs. Figueiredo,Welterweight,Ding Meng,999,Jose Souza,999,False,False,False,False,S-DEC
2026-05-30,UFC Fight Night: Song vs. Figueiredo,Welterweight,Jake Matthews,31,Carlston Harris,39,False,False,False,False,U-DEC
2026-05-30,UFC Fight Night: Song vs. Figueiredo,Middleweight,YiSak Lee,999,Luis Felipe Dias,999,False,False,False,False,KO/TKO
2026-05-30,UFC Fight Night: Song vs. Figueiredo,Heavyweight,Sergei Pavlovich,3,Tallison Teixeira,19,False,False,False,False,KO/TKO
2026-06-06,UFC Fight Night: Muhammad vs. Bonfim,Flyweight,Bruno Silva,37,Edgar Chairez,28,False,False,False,False,SUB
2026-06-06,UFC Fight Night: Muhammad vs. Bonfim,Middleweight,Brendan Allen,13,Edmen Shahbazyan,21,False,False,False,False,U-DEC
2026-06-06,UFC Fight Night: Muhammad vs. Bonfim,Featherweight,Jordan Leavitt,19,Joanderson Brito,22,False,False,False,False,SUB
2026-06-06,UFC Fight Night: Muhammad vs. Bonfim,Lightweight,Fares Ziam,18,Tom Nolan,38,False,False,False,False,U-DEC
2026-06-06,UFC Fight Night: Muhammad vs. Bonfim,Welterweight,Belal Muhammad,7,Gabriel Bonfim,9,True,True,False,True,U-DEC
2026-06-06,UFC Fight Night: Muhammad vs. Bonfim,Bantamweight,Marcus McGhee,10,John Yannis,51,False,False,False,False,U-DEC
2026-06-06,UFC Fight Night: Muhammad vs. Bonfim,Women's Bantamweight,Priscila Cachoeira,28,Chelsea Chandler,25,False,False,False,False,SUB
2026-06-06,UFC Fight Night: Muhammad vs. Bonfim,Women's Flyweight,Jeisla Chaves,999,Yuneisy Duben,30,False,False,False,False,S-DEC
2026-06-06,UFC Fight Night: Muhammad vs. Bonfim,Women's Strawweight,Ketlen Souza,30,Ariane Carnelossi,41,False,False,False,False,KO/TKO
2026-06-06,UFC Fight Night: Muhammad vs. Bonfim,Light Heavyweight,Iwo Baraniewski,22,Junior Tafa,27,False,False,False,False,KO/TKO
2026-06-06,UFC Fight Night: Muhammad vs. Bonfim,Bantamweight,Bryce Mitchell,21,Santiago Luna,25,False,False,False,False,SUB
2026-06-14,UFC Freedom 250,Middleweight,Bo Nickal,22,Kyle Daukaus,30,False,False,False,False,KO/TKO
2026-06-14,UFC Freedom 250,Featherweight,Diego Lopes,3,Steve Garcia,4,True,True,False,True,KO/TKO
2026-06-14,UFC Freedom 250,Heavyweight,Josh Hokit,8,Derrick Lewis,11,True,True,False,True,KO/TKO
2026-06-14,UFC Freedom 250,Heavyweight,Alex Pereira,999,Ciryl Gane,999,False,False,True,False,KO/TKO
2026-06-14,UFC Freedom 250,Bantamweight,Sean O'Malley,5,Aiemann Zahabi,12,False,True,False,False,KO/TKO
2026-06-14,UFC Freedom 250,Lightweight,Ilia Topuria,1,Justin Gaethje,7,True,True,True,False,KO/TKO
2026-06-14,UFC Freedom 250,Lightweight,Mauricio Ruffy,16,Michael Chandler,25,False,False,False,False,KO/TKO
2026-06-20,UFC Fight Night: Kape vs. Horiguchi,Flyweight,Andre Lima,12,Kevin Borjas,44,False,False,False,False,U-DEC
2026-06-20,UFC Fight Night: Kape vs. Horiguchi,Flyweight,Manel Kape,3,Kyoji Horiguchi,9,True,True,False,True,KO/TKO
2026-06-20,UFC Fight Night: Kape vs. Horiguchi,Flyweight,Allan Nascimento,999,Mitch Raposo,32,False,False,False,False,S-DEC
2026-06-20,UFC Fight Night: Kape vs. Horiguchi,Featherweight,Vinicius Oliveira,999,Andre Fili,57,False,False,False,False,KO/TKO
2026-06-20,UFC Fight Night: Kape vs. Horiguchi,Welterweight,Leon Shahbazyan,999,Levan Chokheli,999,False,False,False,False,KO/TKO
2026-06-20,UFC Fight Night: Kape vs. Horiguchi,Featherweight,Gaston Bolanos,999,Michael Aswell Jr.,61,False,False,False,False,U-DEC
2026-06-20,UFC Fight Night: Kape vs. Horiguchi,Featherweight,Shane Collins,999,Otari Tanzilovi,999,False,False,False,False,U-DEC
2026-06-20,UFC Fight Night: Kape vs. Horiguchi,Featherweight,Hyder Amil,52,Christian Rodriguez,38,False,False,False,False,SUB
2026-06-20,UFC Fight Night: Kape vs. Horiguchi,Light Heavyweight,Ion Cutelaba,14,Navajo Stirling,13,False,True,False,False,KO/TKO
2026-06-20,UFC Fight Night: Kape vs. Horiguchi,Women's Bantamweight,Karol Rosa,7,Luana Santos,10,True,True,False,True,U-DEC
2026-06-20,UFC Fight Night: Kape vs. Horiguchi,Women's Bantamweight,Bia Mesquita,5,Melissa Mullins,20,False,False,False,False,SUB
2026-06-20,UFC Fight Night: Kape vs. Horiguchi,Featherweight,Melsik Baghdasaryan,54,Murtazali Magomedov,999,False,False,False,False,SUB
2026-06-27,UFC Fight Night: Fiziev vs. Torres,Middleweight,Shara Magomedov,25,Michel Pereira,41,False,False,False,False,U-DEC
2026-06-27,UFC Fight Night: Fiziev vs. Torres,Welterweight,Daniil Donchenko,30,Theodor Berggren,999,False,False,False,False,KO/TKO
2026-06-27,UFC Fight Night: Fiziev vs. Torres,Featherweight,Kaan Ofli,66,Javier Reyes,28,False,False,False,False,SUB
2026-06-27,UFC Fight Night: Fiziev vs. Torres,Middleweight,Abus Magomedov,23,Michal Oleksiejczuk,19,False,False,False,False,SUB
2026-06-27,UFC Fight Night: Fiziev vs. Torres,Light Heavyweight,Abdul Rakhman Yakhyaev,21,Julius Walker,31,False,False,False,False,KO/TKO
2026-06-27,UFC Fight Night: Fiziev vs. Torres,Middleweight,Nursulton Ruziboev,26,Andrey Pulyaev,46,False,False,False,False,SUB
2026-06-27,UFC Fight Night: Fiziev vs. Torres,Welterweight,Farman Hasanov,999,Eric Nolan,999,False,False,False,False,U-DEC
2026-06-27,UFC Fight Night: Fiziev vs. Torres,Lightweight,Nazim Sadykhov,50,Matheus Camilo,79,False,False,False,False,KO/TKO
2026-06-27,UFC Fight Night: Fiziev vs. Torres,Flyweight,Asu Almabayev,10,Charles Johnson,24,False,False,False,False,SUB
2026-06-27,UFC Fight Night: Fiziev vs. Torres,Bantamweight,Bekzat Almakhan,52,Jean Matsumoto,37,False,False,False,False,U-DEC
2026-06-27,UFC Fight Night: Fiziev vs. Torres,Lightweight,Rafael Fiziev,23,Manuel Torres,9,False,False,False,False,KO/TKO
2026-06-27,UFC Fight Night: Fiziev vs. Torres,Middleweight,Ikram Aliskerov,8,Brunno Ferreira,36,False,False,False,False,U-DEC
2026-06-27,UFC Fight Night: Fiziev vs. Torres,Welterweight,Tahir Abdullayev,999,Jefferson Nascimento,999,False,False,False,False,KO/TKO
2026-07-11,UFC 329: McGregor vs. Holloway 2,Middleweight,Ryan Gandra,43,Zach Reese,54,False,False,False,False,KO/TKO
2026-07-11,UFC 329: McGregor vs. Holloway 2,Heavyweight,Gable Steveson,999,Elisha Ellison,46,False,False,False,False,KO/TKO
2026-07-11,UFC 329: McGregor vs. Holloway 2,Lightweight,Benoit Saint Denis,5,Paddy Pimblett,10,True,True,False,True,SUB
2026-07-11,UFC 329: McGregor vs. Holloway 2,Flyweight,Alessandro Costa,999,Cody Durden,999,False,False,False,False,SUB
2026-07-11,UFC 329: McGregor vs. Holloway 2,Light Heavyweight,Nikita Krylov,17,Robert Whittaker,999,False,False,False,False,KO/TKO
2026-07-11,UFC 329: McGregor vs. Holloway 2,Featherweight,Luke Riley,34,Kai Kamaka III,999,False,False,False,False,KO/TKO
2026-07-11,UFC 329: McGregor vs. Holloway 2,Welterweight,Conor McGregor,999,Max Holloway,999,False,False,False,False,KO/TKO
2026-07-11,UFC 329: McGregor vs. Holloway 2,Bantamweight,Farid Basharat,17,John Garza,999,False,False,False,False,U-DEC
2026-07-11,UFC 329: McGregor vs. Holloway 2,Lightweight,King Green,9,Terrance McKinney,27,False,False,False,False,KO/TKO
2026-07-11,UFC 329: McGregor vs. Holloway 2,Flyweight,Brandon Royval,7,Lone'er Kavanagh,13,False,True,False,False,SUB
2026-07-11,UFC 329: McGregor vs. Holloway 2,Middleweight,Damian Pinas,34,Cesar Almeida,52,False,False,False,False,KO/TKO
2026-07-11,UFC 329: McGregor vs. Holloway 2,Bantamweight,Cory Sandhagen,4,Mario Bautista,7,True,True,False,True,U-DEC
2026-07-11,UFC 329: McGregor vs. Holloway 2,Women's Flyweight,Tracy Cortez,8,Wang Cong,999,False,False,False,False,U-DEC
2026-07-11,UFC 329: McGregor vs. Holloway 2,Bantamweight,Cody Garbrandt,47,Adrian Yanez,24,False,False,False,False,KO/TKO
2026-07-18,UFC Fight Night: Du Plessis vs. Usman,Women's Flyweight,Anna Melisano,999,Dione Barbosa,16,False,False,False,False,SUB
2026-07-18,UFC Fight Night: Du Plessis vs. Usman,Featherweight,Austin Bashi,49,Jose Delgado,14,False,False,False,False,U-DEC
2026-07-18,UFC Fight Night: Du Plessis vs. Usman,Flyweight,Alden Coria,15,Stewart Nicoll,43,False,False,False,False,U-DEC
2026-07-18,UFC Fight Night: Du Plessis vs. Usman,Light Heavyweight,Levi Rodrigues Jr.,999,Felipe Franco,999,False,False,False,False,KO/TKO
2026-07-18,UFC Fight Night: Du Plessis vs. Usman,Middleweight,Jared Cannonier,17,Christian Leroy Duncan,11,False,False,False,False,U-DEC
2026-07-18,UFC Fight Night: Du Plessis vs. Usman,Women's Strawweight,Tabatha Ricci,14,Fatima Kline,3,False,True,False,False,U-DEC
2026-07-18,UFC Fight Night: Du Plessis vs. Usman,Middleweight,Dricus Du Plessis,3,Kamaru Usman,999,False,False,False,False,U-DEC
2026-07-18,UFC Fight Night: Du Plessis vs. Usman,Featherweight,Ezra Elliott,999,Damien Anderson,999,False,False,False,False,U-DEC
2026-07-18,UFC Fight Night: Du Plessis vs. Usman,Featherweight,Tommy McMillen,40,Alberto Montes,52,False,False,False,False,KO/TKO
2026-07-18,UFC Fight Night: Du Plessis vs. Usman,Heavyweight,RJ Harris,999,Alvin Hines,42,False,False,False,False,KO/TKO
2026-07-18,UFC Fight Night: Du Plessis vs. Usman,Lightweight,Chase Hooper,48,Mitch Ramirez,86,False,False,False,False,SUB
2026-07-18,UFC Fight Night: Du Plessis vs. Usman,Welterweight,Jean-Paul Lebosnoyani,61,Seokhyeon Ko,30,False,False,False,False,U-DEC
2026-07-25,UFC Fight Night: Ankalaev vs. Guskov,Light Heavyweight,Dustin Jacoby,11,Muhammad Saidov,999,False,False,False,False,KO/TKO
2026-07-25,UFC Fight Night: Ankalaev vs. Guskov,Lightweight,Nurullo Aliev,42,Mike Davis,51,False,False,False,False,U-DEC
2026-07-25,UFC Fight Night: Ankalaev vs. Guskov,Light Heavyweight,Magomed Tuchalov,999,Brendson Ribeiro,38,False,False,False,False,U-DEC
2026-07-25,UFC Fight Night: Ankalaev vs. Guskov,Lightweight,Magomed Zaynukov,999,Damian Rzepecki,999,False,False,False,False,U-DEC
2026-07-25,UFC Fight Night: Ankalaev vs. Guskov,Bantamweight,Cody Gibson,65,Abdul Hussein,999,False,False,False,False,SUB
2026-07-25,UFC Fight Night: Ankalaev vs. Guskov,Heavyweight,Rizvan Kuniev,15,Tyrell Fortune,29,False,False,False,False,KO/TKO
2026-07-25,UFC Fight Night: Ankalaev vs. Guskov,Welterweight,Abubakar Vagaev,999,Saygid Izagakhmaev,63,False,False,False,False,U-DEC
2026-07-25,UFC Fight Night: Ankalaev vs. Guskov,Light Heavyweight,Magomed Ankalaev,3,Bogdan Guskov,14,False,True,False,False,KO/TKO
2026-07-25,UFC Fight Night: Ankalaev vs. Guskov,Lightweight,Ismael Bonfim,56,Axel Sola,60,False,False,False,False,SUB
2026-07-25,UFC Fight Night: Ankalaev vs. Guskov,Flyweight,Steve Erceg,14,Ramazan Temirov,13,False,True,False,False,KO/TKO
2026-07-25,UFC Fight Night: Ankalaev vs. Guskov,Heavyweight,Valter Walker,10,Thomas Petersen,23,False,False,False,False,SUB
2026-07-25,UFC Fight Night: Ankalaev vs. Guskov,Welterweight,Santiago Ponzinibbio,35,Sam Patterson,30,False,False,False,False,KO/TKO
2026-08-01,UFC Fight Night: Medic vs. Rodriguez,Light Heavyweight,Jan Blachowicz,7,Navajo Stirling,9,True,True,False,True,KO/TKO
2026-08-01,UFC Fight Night: Medic vs. Rodriguez,Featherweight,Dennis Buzukja,88,Bogdan Grad,54,False,False,False,False,SUB
2026-08-01,UFC Fight Night: Medic vs. Rodriguez,Bantamweight,Borislav Nikolic,999,Mark Vologdin,999,False,False,False,False,U-DEC
2026-08-01,UFC Fight Night: Medic vs. Rodriguez,Lightweight,Mateusz Rebecki,30,Kyle Prepolec,95,False,False,False,False,KO/TKO
2026-08-01,UFC Fight Night: Medic vs. Rodriguez,Welterweight,Uros Medic,25,Daniel Rodriguez,17,False,False,False,False,KO/TKO
2026-08-01,UFC Fight Night: Medic vs. Rodriguez,Middleweight,Vlasto Cepo,999,Gilbert Urbina,999,False,False,False,False,KO/TKO
2026-08-01,UFC Fight Night: Medic vs. Rodriguez,Women's Strawweight,Marina Spasic,999,Stephanie Luciano,17,False,False,False,False,SUB
2026-08-01,UFC Fight Night: Medic vs. Rodriguez,Heavyweight,Jovan Leka,999,Alexander Poppeck,999,False,False,False,False,KO/TKO
2026-08-01,UFC Fight Night: Medic vs. Rodriguez,Heavyweight,Aleksandar Rakic,999,Marcin Tybura,21,False,False,False,False,U-DEC
2026-08-01,UFC Fight Night: Medic vs. Rodriguez,Welterweight,Oban Elliott,59,Michael Oliveira,999,False,False,False,False,KO/TKO
2026-08-01,UFC Fight Night: Medic vs. Rodriguez,Middleweight,Dusko Todorovic,60,Robert Valentin,61,False,False,False,False,SUB
2026-08-01,UFC Fight Night: Medic vs. Rodriguez,Women's Bantamweight,Nina Milosevic,999,Hailey Cowan,21,False,False,False,False,KO/TKO
2026-08-01,UFC Fight Night: Medic vs. Rodriguez,Lightweight,Ludovit Klein,28,Tofiq Musayev,53,False,False,False,False,KO/TKO
2026-08-01,UFC Fight Night: Medic vs. Rodriguez,Lightweight,Milos Janicic,999,Noah Gugnon,999,False,False,False,False,SUB
2026-08-08,UFC Fight Night: Gamrot vs. Salkilld,Featherweight,Darren Elkins,66,Yadier del Valle,37,False,False,False,False,KO/TKO
2026-08-08,UFC Fight Night: Gamrot vs. Salkilld,Featherweight,Miles Johns,999,Gianni Vazquez,999,False,False,False,False,KO/TKO
2026-08-08,UFC Fight Night: Gamrot vs. Salkilld,Light Heavyweight,Diyar Nurgozhay,33,Bruno Lopes,37,False,False,False,False,KO/TKO
2026-08-08,UFC Fight Night: Gamrot vs. Salkilld,Women's Strawweight,Amanda Lemos,7,Alexia Thainara,10,True,True,False,True,U-DEC
2026-08-08,UFC Fight Night: Gamrot vs. Salkilld,Heavyweight,Steven Asplund,23,Guilherme Pat,31,False,False,False,False,U-DEC
2026-08-08,UFC Fight Night: Gamrot vs. Salkilld,Heavyweight,Louie Sutherland,33,Jose Montanha,999,False,False,False,False,SUB
2026-08-08,UFC Fight Night: Gamrot vs. Salkilld,Lightweight,Manoel Sousa,66,Richie Miranda,999,False,False,False,False,U-DEC
2026-08-08,UFC Fight Night: Gamrot vs. Salkilld,Lightweight,Mateusz Gamrot,5,Quillan Salkilld,7,True,True,False,True,SUB
2026-08-08,UFC Fight Night: Gamrot vs. Salkilld,Women's Flyweight,Juliana Miller,29,Ravena Oliveira,999,False,False,False,False,SUB
2026-08-08,UFC Fight Night: Gamrot vs. Salkilld,Lightweight,Diego Ferreira,26,Billy Quarantillo,999,False,False,False,False,U-DEC
2026-08-08,UFC Fight Night: Gamrot vs. Salkilld,Women's Strawweight,Gigi Canuto,999,Carol Foro,999,False,False,False,False,U-DEC
2026-08-08,UFC Fight Night: Gamrot vs. Salkilld,Welterweight,Billy Ray Goff,66,Ty Miller,49,False,False,False,False,KO/TKO
2026-08-15,UFC 330: Makhachev vs. Machado Garry,Light Heavyweight,Rafael Tobias,41,Lucas Fernando,999,False,False,False,False,KO/TKO
2026-08-15,UFC 330: Makhachev vs. Machado Garry,Welterweight,Islam Makhachev,1,Ian Machado Garry,4,True,True,True,False,U-DEC
2026-08-15,UFC 330: Makhachev vs. Machado Garry,Women's Strawweight,Mackenzie Dern,9,Gillian Robertson,5,True,True,True,False,U-DEC
2026-08-15,UFC 330: Makhachev vs. Machado Garry,Middleweight,Mansur Abdul-Malik,54,Dustin Stoltzfus,44,False,False,False,False,SUB
2026-08-15,UFC 330: Makhachev vs. Machado Garry,Welterweight,Chidi Njokuani,45,Joel Alvarez,28,False,False,False,False,U-DEC
2026-08-15,UFC 330: Makhachev vs. Machado Garry,Lightweight,Edson Barboza,56,Esteban Ribovics,28,False,False,False,False,KO/TKO
2026-08-15,UFC 330: Makhachev vs. Machado Garry,Middleweight,Donte Johnson,48,Eric McConico,58,False,False,False,False,KO/TKO
2026-08-15,UFC 330: Makhachev vs. Machado Garry,Lightweight,Jalin Turner,10,Kaue Fernandes,17,False,False,False,False,KO/TKO
2026-08-15,UFC 330: Makhachev vs. Machado Garry,Welterweight,Jeremiah Wells,22,Myktybek Orolbai,16,False,False,False,False,SUB
2026-08-15,UFC 330: Makhachev vs. Machado Garry,Welterweight,Neil Magny,48,Ramiz Brahimaj,42,False,False,False,False,KO/TKO
2026-08-15,UFC 330: Makhachev vs. Machado Garry,Middleweight,Vicente Luque,30,Tresean Gore,69,False,False,False,False,U-DEC
2026-08-22,UFC Fight Night: Hernandez vs. Rodrigues,Light Heavyweight,Reinier de Ridder,999,Roman Dolidze,999,False,False,False,False,KO/TKO
2026-08-22,UFC Fight Night: Hernandez vs. Rodrigues,Lightweight,Gauge Young,45,Stan Dorsainvil,999,False,False,False,False,U-DEC
2026-08-22,UFC Fight Night: Hernandez vs. Rodrigues,Middleweight,Wes Schultz,67,Jackson McVey,46,False,False,False,False,KO/TKO
2026-08-22,UFC Fight Night: Hernandez vs. Rodrigues,Featherweight,Jamall Emmers,24,Lerryan Douglas,31,False,False,False,False,KO/TKO
2026-08-22,UFC Fight Night: Hernandez vs. Rodrigues,Heavyweight,Kennedy Nzechukwu,34,Shamil Gaziev,35,False,False,False,False,KO/TKO
2026-08-22,UFC Fight Night: Hernandez vs. Rodrigues,Featherweight,Marcio Barbosa,48,Ryan Kuse,999,False,False,False,False,KO/TKO
2026-08-22,UFC Fight Night: Hernandez vs. Rodrigues,Women's Strawweight,Shanelle Dyer,24,Elise Reed,39,False,False,False,False,KO/TKO
2026-08-22,UFC Fight Night: Hernandez vs. Rodrigues,Women's Flyweight,Carli Judice,9,Jeisla Chaves,24,False,False,False,False,KO/TKO
2026-08-22,UFC Fight Night: Hernandez vs. Rodrigues,Heavyweight,Serghei Spivac,13,Vitor Petrino,14,False,True,False,False,U-DEC
2026-08-22,UFC Fight Night: Hernandez vs. Rodrigues,Heavyweight,Anthony Wint,999,Terrance Chatman,999,False,False,False,False,SUB
2026-08-22,UFC Fight Night: Hernandez vs. Rodrigues,Lightweight,Chris Padilla,22,Nasrat Haqparast,32,False,False,False,False,SUB
2026-08-22,UFC Fight Night: Hernandez vs. Rodrigues,Lightweight,MarQuel Mederos,52,Mason Jones,20,False,False,False,False,KO/TKO
2026-08-22,UFC Fight Night: Hernandez vs. Rodrigues,Middleweight,Anthony Hernandez,6,Gregory Rodrigues,11,True,True,False,True,U-DEC
2026-08-29,UFC Fight Night: Nurmagomedov vs. Song,Flyweight,Bilal Hasan,999,Nilson Rojas,999,False,False,False,False,KO/TKO
2026-08-29,UFC Fight Night: Nurmagomedov vs. Song,Bantamweight,Umar Nurmagomedov,2,Song Yadong,7,True,True,False,True,KO/TKO
2026-08-29,UFC Fight Night: Nurmagomedov vs. Song,Flyweight,Alex Perez,7,Sumudaerji,12,False,True,False,False,U-DEC
2026-08-29,UFC Fight Night: Nurmagomedov vs. Song,Bantamweight,Aoriqileng,65,Kai Asakura,41,False,False,False,False,KO/TKO
2026-08-29,UFC Fight Night: Nurmagomedov vs. Song,Women's Strawweight,Xiong Jingnan,39,Julia Polastri,19,False,False,False,False,KO/TKO
2026-08-29,UFC Fight Night: Nurmagomedov vs. Song,Bantamweight,Xiao Long,49,Francesco Nuzzi,999,False,False,False,False,KO/TKO
2026-08-29,UFC Fight Night: Nurmagomedov vs. Song,Welterweight,Ding Meng,70,Cam Nelson,999,False,False,False,False,U-DEC
2026-08-29,UFC Fight Night: Nurmagomedov vs. Song,Women's Strawweight,Yan Xiaonan,2,Denise Gomes,6,True,True,False,True,KO/TKO
2026-08-29,UFC Fight Night: Nurmagomedov vs. Song,Flyweight,Namsrai Batbayar,999,Andre Lima,22,False,False,False,False,SUB
2026-08-29,UFC Fight Night: Nurmagomedov vs. Song,Featherweight,Jack Jenkins,44,Sean Woodson,14,False,False,False,False,S-DEC
2026-08-29,UFC Fight Night: Nurmagomedov vs. Song,Bantamweight,Lawrence Lui,55,Hector Santiago,999,False,False,False,False,KO/TKO
2026-08-29,UFC Fight Night: Nurmagomedov vs. Song,Flyweight,Rei Tsuruya,999,Kevin Borjas,42,False,False,False,False,SUB
2026-08-29,UFC Fight Night: Nurmagomedov vs. Song,Light Heavyweight,Liu Ce,999,Levi Rodrigues Jr.,43,False,False,False,False,KO/TKO
2026-09-05,UFC Fight Night: Hooker vs. Parnasse,Flyweight,Michael Aljarouj,999,Fabia Sintes,999,False,False,False,False,U-DEC
2026-09-05,UFC Fight Night: Hooker vs. Parnasse,Lightweight,Fares Ziam,24,Axel Sola,32,False,False,False,False,KO/TKO
2026-09-05,UFC Fight Night: Hooker vs. Parnasse,Women's Bantamweight,Nora Cornolle,18,Klaudia Sygula,15,False,False,False,False,U-DEC
2026-09-05,UFC Fight Night: Hooker vs. Parnasse,Welterweight,Daniil Donchenko,21,Punahele Soriano,37,False,False,False,False,U-DEC
2026-09-05,UFC Fight Night: Hooker vs. Parnasse,Women's Strawweight,Delphine Benouaich,999,Sofia Montenegro,999,False,False,False,False,SUB
2026-09-05,UFC Fight Night: Hooker vs. Parnasse,Light Heavyweight,Oumar Sy,27,Modestas Bukauskas,999,False,False,False,False,KO/TKO
2026-09-05,UFC Fight Night: Hooker vs. Parnasse,Featherweight,Nathaniel Wood,15,Pavel Andrusca,999,False,False,False,False,U-DEC
2026-09-05,UFC Fight Night: Hooker vs. Parnasse,Featherweight,Morgan Charriere,51,Felipe Lima,999,False,False,False,False,U-DEC
2026-09-05,UFC Fight Night: Hooker vs. Parnasse,Heavyweight,Mario Pinto,17,Ryan Spann,19,False,False,False,False,KO/TKO
2026-09-05,UFC Fight Night: Hooker vs. Parnasse,Featherweight,Losene Keita,57,Muhammad Naimov,52,False,False,False,False,KO/TKO
2026-09-05,UFC Fight Night: Hooker vs. Parnasse,Lightweight,Dan Hooker,31,Salahdine Parnasse,999,False,False,False,False,KO/TKO
2026-09-05,UFC Fight Night: Hooker vs. Parnasse,Middleweight,Michael Page,999,Nursulton Ruziboev,21,False,False,False,False,U-DEC
2026-09-05,UFC Fight Night: Hooker vs. Parnasse,Featherweight,Kurtis Campbell,71,Trevor Peek,999,False,False,False,False,SUB
2026-09-05,UFC Fight Night: Hooker vs. Parnasse,Middleweight,Matthieu Duclos,999,Luis Felipe Dias,34,False,False,False,False,KO/TKO
2026-09-12,Noche UFC: Silva vs. Delgado,Featherweight,Jean Silva,13,Jose Delgado,21,False,False,False,False,SUB
2026-09-12,Noche UFC: Silva vs. Delgado,Welterweight,Ignacio Bahamondes,999,Muslim Salikhov,41,False,False,False,False,U-DEC
2026-09-12,Noche UFC: Silva vs. Delgado,Lightweight,Drakkar Klose,48,Tommy Gantt,44,False,False,False,False,SUB
2026-09-12,Noche UFC: Silva vs. Delgado,Flyweight,Brandon Moreno,14,Joseph Morales,20,False,False,False,False,S-DEC
2026-09-12,Noche UFC: Silva vs. Delgado,Featherweight,Tommy McMillen,16,Marwan Rahiki,27,False,False,False,False,U-DEC
2026-09-12,Noche UFC: Silva vs. Delgado,Bantamweight,David Martinez,13,Dan Ige,999,False,False,False,False,U-DEC
2026-09-12,Noche UFC: Silva vs. Delgado,Featherweight,Sean King III,999,Jessie Rosas,999,False,False,False,False,KO/TKO
2026-09-12,Noche UFC: Silva vs. Delgado,Heavyweight,Waldo Cortes Acosta,7,Curtis Blaydes,8,True,True,False,True,U-DEC
2026-09-12,Noche UFC: Silva vs. Delgado,Women's Flyweight,JJ Aldrich,19,Regina Tarin,999,False,False,False,False,U-DEC
2026-09-12,Noche UFC: Silva vs. Delgado,Middleweight,Yousri Belgaroui,14,Djorden Santos,61,False,False,False,False,KO/TKO
2026-09-12,Noche UFC: Silva vs. Delgado,Lightweight,Rafa Garcia,25,Rongzhu,54,False,False,False,False,U-DEC
2026-09-12,Noche UFC: Silva vs. Delgado,Women's Flyweight,Manon Fiorot,3,Alexa Grasso,7,True,True,False,True,U-DEC
2026-09-19,UFC 331: Van vs. Pantoja 2,Heavyweight,Gable Steveson,20,Sean Sharaf,50,False,False,False,False,KO/TKO
2026-09-19,UFC 331: Van vs. Pantoja 2,Light Heavyweight,Alonzo Menifield,22,Iwo Baraniewski,17,False,False,False,False,S-DEC
2026-09-19,UFC 331: Van vs. Pantoja 2,Featherweight,Giga Chikadze,42,Joanderson Brito,26,False,False,False,False,KO/TKO
2026-09-19,UFC 331: Van vs. Pantoja 2,Heavyweight,Tai Tuivasa,38,Robelis Despaigne,999,False,False,False,False,S-DEC
2026-09-19,UFC 331: Van vs. Pantoja 2,Middleweight,Ryan Gandra,25,Ozzy Diaz,67,False,False,False,False,KO/TKO
2026-09-19,UFC 331: Van vs. Pantoja 2,Flyweight,Joshua Van,1,Alexandre Pantoja,2,True,True,True,False,U-DEC
2026-09-19,UFC 331: Van vs. Pantoja 2,Women's Flyweight,Casey O'Neill,13,Eduarda Moura,999,False,False,False,False,SUB
2026-09-19,UFC 331: Van vs. Pantoja 2,Middleweight,Edmen Shahbazyan,19,Brunno Ferreira,41,False,False,False,False,U-DEC
2026-09-19,UFC 331: Van vs. Pantoja 2,Bantamweight,Marlon Vera,38,Charles Jourdain,17,False,False,False,False,KO/TKO
2026-09-19,UFC 331: Van vs. Pantoja 2,Featherweight,Michael Aswell Jr.,69,JooSang Yoo,999,False,False,False,False,S-DEC
2026-09-19,UFC 331: Van vs. Pantoja 2,Featherweight,Patricio Pitbull,81,Dooho Choi,27,False,False,False,False,KO/TKO
2026-09-19,UFC 331: Van vs. Pantoja 2,Lightweight,Arman Tsarukyan,2,Mauricio Ruffy,10,True,True,False,True,KO/TKO
2026-09-26,UFC Fight Night: Rosas Jr. vs. Barcelos,Bantamweight,Raul Rosas Jr.,21,Raoni Barcelos,17,False,False,False,False,KO/TKO
2026-09-26,UFC Fight Night: Rosas Jr. vs. Barcelos,Lightweight,Elves Brener,66,Josiah Harrell,999,False,False,False,False,KO/TKO
2026-09-26,UFC Fight Night: Rosas Jr. vs. Barcelos,Bantamweight,Brady Hiestand,999,Rinya Nakamura,14,False,False,False,False,SUB
2026-09-26,UFC Fight Night: Rosas Jr. vs. Barcelos,Light Heavyweight,Rodolfo Bellato,25,Christian Edwards,999,False,False,False,False,KO/TKO
2026-09-26,UFC Fight Night: Rosas Jr. vs. Barcelos,Bantamweight,Mahammadali Osmanli,999,Ilimbek Akylbek,999,False,False,False,False,DQ
2026-09-26,UFC Fight Night: Rosas Jr. vs. Barcelos,Bantamweight,John Castaneda,999,Alatengheili,60,False,False,False,False,S-DEC
2026-09-26,UFC Fight Night: Rosas Jr. vs. Barcelos,Middleweight,Rodolfo Vieira,52,Robert Bryczek,59,False,False,False,False,U-DEC
2026-09-26,UFC Fight Night: Rosas Jr. vs. Barcelos,Women's Bantamweight,Norma Dumont,4,Ailin Perez,3,True,True,False,True,U-DEC
2026-09-26,UFC Fight Night: Rosas Jr. vs. Barcelos,Women's Strawweight,Melissa Amaya,999,Tina Black,999,False,False,False,False,KO/TKO
2026-09-26,UFC Fight Night: Rosas Jr. vs. Barcelos,Light Heavyweight,Luis Hernandez,999,Sedriques Dumas,999,False,False,False,False,SUB
2026-09-26,UFC Fight Night: Rosas Jr. vs. Barcelos,Bantamweight,Montel Jackson,9,Ricky Simon,41,False,False,False,False,KO/TKO
2026-09-26,UFC Fight Night: Rosas Jr. vs. Barcelos,Women's Strawweight,Vanessa Demopoulos,999,Yazmin Jauregui,999,False,False,False,False,KO/TKO
2026-10-03,UFC 332: Silva vs. Wang,Featherweight,Marcus McGhee,999,Anthony Romero,999,False,False,False,False,KO/TKO
2026-10-03,UFC 332: Silva vs. Wang,Middleweight,Damian Pinas,38,Andrey Pulyaev,51,False,False,False,False,KO/TKO
2026-10-03,UFC 332: Silva vs. Wang,Women's Flyweight,Natalia Silva,5,Wang Cong,7,True,True,True,False,U-DEC
2026-10-03,UFC 332: Silva vs. Wang,Bantamweight,Deiveson Figueiredo,25,Payton Talbott,9,False,False,False,False,KO/TKO
2026-10-03,UFC 332: Silva vs. Wang,Flyweight,Imanol Rodriguez,26,Alden Coria,16,False,False,False,False,KO/TKO
2026-10-03,UFC 332: Silva vs. Wang,Welterweight,Roberto Soldic,999,Khaos Williams,36,False,False,False,False,U-DEC
2026-10-03,UFC 332: Silva vs. Wang,Welterweight,Jacobe Smith,20,Bruce Whitehead,999,False,False,False,False,KO/TKO
2026-10-03,UFC 332: Silva vs. Wang,Heavyweight,Anthony Wint,22,Lucas Armand,999,False,False,False,False,KO/TKO
2026-10-03,UFC 332: Silva vs. Wang,Middleweight,Marvin Vettori,24,Ismail Naurdiev,26,False,False,False,False,U-DEC
2026-10-03,UFC 332: Silva vs. Wang,Lightweight,King Green,10,Esteban Ribovics,19,False,False,False,False,KO/TKO
2026-10-03,UFC 332: Silva vs. Wang,Lightweight,Rafael Dos Anjos,999,Alexander Hernandez,29,False,False,False,False,KO/TKO
2026-10-03,UFC 332: Silva vs. Wang,Welterweight,Court McGee,43,Eric Nolan,82,False,False,False,False,KO/TKO
2026-10-03,UFC 332: Silva vs. Wang,Heavyweight,Johnny Walker,999,Mick Parkin,999,False,False,False,False,KO/TKO
2026-10-03,UFC 332: Silva vs. Wang,Middleweight,Ateba Gautier,21,Roman Kopylov,33,False,False,False,False,KO/TKO
