fighter,rating_raw,last_fight,division,days_since,injury,inactivity_penalty,rating,quality_wins,ledger_detail,quality_wins_15y,top10_wins_15y,top15_wins_15y,entrenched,ufc_bouts,last5,streak,ko_risk,form_penalty,champion,interim,reserved,rating_term,ledger_term,score,pos,rank_p10,rank_p90,pos_score,pos_h2h,rank,slot,division_source,placement,record_3y,top15_wins
Petr Yan,1748.0309619006316,2025-12-06,Bantamweight,302,True,0.0,1748.0309619006316,7.1,+7.1 QW +0.0 proof -0.0 blowout -0.0 weak,10,7,10,True,16,4-1,W4,0.0,0.0,True,False,False,0.6888850736756517,0.5105042016806721,1.1993892753563238,,0.0,0.0,,,0,0,title holder or reserved,title holder,4-1,7
Merab Dvalishvili,1785.549837939052,2025-12-06,Bantamweight,302,False,0.0,1785.549837939052,9.55,+10.6 QW +0.0 proof -1.0 blowout -0.0 weak,11,8,11,True,17,4-1,L1,0.0,0.0,False,False,False,0.8085619589763453,0.6649159663865545,1.4734779253628998,1.0,1.0,1.0,1.0,1.0,1,3,fight record,score order #1,4-1,8
Sean O'Malley,1729.3646673804767,2026-06-14,Bantamweight,112,False,0.0,1729.3646673804767,6.1,+6.1 QW +0.0 proof -0.0 blowout -0.0 weak,5,5,5,True,16,3-2,W2,0.030468750000000003,0.0,False,False,False,0.629343738109257,0.44747899159663856,1.0768227297058957,2.0,2.0,2.0,3.0,2.0,2,3,fight record,score order #3; head-to-head -> #2,3-2,5
Song Yadong,1777.2647351979697,2026-08-29,Bantamweight,36,False,0.0,1777.2647351979697,6.0,+5.5 QW +0.5 proof -0.0 blowout -0.0 weak,8,5,8,True,18,3-2,W2,0.012962962962962966,0.0,False,False,False,0.7821343205408654,0.4411764705882352,1.2233107911291006,3.0,3.0,3.0,2.0,3.0,3,3,fight record,score order #2; head-to-head -> #3,3-2,5
Umar Nurmagomedov,1723.4478247413554,2026-08-29,Bantamweight,36,False,0.0,1723.4478247413554,3.65,+3.6 QW +0.0 proof -0.0 blowout -0.0 weak,4,3,3,False,10,3-2,L1,0.03342105263157895,0.0,False,False,False,0.6104703236407838,0.29306722689075626,0.9035375505315401,4.0,4.0,4.0,4.0,4.0,4,3,fight record,score order #4,3-2,3
Mario Bautista,1680.6671140994865,2026-07-11,Bantamweight,85,False,0.0,1680.6671140994865,2.65,+3.6 QW +0.0 proof -1.0 blowout -0.0 weak,5,2,4,False,15,4-1,W2,0.03944444444444444,0.0,False,False,False,0.474009354092383,0.23004201680672262,0.7040513708991056,5.0,5.0,5.0,5.0,5.0,5,3,fight record,score order #5,4-1,2
Cory Sandhagen,1732.9072387604792,2026-07-11,Bantamweight,85,False,0.0,1732.9072387604792,2.3249999999999993,+5.3 QW +0.0 proof -2.0 blowout -1.0 weak,9,8,8,True,17,2-3,L2,0.0,0.15,False,False,False,0.6406437543538783,0.2095588235294117,0.70020257788329,6.0,6.0,6.0,6.0,6.0,6,3,fight record,score order #6,2-3,8
Montel Jackson,1713.7513047380494,2026-09-26,Bantamweight,8,False,0.0,1713.7513047380494,-1.6,+0.4 QW +0.0 proof -0.0 blowout -2.0 weak,2,0,0,False,14,3-2,W1,0.0,0.0,False,False,False,0.5795405774761279,-0.037815126050420166,0.5417254514257077,7.0,7.0,12.0,7.0,7.0,7,3,fight record,score order #7,3-2,0
Marcus McGhee,1661.9468743431446,2026-10-03,Bantamweight,1,False,0.0,1661.9468743431446,1.0,+0.5 QW +0.5 proof -0.0 blowout -0.0 weak,1,0,1,False,7,4-1,W2,0.0,0.0,False,False,False,0.41429594519849683,0.1260504201680672,0.540346365366564,8.0,7.0,8.0,8.0,8.0,8,3,fight record,score order #8,4-1,0
Payton Talbott,1656.235261030548,2026-10-03,Bantamweight,1,False,0.0,1656.235261030548,1.0,+2.0 QW +0.0 proof -1.0 blowout -0.0 weak,2,2,2,False,7,4-1,W3,0.0,0.0,False,False,False,0.3960771667203362,0.1260504201680672,0.5221275868884034,9.0,8.0,9.0,9.0,9.0,9,3,fight record,score order #9,4-1,2
Raul Rosas Jr.,1655.5870062393183,2026-09-26,Bantamweight,8,False,0.0,1655.5870062393183,1.0,+1.0 QW +0.0 proof -0.0 blowout -0.0 weak,2,0,2,False,8,5-0,W6,0.0,0.0,False,False,False,0.39400937785011075,0.1260504201680672,0.5200597980181779,10.0,9.0,10.0,10.0,10.0,10,3,fight record,score order #10,5-0,0
David Martinez,1619.160364936719,2026-09-12,Bantamweight,22,False,0.0,1619.160364936719,2.25,+2.2 QW +0.0 proof -0.0 blowout -0.0 weak,3,2,2,False,4,4-0,W4,0.0,0.0,False,False,False,0.2778164788784964,0.2048319327731092,0.48264841165160566,11.0,8.0,11.0,11.0,11.0,11,3,fight record,score order #11,4-0,2
Jose Aldo,1691.8534250880955,2025-05-10,Bantamweight,512,False,42.0,1649.8534250880955,1.75,+3.8 QW +0.0 proof -0.0 blowout -2.0 weak,13,11,13,True,23,2-3,L2,0.02428989139515456,0.15,False,False,False,0.3757205268436349,0.1733193277310924,0.39903985457472724,12.0,12.0,13.0,12.0,12.0,12,3,fight record,score order #12,2-3,11
Brady Hiestand,1634.2962610219772,2026-09-26,Bantamweight,8,False,0.0,1634.2962610219772,0.0,+0.0 QW +0.0 proof -0.0 blowout -0.0 weak,0,0,0,False,5,4-1,W4,0.0,0.0,False,False,False,0.3260966271927407,0.0630252100840336,0.3891218372767743,13.0,12.0,14.0,13.0,13.0,13,3,fight record,score order #13,4-1,0
Aiemann Zahabi,1584.5354836393358,2026-06-14,Bantamweight,112,False,0.0,1584.5354836393358,1.5,+1.5 QW +0.0 proof -0.0 blowout -0.0 weak,2,1,2,False,11,4-1,L1,0.07544563279857398,0.0,False,False,False,0.1673707943293726,0.157563025210084,0.3249338195394566,14.0,14.0,18.0,14.0,14.0,14,3,fight record,score order #14,4-1,1
Farid Basharat,1607.9919436466434,2026-07-11,Bantamweight,85,False,0.0,1607.9919436466434,0.25,+0.2 QW +0.0 proof -0.0 blowout -0.0 weak,1,0,0,False,7,5-0,W7,0.0,0.0,False,False,False,0.24219169437393215,0.078781512605042,0.32097320697897413,15.0,14.0,17.0,15.0,15.0,15,3,fight record,score order #15,5-0,0
Raoni Barcelos,1611.9481482226827,2026-09-26,Bantamweight,8,False,0.0,1611.9481482226827,0.0,+1.0 QW +0.0 proof -0.0 blowout -1.0 weak,3,0,1,False,16,4-1,L1,0.0892361111111111,0.0,False,False,False,0.254811108686554,0.0630252100840336,0.3178363187705876,16.0,11.0,16.0,16.0,16.0,16,3,fight record,score order #16,4-1,0
Vinicius Oliveira,1611.8988544949184,2026-06-20,Bantamweight,106,False,0.0,1611.8988544949184,0.0,+1.0 QW +0.0 proof -1.0 blowout -0.0 weak,3,0,1,False,6,4-1,W1,0.0,0.0,False,False,False,0.2546538726382873,0.0630252100840336,0.3176790827223209,17.0,15.0,17.0,17.0,17.0,17,3,fight record,score order #17,4-1,0
Bryce Mitchell,1621.1558333460925,2026-06-06,Bantamweight,120,False,0.0,1621.1558333460925,-1.0250000000000001,+1.0 QW +0.0 proof -1.0 blowout -1.0 weak,3,1,2,False,13,3-2,W2,0.05064102564102564,0.0,False,False,False,0.2841815801066147,-0.0015756302521008484,0.28260594985451387,18.0,16.0,18.0,18.0,18.0,18,3,fight record,score order #18,3-2,1
Elijah Smith,1587.270636190366,2026-03-14,Bantamweight,204,False,0.0,1587.270636190366,0.0,+0.0 QW +0.0 proof -0.0 blowout -0.0 weak,0,0,0,False,3,3-0,W3,0.0,0.0,False,False,False,0.17609532375808878,0.0630252100840336,0.2391205338421224,19.0,19.0,21.0,19.0,19.0,19,3,fight record,score order #19,3-0,0
Daniel Marcos,1606.8592100658861,2025-11-08,Bantamweight,330,False,0.0,1606.8592100658861,-1.0,+0.0 QW +0.0 proof -1.0 blowout -0.0 weak,0,0,0,False,7,4-1,W1,0.0,0.0,False,False,False,0.2385785257203265,0.0,0.2385785257203265,20.0,19.0,21.0,20.0,20.0,20,3,fight record,score order #20,4-1,0
Cody Haddon,1580.2376746902637,2026-05-30,Bantamweight,127,False,0.0,1580.2376746902637,0.0,+0.0 QW +0.0 proof -0.0 blowout -0.0 weak,0,0,0,False,2,2-0,W2,0.0,0.0,False,False,False,0.15366173790359675,0.0630252100840336,0.21668694798763033,21.0,20.0,25.0,21.0,21.0,21,3,fight record,score order #21,2-0,0
Davey Grant,1593.2852827705328,2026-04-25,Bantamweight,162,False,0.0,1593.2852827705328,-0.85,+0.1 QW +0.0 proof -1.0 blowout -0.0 weak,1,0,0,False,16,3-2,W1,0.0,0.0,False,False,False,0.19528071108583595,0.009453781512605041,0.20473449259844098,22.0,22.0,24.0,22.0,22.0,22,3,fight record,score order #22,3-2,0
Chris Gutierrez,1607.6586320593037,2025-10-04,Bantamweight,365,False,0.0,1607.6586320593037,-1.7,+0.3 QW +0.0 proof -1.0 blowout -1.0 weak,1,0,1,False,15,3-2,L1,0.0,0.0,False,False,False,0.24112850440612502,-0.04411764705882352,0.1970108573473015,23.0,20.0,25.0,23.0,23.0,23,3,fight record,score order #23,3-2,0
Rob Font,1630.163298680132,2026-03-07,Bantamweight,211,False,0.0,1630.163298680132,-0.5500000000000003,+2.4 QW +0.0 proof -2.0 blowout -1.0 weak,6,4,6,True,21,2-3,L2,0.0,0.15,False,False,False,0.3129133948477577,0.0283613445378151,0.1912747393855728,24.0,22.0,25.0,24.0,24.0,24,3,fight record,score order #24,2-3,4
Ethyn Ewing,1567.8534634376467,2026-04-04,Bantamweight,183,False,0.0,1567.8534634376467,0.0,+0.0 QW +0.0 proof -0.0 blowout -0.0 weak,0,0,0,False,2,2-0,W2,0.0,0.0,False,False,False,0.11415885332620992,0.0630252100840336,0.1771840634102435,25.0,22.0,28.0,25.0,25.0,25,3,fight record,score order #25,2-0,0
Jakub Wiklacz,1550.7858038387628,2026-02-07,Bantamweight,239,False,0.0,1550.7858038387628,0.0,+0.0 QW +0.0 proof -0.0 blowout -0.0 weak,0,0,0,False,2,2-0,W2,0.0,0.0,False,False,False,0.059716808258675674,0.0630252100840336,0.12274201834270927,26.0,26.0,32.0,26.0,26.0,26,3,fight record,score order #26,2-0,0
Juan Diaz,1550.3244510695265,2026-05-16,Bantamweight,141,False,0.0,1550.3244510695265,0.0,+0.0 QW +0.0 proof -0.0 blowout -0.0 weak,0,0,0,False,1,1-0,W1,0.0,0.0,False,False,False,0.058245195346004364,0.0630252100840336,0.12127040543003796,27.0,27.0,33.0,27.0,27.0,27,3,fight record,score order #27,1-0,0
Da'Mon Blackshear,1607.0042325098318,2025-07-26,Bantamweight,435,False,20.0,1587.0042325098318,-2.0,+0.0 QW +0.0 proof -1.0 blowout -1.0 weak,0,0,0,False,10,3-2,L1,0.052727272727272734,0.0,False,False,False,0.17524555515930842,-0.0630252100840336,0.11222034507527483,28.0,27.0,33.0,28.0,28.0,28,3,fight record,score order #28,3-2,0
Said Nurmagomedov,1653.3106279305878,2025-07-26,Bantamweight,435,False,20.0,1633.3106279305878,-2.0,+0.0 QW +0.0 proof -0.0 blowout -2.0 weak,0,0,0,False,11,2-3,L2,0.0,0.15,False,False,False,0.32295267644362996,-0.0630252100840336,0.10992746635959635,29.0,26.0,36.0,29.0,29.0,29,3,fight record,score order #29,2-3,0
Aleksandre Topuria,1546.2072550539315,2025-11-22,Bantamweight,316,False,0.0,1546.2072550539315,0.0,+0.0 QW +0.0 proof -0.0 blowout -0.0 weak,0,0,0,False,2,2-0,W2,0.0,0.0,False,False,False,0.04511225408160542,0.0630252100840336,0.10813746416563902,30.0,28.0,34.0,30.0,30.0,30,3,fight record,score order #30,2-0,0
Hector Santiago,1545.896480464433,2026-08-29,Bantamweight,36,False,0.0,1545.896480464433,0.0,+0.0 QW +0.0 proof -0.0 blowout -0.0 weak,0,0,0,False,1,1-0,W1,0.0,0.0,False,False,False,0.04412095213365514,0.0630252100840336,0.10714616221768875,31.0,29.0,35.099999999999994,31.0,31.0,31,3,fight record,score order #31,1-0,0
Charles Jourdain,1598.3979410449138,2026-09-19,Bantamweight,15,False,0.0,1598.3979410449138,-2.75,+0.2 QW +0.0 proof -0.0 blowout -3.0 weak,1,0,0,False,18,3-2,L1,0.052182539682539685,0.0,False,False,False,0.21158895596124638,-0.1102941176470588,0.10129483831418758,32.0,22.0,37.0,32.0,32.0,32,3,fight record,score order #32,3-2,0
Adrian Yanez,1621.484036881935,2026-07-11,Bantamweight,85,False,0.0,1621.484036881935,-1.75,+0.2 QW +0.0 proof -0.0 blowout -2.0 weak,1,0,0,False,11,2-3,W1,0.09675324675324676,0.15,False,False,False,0.28522847652414285,-0.0472689075630252,0.08795956896111765,33.0,29.0,38.0,33.0,33.0,33,3,fight record,score order #33,2-3,0
Abdul Hussein,1537.0832314932627,2026-07-25,Bantamweight,71,False,0.0,1537.0832314932627,0.0,+0.0 QW +0.0 proof -0.0 blowout -0.0 weak,0,0,0,False,1,1-0,W1,0.0,0.0,False,False,False,0.01600864447366266,0.0630252100840336,0.07903385455769626,34.0,30.0,37.0,34.0,34.0,34,3,fight record,score order #34,1-0,0
Francesco Nuzzi,1535.9994439151328,2026-08-29,Bantamweight,36,False,0.0,1535.9994439151328,0.0,+0.0 QW +0.0 proof -0.0 blowout -0.0 weak,0,0,0,False,1,1-0,W1,0.0,0.0,False,False,False,0.012551602702332776,0.0630252100840336,0.07557681278636637,35.0,31.0,38.0,35.0,35.0,35,3,fight record,score order #35,1-0,0
Rinya Nakamura,1572.2729748301886,2026-09-26,Bantamweight,8,False,0.0,1572.2729748301886,-2.0,+0.0 QW +0.0 proof -1.0 blowout -1.0 weak,0,0,0,False,6,3-2,L1,0.0,0.0,False,False,False,0.12825611352848032,-0.0630252100840336,0.06523090344444672,36.0,31.0,39.0,36.0,36.0,36,3,fight record,score order #36,3-2,0
Kyler Phillips,1625.1010611961178,2026-04-18,Bantamweight,169,False,0.0,1625.1010611961178,-2.35,+0.7 QW +0.0 proof -0.0 blowout -3.0 weak,2,0,2,False,10,2-3,L3,0.0,0.15,False,False,False,0.29676598110010616,-0.08508403361344537,0.06168194748666081,37.0,30.0,43.0,37.0,37.0,37,3,fight record,score order #37,2-3,0
Hecher Sosa,1525.7048321785617,2026-03-14,Bantamweight,204,False,0.0,1525.7048321785617,0.0,+0.0 QW +0.0 proof -0.0 blowout -0.0 weak,0,0,0,False,1,1-0,W1,0.0,0.0,False,False,False,-0.02028592331393623,0.0630252100840336,0.04273928677009737,38.0,32.0,41.0,38.0,38.0,38,3,fight record,score order #38,1-0,0
Jean Matsumoto,1564.2703682867148,2026-06-27,Bantamweight,99,False,0.0,1564.2703682867148,-2.0,+0.0 QW +0.0 proof -0.0 blowout -2.0 weak,0,0,0,False,6,3-2,W1,0.0,0.0,False,False,False,0.10272957524867798,-0.0630252100840336,0.03970436516464439,39.0,35.900000000000006,41.0,39.0,39.0,39,3,fight record,score order #39,3-2,0
Borislav Nikolic,1518.7205869215184,2026-08-01,Bantamweight,64,False,0.0,1518.7205869215184,0.0,+0.0 QW +0.0 proof -0.0 blowout -0.0 weak,0,0,0,False,1,1-0,W1,0.0,0.0,False,False,False,-0.042564115168168506,0.0630252100840336,0.02046109491586509,40.0,34.0,45.0,40.0,40.0,40,3,fight record,score order #40,1-0,0
ChangHo Lee,1535.6705333715192,2025-11-01,Bantamweight,337,False,0.0,1535.6705333715192,-1.0,+0.0 QW +0.0 proof -0.0 blowout -1.0 weak,0,0,0,False,3,2-1,L1,0.0,0.0,False,False,False,0.01150245108697197,0.0,0.01150245108697197,41.0,40.0,42.0,41.0,41.0,41,3,fight record,score order #41,2-1,0
Ilimbek Akylbek,1513.7137737876308,2026-09-26,Bantamweight,8,False,0.0,1513.7137737876308,0.0,+0.0 QW +0.0 proof -0.0 blowout -0.0 weak,0,0,0,False,1,1-0,W1,0.0,0.0,False,False,False,-0.05853473754322779,0.0630252100840336,0.004490472540805805,42.0,35.0,48.0,42.0,42.0,42,3,fight record,score order #42,1-0,0
Cody Garbrandt,1587.0247575193391,2026-07-11,Bantamweight,85,False,0.0,1587.0247575193391,-1.55,+1.4 QW +0.0 proof -1.0 blowout -2.0 weak,5,3,4,False,18,2-3,L1,0.12188527284681132,0.15,False,False,False,0.17531102538304558,-0.03466386554621848,-0.009352840163172893,43.0,39.0,47.0,43.0,43.0,43,3,fight record,score order #43,2-3,3
Benardo Sopaj,1527.456878270309,2026-05-16,Bantamweight,141,False,0.0,1527.456878270309,-1.0,+0.0 QW +0.0 proof -0.0 blowout -1.0 weak,0,0,0,False,3,2-1,W2,0.1416666666666667,0.0,False,False,False,-0.014697285238828022,0.0,-0.014697285238828022,44.0,42.0,45.0,44.0,44.0,44,3,fight record,score order #44,2-1,0
Henry Cejudo,1671.2729484622937,2025-12-06,Bantamweight,302,False,0.0,1671.2729484622937,1.1499999999999995,+2.8 QW +0.3 proof -1.0 blowout -1.0 weak,8,7,8,True,16,1-4,L4,0.0,0.6,False,False,False,0.44404405123238344,0.1355042016806722,-0.020451747086944305,45.0,42.0,46.0,45.0,45.0,45,3,fight record,score order #45,1-4,7
Santiago Luna,1524.1531786440426,2026-06-06,Bantamweight,120,False,0.0,1524.1531786440426,-1.0,+0.0 QW +0.0 proof -0.0 blowout -1.0 weak,0,0,0,False,3,2-1,L1,0.0,0.0,False,False,False,-0.025235353619015244,0.0,-0.025235353619015244,46.0,44.0,47.0,46.0,46.0,46,3,fight record,score order #46,2-1,0
Deiveson Figueiredo,1646.0746207269724,2026-10-03,Bantamweight,1,False,0.0,1646.0746207269724,1.8499999999999996,+6.8 QW +0.0 proof -5.0 blowout -0.0 weak,11,9,10,True,23,1-4,L3,0.03695652173913044,0.6,False,False,False,0.36366697983341023,0.17962184873949574,-0.05671117142709403,47.0,46.0,51.0,47.0,47.0,47,3,fight record,score order #47,1-4,9
Javid Basharat,1528.4584633818004,2026-02-07,Bantamweight,239,False,0.0,1528.4584633818004,-2.0,+0.0 QW +0.0 proof -1.0 blowout -1.0 weak,0,0,0,False,7,3-2,W1,0.11309523809523811,0.0,False,False,False,-0.011502451086971245,-0.0630252100840336,-0.07452766117100484,48.0,48.0,50.0,48.0,48.0,48,3,fight record,score order #48,3-2,0
Kai Asakura,1528.2001915314174,2026-08-29,Bantamweight,36,False,0.0,1528.2001915314174,-2.0,+0.0 QW +0.0 proof -1.0 blowout -1.0 weak,0,0,0,False,4,2-2,W2,0.0,0.0,False,False,False,-0.012326280952850582,-0.0630252100840336,-0.07535149103688418,49.0,49.0,51.0,49.0,49.0,49,3,fight record,score order #49,2-2,0
SuYoung You,1503.4742905324538,2026-03-14,Bantamweight,204,False,0.0,1503.4742905324538,-1.0,+0.0 QW +0.0 proof -0.0 blowout -1.0 weak,0,0,0,False,4,3-1,L1,0.0,0.0,False,False,False,-0.09119641594247722,0.0,-0.09119641594247722,50.0,48.0,52.0,50.0,50.0,50,3,fight record,score order #50,3-1,0
Marlon Vera,1687.489519258358,2026-09-19,Bantamweight,15,False,0.0,1687.489519258358,-0.9000000000000004,+3.1 QW +0.0 proof -1.0 blowout -3.0 weak,6,4,5,True,27,1-4,W1,0.0,0.6,False,False,False,0.4957713119622571,0.006302521008403338,-0.09792616702933954,51.0,43.0,60.0,51.0,51.0,51,3,fight record,score order #51,1-4,4
Ricky Simon,1589.8654925765775,2026-09-26,Bantamweight,8,False,0.0,1589.8654925765775,-3.25,+0.8 QW +0.0 proof -2.0 blowout -2.0 weak,3,0,3,False,18,2-3,L2,0.08573124406457738,0.15,False,False,False,0.18437233956704824,-0.1418067226890756,-0.10743438312202735,52.0,44.0,65.0,52.0,52.0,52,3,fight record,score order #52,2-3,0
Sulangrangbo,1493.0775460013238,2026-01-31,Bantamweight,246,False,0.0,1493.0775460013238,-1.0,+0.0 QW +0.0 proof -0.0 blowout -1.0 weak,0,0,0,False,1,0-1,L1,0.0,0.0,False,False,False,-0.12435972289971435,0.0,-0.12435972289971435,53.0,51.0,54.0,53.0,53.0,53,3,fight record,score order #53,0-1,0
John Garza,1489.7526569325116,2026-07-11,Bantamweight,85,False,0.0,1489.7526569325116,-1.0,+0.0 QW +0.0 proof -1.0 blowout -0.0 weak,0,0,0,False,1,0-1,L1,0.0,0.0,False,False,False,-0.13496538089752552,0.0,-0.13496538089752552,54.0,52.0,55.0,54.0,54.0,54,3,fight record,score order #54,0-1,0
Colby Thicknesse,1489.5598384162115,2026-05-02,Bantamweight,155,False,0.0,1489.5598384162115,-1.0,+0.0 QW +0.0 proof -1.0 blowout -0.0 weak,0,0,0,False,3,2-1,W2,0.0,0.0,False,False,False,-0.13558042915844543,0.0,-0.13558042915844543,55.0,53.0,56.0,55.0,55.0,55,3,fight record,score order #55,2-1,0
Adrian Luna Martinetti,1489.2452354692734,2026-04-25,Bantamweight,162,False,0.0,1489.2452354692734,-1.0,+0.0 QW +0.0 proof -0.0 blowout -1.0 weak,0,0,0,False,1,0-1,L1,0.0,0.0,False,False,False,-0.13658394271672505,0.0,-0.13658394271672505,56.0,54.0,57.0,56.0,56.0,56,3,fight record,score order #56,0-1,0
Cristian Quinonez,1488.6168030215983,2026-02-28,Bantamweight,218,False,0.0,1488.6168030215983,-1.0,+0.0 QW +0.0 proof -0.0 blowout -1.0 weak,0,0,0,False,4,2-2,W1,0.0,0.0,False,False,False,-0.13858850271160952,0.0,-0.13858850271160952,57.0,55.0,58.0,57.0,57.0,57,3,fight record,score order #57,2-2,0
Mahammadali Osmanli,1486.2862262123692,2026-09-26,Bantamweight,8,False,0.0,1486.2862262123692,-1.0,+0.0 QW +0.0 proof -0.0 blowout -1.0 weak,0,0,0,False,1,0-1,L1,0.0,0.0,False,False,False,-0.14602252534056437,0.0,-0.14602252534056437,58.0,56.0,59.0,58.0,58.0,58,3,fight record,score order #58,0-1,0
Mark Vologdin,1484.8023132438127,2026-08-01,Bantamweight,64,False,0.0,1484.8023132438127,-1.0,+0.0 QW +0.0 proof -0.0 blowout -1.0 weak,0,0,0,False,2,0-1,L1,0.0,0.0,False,False,False,-0.15075587827875725,0.0,-0.15075587827875725,59.0,57.0,60.099999999999994,59.0,59.0,59,3,fight record,score order #59,0-1,0
Alatengheili,1501.572058335461,2026-09-26,Bantamweight,8,False,0.0,1501.572058335461,-1.85,+0.1 QW +0.0 proof -2.0 blowout -0.0 weak,1,0,1,False,10,3-2,W1,0.0,0.0,False,False,False,-0.09726411435171727,-0.05357142857142857,-0.15083554292314583,60.0,53.0,60.0,60.0,60.0,60,3,fight record,score order #60,3-2,0
John Yannis,1494.0201578668134,2026-06-06,Bantamweight,120,False,0.0,1494.0201578668134,-2.0,+0.0 QW +0.0 proof -2.0 blowout -0.0 weak,0,0,0,False,3,1-2,L1,0.0,0.0,False,False,False,-0.12135300031043,-0.0630252100840336,-0.18437821039446362,61.0,60.900000000000006,63.0,61.0,61.0,61,3,fight record,score order #61,1-2,0
Serhiy Sidey,1515.3465311815157,2025-05-03,Bantamweight,519,False,44.0,1471.3465311815157,-1.0,+0.0 QW +0.0 proof -0.0 blowout -1.0 weak,0,0,0,False,3,2-1,W2,0.0,0.0,False,False,False,-0.19367683584826462,0.0,-0.19367683584826462,62.0,59.0,65.1,62.0,62.0,62,3,fight record,score order #62,2-1,0
Malcolm Wellmaker,1490.9779898238753,2026-05-16,Bantamweight,141,False,0.0,1490.9779898238753,-2.0,+0.0 QW +0.0 proof -0.0 blowout -2.0 weak,0,0,0,False,4,2-2,L2,0.0,0.0,False,False,False,-0.1310568410003087,-0.0630252100840336,-0.1940820510843423,63.0,62.0,64.0,63.0,63.0,63,3,fight record,score order #63,2-2,0
Jamie Siraj,1465.5996954635282,2026-04-18,Bantamweight,169,False,0.0,1465.5996954635282,-1.0,+0.0 QW +0.0 proof -1.0 blowout -0.0 weak,0,0,0,False,1,0-1,L1,0.5916666666666667,0.0,False,False,False,-0.2120079659801811,0.0,-0.2120079659801811,64.0,61.0,69.0,64.0,64.0,64,3,fight record,score order #64,0-1,0
Patchy Mix,1484.921330756595,2025-10-04,Bantamweight,365,False,0.0,1484.921330756595,-2.0,+0.0 QW +0.0 proof -1.0 blowout -1.0 weak,0,0,0,False,2,0-2,L2,0.0,0.0,False,False,False,-0.15037623883509635,-0.0630252100840336,-0.21340144891912993,65.0,63.0,67.0,65.0,65.0,65,3,fight record,score order #65,0-2,0
Luan Lacerda,1461.7787213875304,2026-03-14,Bantamweight,204,False,0.0,1461.7787213875304,-1.0,+0.0 QW +0.0 proof -1.0 blowout -0.0 weak,0,0,0,False,4,1-3,L1,0.16875,0.0,False,False,False,-0.22419602501909913,0.0,-0.22419602501909913,66.0,62.0,70.0,66.0,66.0,66,3,fight record,score order #66,1-3,0
Lawrence Lui,1461.0259735342433,2026-08-29,Bantamweight,36,False,0.0,1461.0259735342433,-1.0,+0.0 QW +0.0 proof -0.0 blowout -1.0 weak,0,0,0,False,2,1-1,L1,0.21250000000000002,0.0,False,False,False,-0.22659712355962908,0.0,-0.22659712355962908,67.0,64.0,71.0,67.0,67.0,67,3,fight record,score order #67,1-1,0
Nathan Fletcher,1498.504538590597,2025-08-02,Bantamweight,428,False,18.0,1480.504538590597,-2.0,+0.0 QW +0.0 proof -1.0 blowout -1.0 weak,0,0,0,False,3,1-2,L2,0.19722222222222222,0.0,False,False,False,-0.16446482530836534,-0.0630252100840336,-0.22749003539239893,68.0,65.0,68.0,68.0,68.0,68,3,fight record,score order #68,1-2,0
Bekzat Almakhan,1493.2312014094168,2026-06-27,Bantamweight,99,False,0.0,1493.2312014094168,-3.0,+0.0 QW +0.0 proof -2.0 blowout -1.0 weak,0,0,0,False,4,1-3,L2,0.0,0.0,False,False,False,-0.1238695962596904,-0.1260504201680672,-0.2499200164277576,69.0,64.0,70.0,69.0,69.0,69,3,fight record,score order #69,1-3,0
Gaston Bolanos,1466.348729899824,2026-06-20,Bantamweight,106,False,0.0,1466.348729899824,-2.0,+0.0 QW +0.0 proof -0.0 blowout -2.0 weak,0,0,0,False,5,3-2,W1,0.085,0.0,False,False,False,-0.20961871241546717,-0.0630252100840336,-0.27264392249950076,70.0,69.0,72.0,70.0,70.0,70,3,fight record,score order #70,3-2,0
John Castaneda,1522.7057834118168,2026-09-26,Bantamweight,8,False,0.0,1522.7057834118168,-2.75,+0.2 QW +0.0 proof -1.0 blowout -2.0 weak,1,0,0,False,10,2-3,L3,0.04666666666666667,0.15,False,False,False,-0.029852223085319873,-0.1102941176470588,-0.29014634073237866,71.0,68.0,75.0,71.0,71.0,71,3,fight record,score order #71,2-3,0
Miles Johns,1527.5827558261506,2026-08-08,Bantamweight,57,False,0.0,1527.5827558261506,-3.0,+0.0 QW +0.0 proof -1.0 blowout -2.0 weak,0,0,0,False,13,2-3,W1,0.051923076923076926,0.15,False,False,False,-0.014295763780750544,-0.1260504201680672,-0.2903461839488177,72.0,67.0,76.0,72.0,72.0,72,3,fight record,score order #72,2-3,0
Muin Gafurov,1498.7377478246071,2026-02-07,Bantamweight,239,False,0.0,1498.7377478246071,-1.75,+0.2 QW +0.0 proof -1.0 blowout -1.0 weak,1,0,0,False,5,2-3,L1,0.0,0.15,False,False,False,-0.10630493565901471,-0.0472689075630252,-0.3035738432220399,73.0,71.0,73.0,73.0,73.0,73,3,fight record,score order #73,2-3,0
Josias Musasa,1452.1311303527034,2025-09-27,Bantamweight,372,False,2.0,1450.1311303527034,-2.0,+0.0 QW +0.0 proof -1.0 blowout -1.0 weak,0,0,0,False,2,0-2,L2,0.0,0.0,False,False,False,-0.2613492546328257,-0.0630252100840336,-0.3243744647168593,74.0,73.0,76.0,74.0,74.0,74,3,fight record,score order #74,0-2,0
Quang Le,1474.0739932753268,2025-09-13,Bantamweight,386,False,6.0,1468.0739932753268,-3.0,+0.0 QW +0.0 proof -1.0 blowout -2.0 weak,0,0,0,False,4,1-3,L1,0.25416666666666665,0.0,False,False,False,-0.20411550525936567,-0.1260504201680672,-0.33016592542743284,75.0,74.0,77.0,75.0,75.0,75,3,fight record,score order #75,1-3,0
Ramon Taveras,1447.0845095468594,2025-09-27,Bantamweight,372,False,2.0,1445.0845095468594,-2.0,+0.0 QW +0.0 proof -2.0 blowout -0.0 weak,0,0,0,False,3,1-2,L2,0.0,0.0,False,False,False,-0.277446854644047,-0.0630252100840336,-0.3404720647280806,76.0,74.0,77.0,76.0,76.0,76,3,fight record,score order #76,1-2,0
Toshiomi Kazama,1440.3164102188503,2025-08-09,Bantamweight,421,False,16.0,1424.3164102188503,-1.0,+0.0 QW +0.0 proof -1.0 blowout -0.0 weak,0,0,0,False,4,1-3,L1,0.40208333333333335,0.0,False,False,False,-0.3436924809428302,0.0,-0.3436924809428302,77.0,71.0,78.0,77.0,77.0,77,3,fight record,score order #77,1-3,0
Cameron Smotherman,1462.8935429852168,2026-05-30,Bantamweight,127,False,0.0,1462.8935429852168,-3.0,+0.0 QW +0.0 proof -2.0 blowout -1.0 weak,0,0,0,False,4,1-3,L3,0.16875,0.0,False,False,False,-0.2206399916149954,-0.1260504201680672,-0.3466904117830626,78.0,75.0,78.0,78.0,78.0,78,3,fight record,score order #78,1-3,0
Angel Pacheco,1426.303625557191,2026-02-28,Bantamweight,218,False,0.0,1426.303625557191,-2.0,+0.0 QW +0.0 proof -2.0 blowout -0.0 weak,0,0,0,False,2,0-2,L2,0.0,0.0,False,False,False,-0.33735370517910934,-0.0630252100840336,-0.40037891526314295,79.0,79.0,80.0,79.0,79.0,79,3,fight record,score order #79,0-2,0
Timmy Cuamba,1478.4510197400984,2026-05-16,Bantamweight,141,False,0.0,1478.4510197400984,-3.0,+0.0 QW +0.0 proof -0.0 blowout -3.0 weak,0,0,0,False,5,2-3,L1,0.0,0.15,False,False,False,-0.1710150945563634,-0.1260504201680672,-0.44706551472443057,80.0,79.0,80.0,80.0,80.0,80,3,fight record,score order #80,2-3,0
Aoriqileng,1454.8937187867637,2026-08-29,Bantamweight,36,False,0.0,1454.8937187867637,-3.0,+0.0 QW +0.0 proof -0.0 blowout -3.0 weak,0,0,0,False,11,2-3,L2,0.15963203463203463,0.15,False,False,False,-0.24615765483186755,-0.1260504201680672,-0.5222080749999347,81.0,81.0,82.0,81.0,81.0,81,3,fight record,score order #81,2-3,0
Cameron Saaiman,1499.0536033817264,2025-04-26,Bantamweight,526,False,46.0,1453.0536033817264,-3.0,+0.0 QW +0.0 proof -2.0 blowout -1.0 weak,0,0,0,False,6,2-3,L3,0.16944444444444443,0.15,False,False,False,-0.25202721446481546,-0.1260504201680672,-0.5280776346328827,82.0,82.0,83.0,82.0,82.0,82,3,fight record,score order #82,2-3,0
Brad Katona,1487.4319978624524,2025-05-10,Bantamweight,512,False,42.0,1445.4319978624524,-3.0,+0.0 QW +0.0 proof -1.0 blowout -2.0 weak,0,0,0,False,9,2-3,L2,0.06574074074074074,0.15,False,False,False,-0.2763384440603727,-0.1260504201680672,-0.5523888642284399,83.0,83.0,84.0,83.0,83.0,83,3,fight record,score order #83,2-3,0
Kris Moutinho,1371.82444367343,2026-02-28,Bantamweight,218,False,0.0,1371.82444367343,-2.0,+0.0 QW +0.0 proof -2.0 blowout -0.0 weak,0,0,0,False,4,0-4,L4,0.41597222222222224,0.0,False,False,False,-0.5111302009062716,-0.0630252100840336,-0.5741554109903052,84.0,81.0,84.0,84.0,84.0,84,3,fight record,score order #84,0-4,0
Saimon Oliveira,1349.961401625197,2025-10-11,Bantamweight,358,False,0.0,1349.961401625197,-2.0,+0.0 QW +0.0 proof -1.0 blowout -1.0 weak,0,0,0,False,4,0-4,L4,0.21250000000000002,0.0,False,False,False,-0.5808684514032023,-0.0630252100840336,-0.6438936614872359,85.0,85.0,86.0,85.0,85.0,85,3,fight record,score order #85,0-4,0
Cody Gibson,1413.511548547797,2026-07-25,Bantamweight,71,False,0.0,1413.511548547797,-4.0,+0.0 QW +0.0 proof -2.0 blowout -2.0 weak,0,0,0,False,11,2-3,L3,0.10357142857142856,0.15,False,False,False,-0.3781575909736408,-0.1890756302521008,-0.7172332212257416,86.0,85.0,86.0,86.0,86.0,86,3,fight record,score order #86,2-3,0
Xiao Long,1513.9697895142128,2026-08-29,Bantamweight,36,False,0.0,1513.9697895142128,-4.0,+0.0 QW +0.0 proof -1.0 blowout -3.0 weak,0,0,0,False,5,1-4,L3,0.085,0.6,False,False,False,-0.05771810421140943,-0.1890756302521008,-0.8467937344635103,87.0,87.0,87.0,87.0,87.0,87,3,fight record,score order #87,1-4,0
Ricky Turcios,1409.8484765719907,2026-03-07,Bantamweight,211,False,0.0,1409.8484765719907,-3.0,+0.0 QW +0.0 proof -1.0 blowout -2.0 weak,0,0,0,False,6,1-4,L3,0.0,0.6,False,False,False,-0.38984197736751475,-0.1260504201680672,-1.115892397535582,88.0,88.0,88.0,88.0,88.0,88,3,fight record,score order #88,1-4,0
Vince Morales,1462.281679401112,2026-05-02,Bantamweight,155,False,0.0,1462.281679401112,-3.85,+0.1 QW +0.0 proof -1.0 blowout -3.0 weak,1,0,0,False,12,0-5,L6,0.06041666666666667,0.8,False,False,False,-0.22259170061341008,-0.1796218487394958,-1.2022135493529058,89.0,89.0,89.0,89.0,89.0,89,3,fight record,score order #89,0-5,0
Alexander Volkanovski,1835.4128033238674,2026-01-31,Featherweight,246,False,0.0,1835.4128033238674,7.399999999999999,+8.4 QW +0.0 proof -1.0 blowout -0.0 weak,11,11,11,True,18,3-2,W2,0.025694444444444447,0.0,True,False,False,0.9484239440928603,0.6299999999999999,1.5784239440928602,,0.0,0.0,,,0,0,title holder or reserved,title holder,3-2,11
Aljamain Sterling,1805.395709402716,2026-04-25,Featherweight,162,False,0.0,1805.395709402716,8.85,+8.2 QW +0.7 proof -0.0 blowout -0.0 weak,15,12,14,True,23,3-2,W2,0.05416666666666667,0.0,False,False,False,0.854693455029176,0.7387499999999999,1.5934434550291758,1.0,1.0,1.0,1.0,1.0,1,3,fight record,score order #1,3-2,12
Movsar Evloev,1676.6174302497304,2026-03-21,Featherweight,197,False,0.0,1676.6174302497304,4.825,+4.8 QW +0.0 proof -0.0 blowout -0.0 weak,6,4,5,True,10,5-0,W10,0.0,0.0,False,False,False,0.45257421199067394,0.436875,0.889449211990674,2.0,2.0,3.0,2.0,2.0,2,3,fight record,score order #2,5-0,4
Diego Lopes,1705.6810473780001,2026-06-14,Featherweight,112,False,0.0,1705.6810473780001,2.5,+4.5 QW +0.0 proof -2.0 blowout -0.0 weak,5,3,5,True,10,3-2,W1,0.0,0.0,False,False,False,0.5433274026409133,0.2625,0.8058274026409133,3.0,2.0,3.0,3.0,3.0,3,3,fight record,score order #3,3-2,3
Jean Silva,1716.102748156124,2026-09-12,Featherweight,22,False,0.0,1716.102748156124,0.75,+1.8 QW +0.0 proof -1.0 blowout -0.0 weak,3,1,2,False,8,4-1,W2,0.058333333333333334,0.0,False,False,False,0.5758698970401004,0.13125,0.7071198970401004,4.0,4.0,7.0,4.0,4.0,4,3,fight record,score order #4,4-1,1
Steve Garcia,1692.7547285406674,2026-06-14,Featherweight,112,False,0.0,1692.7547285406674,1.5,+1.0 QW +0.5 proof -0.0 blowout -0.0 weak,2,0,2,False,11,4-1,L1,0.07830578512396694,0.0,False,False,False,0.5029640620191028,0.1875,0.6904640620191028,5.0,4.900000000000002,5.0,5.0,5.0,5,3,fight record,score order #5,4-1,0
Lerone Murphy,1673.735870227602,2026-03-21,Featherweight,197,False,0.0,1673.735870227602,2.0,+2.0 QW +0.0 proof -0.0 blowout -0.0 weak,3,1,3,False,11,4-1,L1,0.0,0.0,False,False,False,0.44357633795097057,0.22499999999999998,0.6685763379509706,6.0,5.0,6.0,6.0,6.0,6,3,fight record,score order #6,4-1,1
Yair Rodriguez,1701.4582845766556,2025-04-12,Featherweight,540,False,50.0,1651.4582845766556,2.4749999999999996,+2.5 QW +0.0 proof -0.0 blowout -0.0 weak,5,4,4,True,16,3-2,W1,0.040843214756258246,0.0,False,False,False,0.3740130083459698,0.26062499999999994,0.6346380083459697,7.0,6.0,7.0,7.0,7.0,7,3,fight record,score order #7,3-2,4
Kevin Vallejos,1657.3004863628032,2026-03-14,Featherweight,204,False,0.0,1657.3004863628032,1.0,+1.0 QW +0.0 proof -0.0 blowout -0.0 weak,2,0,2,False,4,4-0,W4,0.0,0.0,False,False,False,0.3922556947320256,0.15,0.5422556947320256,8.0,8.0,8.0,8.0,8.0,8,3,fight record,score order #8,4-0,0
Arnold Allen,1693.9429508327376,2026-05-16,Featherweight,141,False,0.0,1693.9429508327376,1.2249999999999996,+3.2 QW +0.0 proof -0.0 blowout -2.0 weak,6,3,5,True,15,2-3,W1,0.0,0.15,False,False,False,0.5066743697805624,0.16687499999999997,0.5235493697805623,9.0,9.0,10.0,9.0,9.0,9,3,fight record,score order #9,2-3,3
Youssef Zalal,1649.2312957432373,2026-04-25,Featherweight,162,False,0.0,1649.2312957432373,1.0,+2.0 QW +0.0 proof -1.0 blowout -0.0 weak,2,2,2,False,13,4-1,L1,0.0,0.0,False,False,False,0.3670590789268205,0.15,0.5170590789268205,10.0,9.0,12.0,10.0,10.0,10,3,fight record,score order #10,4-1,2
Pat Sabatini,1655.0246480701778,2026-05-09,Featherweight,148,False,0.0,1655.0246480701778,-1.0,+0.0 QW +0.0 proof -1.0 blowout -0.0 weak,0,0,0,False,11,4-1,W4,0.13636363636363635,0.0,False,False,False,0.38514922943735136,0.0,0.38514922943735136,11.0,10.0,12.0,13.0,11.0,11,3,fight record,score order #13; head-to-head -> #11,4-1,0
Joanderson Brito,1683.374393813532,2026-09-19,Featherweight,15,False,0.0,1683.374393813532,-1.6,+0.4 QW +0.0 proof -1.0 blowout -1.0 weak,2,0,0,False,11,3-2,W3,0.0,0.0,False,False,False,0.47367330642947086,-0.045000000000000005,0.4286733064294709,12.0,11.0,13.0,11.0,12.0,12,3,fight record,score order #11; head-to-head -> #12,3-2,0
Cub Swanson,1644.738708294265,2026-04-11,Featherweight,176,False,0.0,1644.738708294265,-0.15000000000000002,+0.8 QW +0.0 proof -0.0 blowout -1.0 weak,9,4,8,True,26,3-2,W2,0.07928571428571428,0.0,False,False,False,0.35303065832555713,0.06375,0.4167806583255571,13.0,11.0,13.0,12.0,13.0,13,3,fight record,score order #12; head-to-head -> #13,3-2,4
Luke Riley,1616.3478081788069,2026-07-11,Featherweight,85,False,0.0,1616.3478081788069,0.0,+0.0 QW +0.0 proof -0.0 blowout -0.0 weak,0,0,0,False,3,3-0,W3,0.0,0.0,False,False,False,0.2643780739091494,0.075,0.3393780739091494,14.0,14.0,14.0,14.0,14.0,14,3,fight record,score order #14,3-0,0
Mairon Santos,1607.774993417071,2025-12-06,Featherweight,302,False,0.0,1607.774993417071,0.0,+0.0 QW +0.0 proof -0.0 blowout -0.0 weak,0,0,0,False,4,4-0,W4,0.0,0.0,False,False,False,0.23760885626334446,0.075,0.31260885626334445,15.0,15.0,16.0,15.0,15.0,15,3,fight record,score order #15,4-0,0
Tommy McMillen,1600.909988252423,2026-09-12,Featherweight,22,False,0.0,1600.909988252423,0.0,+0.0 QW +0.0 proof -0.0 blowout -0.0 weak,0,0,0,False,3,3-0,W3,0.0,0.0,False,False,False,0.2161723943194464,0.075,0.2911723943194464,16.0,16.0,17.0,16.0,16.0,16,3,fight record,score order #16,3-0,0
Chepe Mariscal,1617.4312890654319,2025-11-15,Featherweight,323,False,0.0,1617.4312890654319,-0.75,+0.2 QW +0.0 proof -1.0 blowout -0.0 weak,1,0,0,False,6,4-1,L1,0.0,0.0,False,False,False,0.26776131925799235,0.01875,0.28651131925799234,17.0,15.0,17.0,17.0,17.0,17,3,fight record,score order #17,4-1,0
Felipe Lima,1609.4904064866178,2026-09-05,Featherweight,29,False,0.0,1609.4904064866178,-1.0,+0.0 QW +0.0 proof -0.0 blowout -1.0 weak,0,0,0,False,4,3-1,W1,0.0,0.0,False,False,False,0.24296535434331182,0.0,0.24296535434331182,18.0,18.0,19.0,18.0,18.0,18,3,fight record,score order #18,3-1,0
Jamall Emmers,1606.5562804756448,2026-08-22,Featherweight,43,False,0.0,1606.5562804756448,-1.0,+0.0 QW +0.0 proof -1.0 blowout -0.0 weak,0,0,0,False,10,4-1,W3,0.08138888888888889,0.0,False,False,False,0.2338033393026359,0.0,0.2338033393026359,19.0,19.0,21.0,19.0,19.0,19,3,fight record,score order #19,4-1,0
Marcio Barbosa,1581.6480844968771,2026-08-22,Featherweight,43,False,0.0,1581.6480844968771,0.0,+0.0 QW +0.0 proof -0.0 blowout -0.0 weak,0,0,0,False,2,2-0,W2,0.0,0.0,False,False,False,0.156025743746029,0.075,0.23102574374602902,20.0,18.0,23.0,20.0,20.0,20,3,fight record,score order #20,2-0,0
David Onama,1587.803364561038,2025-11-01,Featherweight,337,False,0.0,1587.803364561038,-0.5,+0.5 QW +0.0 proof -1.0 blowout -0.0 weak,1,0,1,False,9,4-1,L1,0.03333333333333334,0.0,False,False,False,0.17524603909684627,0.0375,0.21274603909684628,21.0,20.0,22.0,21.0,21.0,21,3,fight record,score order #21,4-1,0
Yadier del Valle,1590.9635931297898,2026-08-08,Featherweight,57,False,0.0,1590.9635931297898,-0.75,+0.2 QW +0.0 proof -0.0 blowout -1.0 weak,1,0,0,False,4,3-1,W1,0.0,0.0,False,False,False,0.1851140752924958,0.01875,0.20386407529249578,22.0,21.0,22.0,22.0,22.0,22,3,fight record,score order #22,3-1,0
Dooho Choi,1584.2086250140017,2026-09-19,Featherweight,15,False,0.0,1584.2086250140017,-0.975,+0.0 QW +0.0 proof -1.0 blowout -0.0 weak,1,0,0,False,11,3-2,L1,0.21666666666666667,0.0,False,False,False,0.16402121178060602,0.0018750000000000017,0.16589621178060604,23.0,23.0,25.0,26.0,23.0,23,3,fight record,score order #26; head-to-head -> #23,3-2,0
Daniel Santos,1588.6431227406429,2026-05-16,Featherweight,141,False,0.0,1588.6431227406429,-1.0,+0.0 QW +0.0 proof -0.0 blowout -1.0 weak,0,0,0,False,6,4-1,L1,0.07083333333333335,0.0,False,False,False,0.1778682431341973,0.0,0.1778682431341973,24.0,24.0,26.0,23.0,24.0,24,3,fight record,score order #23; head-to-head -> #24,4-1,0
Melquizael Costa,1588.2685022881806,2026-05-16,Featherweight,141,False,0.0,1588.2685022881806,-1.0,+1.0 QW +0.0 proof -1.0 blowout -1.0 weak,3,0,1,False,10,4-1,L1,0.0425,0.0,False,False,False,0.1766984643969623,0.0,0.1766984643969623,25.0,25.0,27.0,24.0,25.0,25,3,fight record,score order #24; head-to-head -> #25,4-1,0
Pavel Andrusca,1544.4791385675271,2026-09-05,Featherweight,29,False,0.0,1544.4791385675271,0.25,+0.2 QW +0.0 proof -0.0 blowout -0.0 weak,1,0,0,False,1,1-0,W1,0.0,0.0,False,False,False,0.039963093274567686,0.09375,0.13371309327456768,26.0,23.0,30.0,27.0,26.0,26,3,fight record,score order #27; head-to-head -> #26,1-0,0
Nathaniel Wood,1606.0287992637395,2026-09-05,Featherweight,29,False,0.0,1606.0287992637395,-1.85,+0.1 QW +0.0 proof -1.0 blowout -1.0 weak,1,0,0,False,15,4-1,L1,0.03813725490196078,0.0,False,False,False,0.23215624208217678,-0.06375,0.16840624208217678,27.0,20.0,32.0,25.0,27.0,27,3,fight record,score order #25; head-to-head -> #27,4-1,0
Sean Woodson,1566.2145322582967,2026-08-29,Featherweight,36,False,0.0,1566.2145322582967,-0.75,+0.2 QW +0.0 proof -0.0 blowout -1.0 weak,1,0,0,False,11,4-1,W1,0.06136363636363637,0.0,False,False,False,0.10783339031195019,0.01875,0.12658339031195018,28.0,27.0,32.0,28.0,28.0,28,3,fight record,score order #28,4-1,0
Sean King III,1545.0,2026-09-12,Featherweight,22,False,0.0,1545.0,0.0,+0.0 QW +0.0 proof -0.0 blowout -0.0 weak,0,0,0,False,1,1-0,W1,0.0,0.0,False,False,False,0.04158951976769644,0.075,0.11658951976769644,29.0,28.0,31.0,29.0,29.0,29,3,fight record,score order #29,1-0,0
Rodrigo Vera,1545.0,2026-05-30,Featherweight,127,False,0.0,1545.0,0.0,+0.0 QW +0.0 proof -0.0 blowout -0.0 weak,0,0,0,False,1,1-0,W1,0.0,0.0,False,False,False,0.04158951976769644,0.075,0.11658951976769644,30.0,27.0,33.0,30.0,30.0,30,3,fight record,score order #30,1-0,0
Keiichiro Nakamura,1545.0,2026-01-31,Featherweight,246,False,0.0,1545.0,0.0,+0.0 QW +0.0 proof -0.0 blowout -0.0 weak,0,0,0,False,1,1-0,W1,0.0,0.0,False,False,False,0.04158951976769644,0.075,0.11658951976769644,31.0,29.0,32.0,31.0,31.0,31,3,fight record,score order #31,1-0,0
Murtazali Magomedov,1542.0288319747785,2026-06-20,Featherweight,106,False,0.0,1542.0288319747785,0.0,+0.0 QW +0.0 proof -0.0 blowout -0.0 weak,0,0,0,False,1,1-0,W1,0.0,0.0,False,False,False,0.03231183842965881,0.075,0.1073118384296588,32.0,30.0,34.0,32.0,32.0,32,3,fight record,score order #32,1-0,0
Marwan Rahiki,1563.0747501721992,2026-09-12,Featherweight,22,False,0.0,1563.0747501721992,-1.0,+0.0 QW +0.0 proof -0.0 blowout -1.0 weak,0,0,0,False,3,2-1,L1,0.0,0.0,False,False,False,0.09802919969788336,0.0,0.09802919969788336,33.0,28.0,35.0,33.0,33.0,33,3,fight record,score order #33,2-1,0
Jose Delano,1528.7191330080507,2026-04-04,Featherweight,183,False,0.0,1528.7191330080507,0.0,+0.0 QW +0.0 proof -0.0 blowout -0.0 weak,0,0,0,False,1,1-0,W1,0.0,0.0,False,False,False,-0.009248633637317562,0.075,0.06575136636268243,34.0,33.0,38.0,34.0,34.0,34,3,fight record,score order #34,1-0,0
Shane Collins,1527.0609422625223,2026-06-20,Featherweight,106,False,0.0,1527.0609422625223,0.0,+0.0 QW +0.0 proof -0.0 blowout -0.0 weak,0,0,0,False,1,1-0,W1,0.0,0.0,False,False,False,-0.014426450981911735,0.075,0.060573549018088264,35.0,34.0,39.0,35.0,35.0,35,3,fight record,score order #35,1-0,0
Jose Delgado,1567.0657673537178,2026-09-12,Featherweight,22,False,0.0,1567.0657673537178,-1.75,+0.2 QW +0.0 proof -0.0 blowout -2.0 weak,1,0,0,False,6,3-2,L1,0.0,0.0,False,False,False,0.1104914318269474,-0.056249999999999994,0.054241431826947406,36.0,29.0,39.0,36.0,36.0,36,3,fight record,score order #36,3-2,0
Ezra Elliott,1522.9090812009586,2026-07-18,Featherweight,78,False,0.0,1522.9090812009586,0.0,+0.0 QW +0.0 proof -0.0 blowout -0.0 weak,0,0,0,False,1,1-0,W1,0.0,0.0,False,False,False,-0.027390929450316088,0.075,0.04760907054968391,37.0,36.0,40.0,37.0,37.0,37,3,fight record,score order #37,1-0,0
Losene Keita,1542.8112660871045,2026-09-05,Featherweight,29,False,0.0,1542.8112660871045,-1.0,+0.0 QW +0.0 proof -0.0 blowout -1.0 weak,0,0,0,False,2,1-1,W1,0.0,0.0,False,False,False,0.03475504403114264,0.0,0.03475504403114264,38.0,37.0,39.0,38.0,38.0,38,3,fight record,score order #38,1-1,0
Brian Ortega,1693.0632114494242,2025-08-23,Featherweight,407,False,12.0,1681.0632114494242,1.1999999999999997,+3.2 QW +0.0 proof -2.0 blowout -0.0 weak,7,5,5,True,14,1-4,L2,0.039230769230769236,0.6,False,False,False,0.46645647678326274,0.16499999999999998,0.03145647678326269,39.0,36.0,39.0,39.0,39.0,39,3,fight record,score order #39,1-4,5
William Gomis,1563.1055896804587,2026-05-09,Featherweight,148,False,0.0,1563.1055896804587,-2.0,+0.0 QW +0.0 proof -1.0 blowout -1.0 weak,0,0,0,False,7,3-2,L1,0.0,0.0,False,False,False,0.09812549823361912,-0.075,0.02312549823361912,40.0,35.0,41.0,40.0,40.0,40,3,fight record,score order #40,3-2,0
Danny Silva,1530.8704355725606,2026-03-21,Featherweight,197,False,0.0,1530.8704355725606,-1.0,+0.0 QW +0.0 proof -1.0 blowout -0.0 weak,0,0,0,False,4,3-1,W1,0.0,0.0,False,False,False,-0.0025310399213786514,0.0,-0.0025310399213786514,41.0,40.0,42.0,41.0,41.0,41,3,fight record,score order #41,3-1,0
Darren Elkins,1573.2670119110803,2026-08-08,Featherweight,57,False,0.0,1573.2670119110803,-1.1,+0.9 QW +0.0 proof -2.0 blowout -0.0 weak,5,3,5,True,31,2-3,L2,0.16310160427807488,0.15,False,False,False,0.1298552545438271,-0.007500000000000007,-0.027644745456172903,42.0,41.0,44.0,42.0,42.0,42,3,fight record,score order #42,2-3,3
Jordan Leavitt,1540.0204452575667,2026-06-06,Featherweight,120,False,0.0,1540.0204452575667,-1.925,+0.1 QW +0.0 proof -2.0 blowout -0.0 weak,1,0,0,False,10,3-2,L1,0.0,0.0,False,False,False,0.026040509508619487,-0.069375,-0.04333449049138052,43.0,43.0,47.0,43.0,43.0,43,3,fight record,score order #43,3-2,0
Isaac Dulgarian,1536.952109296117,2025-11-01,Featherweight,337,False,0.0,1536.952109296117,-2.0,+0.0 QW +0.0 proof -1.0 blowout -1.0 weak,0,0,0,False,4,2-2,L1,0.0,0.0,False,False,False,0.0164594144487902,-0.075,-0.05854058555120979,44.0,44.0,52.0,44.0,44.0,44,3,fight record,score order #44,2-2,0
Aaron Pico,1512.0622063322603,2026-04-11,Featherweight,176,False,0.0,1512.0622063322603,-1.0,+0.0 QW +0.0 proof -1.0 blowout -0.0 weak,0,0,0,False,2,1-1,W1,0.26363636363636367,0.0,False,False,False,-0.061261059880873034,0.0,-0.061261059880873034,45.0,43.0,46.099999999999994,45.0,45.0,45,3,fight record,score order #45,1-1,0
Patricio Pitbull,1506.5366829419681,2026-09-19,Featherweight,15,False,0.0,1506.5366829419681,-1.0,+0.0 QW +0.0 proof -1.0 blowout -0.0 weak,0,0,0,False,2,1-1,W1,0.0,0.0,False,False,False,-0.07851489568074604,0.0,-0.07851489568074604,46.0,45.0,50.0,46.0,46.0,46,3,fight record,score order #46,1-1,0
Bogdan Grad,1529.6532664108493,2026-08-01,Featherweight,64,False,0.0,1529.6532664108493,-2.0,+0.0 QW +0.0 proof -0.0 blowout -2.0 weak,0,0,0,False,4,2-2,W1,0.10625000000000001,0.0,False,False,False,-0.006331736321240666,-0.075,-0.08133173632124066,47.0,45.0,54.0,47.0,47.0,47,3,fight record,score order #47,2-2,0
Patricio Freire,1514.2654245126569,2025-07-19,Featherweight,442,False,22.0,1492.2654245126569,-0.5,+0.5 QW +0.0 proof -1.0 blowout -0.0 weak,1,0,1,False,2,1-1,W1,0.0,0.0,False,False,False,-0.12307790486635563,0.0375,-0.08557790486635564,48.0,42.0,54.0,48.0,48.0,48,3,fight record,score order #48,1-1,0
Kaan Ofli,1520.4259423408212,2026-06-27,Featherweight,99,False,0.0,1520.4259423408212,-1.75,+0.2 QW +0.0 proof -1.0 blowout -1.0 weak,1,0,0,False,5,3-2,W3,0.085,0.0,False,False,False,-0.03514470536163821,-0.056249999999999994,-0.09139470536163821,49.0,47.0,52.0,49.0,49.0,49,3,fight record,score order #49,3-2,0
Isaac Thomson,1502.0805332590885,2025-12-13,Featherweight,295,False,0.0,1502.0805332590885,-1.0,+0.0 QW +0.0 proof -0.0 blowout -1.0 weak,0,0,0,False,1,0-1,L1,0.0,0.0,False,False,False,-0.09242953679205554,0.0,-0.09242953679205554,50.0,48.0,51.0,50.0,50.0,50,3,fight record,score order #50,0-1,0
Kurtis Campbell,1501.9686228041753,2026-09-05,Featherweight,29,False,0.0,1501.9686228041753,-1.0,+0.0 QW +0.0 proof -0.0 blowout -1.0 weak,0,0,0,False,2,1-1,W1,0.3625,0.0,False,False,False,-0.09277898506635902,0.0,-0.09277898506635902,51.0,49.0,52.0,51.0,51.0,51,3,fight record,score order #51,1-1,0
Lerryan Douglas,1494.5771424593286,2026-08-22,Featherweight,43,False,0.0,1494.5771424593286,-0.75,+0.2 QW +0.0 proof -1.0 blowout -0.0 weak,1,0,0,False,2,1-1,L1,0.32613636363636367,0.0,False,False,False,-0.11585940282588482,0.01875,-0.09710940282588482,52.0,46.0,55.0,52.0,52.0,52,3,fight record,score order #52,1-1,0
Javier Reyes,1500.3291934041627,2026-06-27,Featherweight,99,False,0.0,1500.3291934041627,-1.0,+0.0 QW +0.0 proof -1.0 blowout -0.0 weak,0,0,0,False,2,1-1,L1,0.0,0.0,False,False,False,-0.09789821878872448,0.0,-0.09789821878872448,53.0,51.0,53.0,53.0,53.0,53,3,fight record,score order #53,1-1,0
Austin Bashi,1522.5054591197754,2026-07-18,Featherweight,78,False,0.0,1522.5054591197754,-2.0,+0.0 QW +0.0 proof -0.0 blowout -2.0 weak,0,0,0,False,3,1-2,L1,0.0,0.0,False,False,False,-0.028651267815034968,-0.075,-0.10365126781503496,54.0,48.0,56.0,54.0,54.0,54,3,fight record,score order #54,1-2,0
Alberto Montes,1491.9221301524863,2026-07-18,Featherweight,78,False,0.0,1491.9221301524863,-1.0,+0.0 QW +0.0 proof -0.0 blowout -1.0 weak,0,0,0,False,2,1-1,L1,0.21250000000000002,0.0,False,False,False,-0.12414986567495749,0.0,-0.12414986567495749,55.0,53.0,57.0,55.0,55.0,55,3,fight record,score order #55,1-1,0
Anthony Romero,1486.3089170128208,2026-10-03,Featherweight,1,False,0.0,1486.3089170128208,-1.0,+0.0 QW +0.0 proof -1.0 blowout -0.0 weak,0,0,0,False,1,0-1,L1,0.55,0.0,False,False,False,-0.14167751889087435,0.0,-0.14167751889087435,56.0,55.0,59.0,56.0,56.0,56,3,fight record,score order #56,0-1,0
Julian Erosa,1499.925480913166,2026-03-28,Featherweight,190,False,0.0,1499.925480913166,-1.75,+0.2 QW +0.0 proof -1.0 blowout -1.0 weak,1,0,0,False,18,3-2,L2,0.2257440476190476,0.0,False,False,False,-0.09915883946445125,-0.056249999999999994,-0.15540883946445125,57.0,55.0,60.0,57.0,57.0,57,3,fight record,score order #57,3-2,0
Steven Nguyen,1500.2923193192391,2025-07-26,Featherweight,435,False,20.0,1480.2923193192391,-1.0,+0.0 QW +0.0 proof -1.0 blowout -0.0 weak,0,0,0,False,2,1-1,W1,0.0,0.0,False,False,False,-0.16046476877589616,0.0,-0.16046476877589616,58.0,57.0,62.0,58.0,58.0,58,3,fight record,score order #58,1-1,0
Damien Anderson,1477.0909187990414,2026-07-18,Featherweight,78,False,0.0,1477.0909187990414,-1.0,+0.0 QW +0.0 proof -0.0 blowout -1.0 weak,0,0,0,False,1,0-1,L1,0.0,0.0,False,False,False,-0.1704613672885664,0.0,-0.1704613672885664,59.0,58.0,65.0,59.0,59.0,59,3,fight record,score order #59,0-1,0
Christian Rodriguez,1570.327174124685,2026-06-20,Featherweight,106,False,0.0,1570.327174124685,-3.0,+0.0 QW +0.0 proof -1.0 blowout -2.0 weak,0,0,0,False,10,2-3,W1,0.0,0.15,False,False,False,0.12067540408226814,-0.15,-0.17932459591773187,60.0,49.0,69.0,60.0,60.0,60,3,fight record,score order #60,2-3,0
Otari Tanzilovi,1472.9390577374777,2026-06-20,Featherweight,106,False,0.0,1472.9390577374777,-1.0,+0.0 QW +0.0 proof -1.0 blowout -0.0 weak,0,0,0,False,1,0-1,L1,0.0,0.0,False,False,False,-0.1834258457569707,0.0,-0.1834258457569707,61.0,59.0,66.0,61.0,61.0,61,3,fight record,score order #61,0-1,0
JooSang Yoo,1492.7867936121847,2026-09-19,Featherweight,15,False,0.0,1492.7867936121847,-2.0,+0.0 QW +0.0 proof -0.0 blowout -2.0 weak,0,0,0,False,3,1-2,L2,0.10555555555555556,0.0,False,False,False,-0.12144989314710637,-0.075,-0.19644989314710637,62.0,61.0,66.0,62.0,62.0,62,3,fight record,score order #62,1-2,0
Yizha,1488.8369670527381,2026-01-31,Featherweight,246,False,0.0,1488.8369670527381,-2.0,+0.0 QW +0.0 proof -1.0 blowout -1.0 weak,0,0,0,False,4,1-3,L1,0.0,0.0,False,False,False,-0.13378350465880526,-0.075,-0.20878350465880524,63.0,63.0,67.0,63.0,63.0,63,3,fight record,score order #63,1-3,0
Douglas Silva de Andrade,1531.68099853662,2026-02-28,Featherweight,218,False,0.0,1531.68099853662,-1.925,+0.1 QW +0.0 proof -2.0 blowout -0.0 weak,1,0,0,False,14,2-3,L2,0.07083333333333335,0.15,False,False,False,0.0,-0.069375,-0.219375,64.0,61.0,69.0,64.0,64.0,64,3,fight record,score order #64,2-3,0
Ryan Kuse,1460.4225259952466,2026-08-22,Featherweight,43,False,0.0,1460.4225259952466,-1.0,+0.0 QW +0.0 proof -1.0 blowout -0.0 weak,0,0,0,False,1,0-1,L1,0.42500000000000004,0.0,False,False,False,-0.2225095973240662,0.0,-0.2225095973240662,65.0,61.0,67.0,65.0,65.0,65,3,fight record,score order #65,0-1,0
Ollie Schmid,1460.1988329472988,2026-05-02,Featherweight,155,False,0.0,1460.1988329472988,-1.0,+0.0 QW +0.0 proof -1.0 blowout -0.0 weak,0,0,0,False,1,0-1,L1,0.42500000000000004,0.0,False,False,False,-0.22320809461495547,0.0,-0.22320809461495547,66.0,62.0,68.0,66.0,66.0,66,3,fight record,score order #66,0-1,0
Sodiq Yusuff,1585.537332063395,2025-05-17,Featherweight,505,False,40.0,1545.537332063395,-2.625,+0.4 QW +0.0 proof -2.0 blowout -1.0 weak,2,0,1,False,10,2-3,L3,0.05249999999999999,0.15,False,False,False,0.04326737696546233,-0.121875,-0.22860762303453766,67.0,58.0,71.0,67.0,67.0,67,3,fight record,score order #67,2-3,0
Zhu Kangjie,1455.0,2026-05-30,Featherweight,127,False,0.0,1455.0,-1.0,+0.0 QW +0.0 proof -1.0 blowout -0.0 weak,0,0,0,False,1,0-1,L1,0.42500000000000004,0.0,False,False,False,-0.2394418165065789,0.0,-0.2394418165065789,68.0,65.0,71.0,68.0,68.0,68,3,fight record,score order #68,0-1,0
Sebastian Szalay,1455.0,2026-01-31,Featherweight,246,False,0.0,1455.0,-1.0,+0.0 QW +0.0 proof -0.0 blowout -1.0 weak,0,0,0,False,1,0-1,L1,0.42500000000000004,0.0,False,False,False,-0.2394418165065789,0.0,-0.2394418165065789,69.0,64.0,69.0,69.0,69.0,69,3,fight record,score order #69,0-1,0
Jessie Rosas,1455.0,2026-09-12,Featherweight,22,False,0.0,1455.0,-1.0,+0.0 QW +0.0 proof -1.0 blowout -0.0 weak,0,0,0,False,1,0-1,L1,0.42500000000000004,0.0,False,False,False,-0.2394418165065789,0.0,-0.2394418165065789,70.0,63.0,70.0,70.0,70.0,70,3,fight record,score order #70,0-1,0
Robert Ruchala,1465.342509337577,2026-04-04,Featherweight,183,False,0.0,1465.342509337577,-2.0,+0.0 QW +0.0 proof -0.0 blowout -2.0 weak,0,0,0,False,2,0-2,L2,0.0,0.0,False,False,False,-0.20714660295581858,-0.075,-0.28214660295581856,71.0,69.0,72.0,71.0,71.0,71,3,fight record,score order #71,0-2,0
Morgan Charriere,1552.1300043949916,2026-09-05,Featherweight,29,False,0.0,1552.1300043949916,-4.0,+0.0 QW +0.0 proof -3.0 blowout -1.0 weak,0,0,0,False,7,2-3,L2,0.11626984126984127,0.15,False,False,False,0.06385346046509584,-0.22499999999999998,-0.3111465395349041,72.0,63.0,79.0,72.0,72.0,72,3,fight record,score order #72,2-3,0
Jack Jenkins,1498.4217448888726,2026-08-29,Featherweight,36,False,0.0,1498.4217448888726,-2.0,+0.0 QW +0.0 proof -0.0 blowout -2.0 weak,0,0,0,False,7,2-3,L1,0.08452380952380953,0.15,False,False,False,-0.10385436106790616,-0.075,-0.3288543610679061,73.0,73.0,73.0,73.0,73.0,73,3,fight record,score order #73,2-3,0
Gianni Vazquez,1440.0103227838997,2026-08-08,Featherweight,57,False,0.0,1440.0103227838997,-2.0,+0.0 QW +0.0 proof -1.0 blowout -1.0 weak,0,0,0,False,2,0-2,L2,0.35535714285714287,0.0,False,False,False,-0.28624813893280915,-0.075,-0.36124813893280916,74.0,74.0,77.0,74.0,74.0,74,3,fight record,score order #74,0-2,0
Manolo Zecchini,1415.7960441216378,2026-04-04,Featherweight,183,False,0.0,1415.7960441216378,-1.0,+0.0 QW +0.0 proof -1.0 blowout -0.0 weak,0,0,0,False,2,0-2,L2,0.42500000000000004,0.0,False,False,False,-0.3618589288147329,0.0,-0.3618589288147329,75.0,72.0,79.0,75.0,75.0,75,3,fight record,score order #75,0-2,0
Michael Aswell Jr.,1503.2122391651503,2026-09-19,Featherweight,15,False,0.0,1503.2122391651503,-3.0,+0.0 QW +0.0 proof -1.0 blowout -2.0 weak,0,0,0,False,5,2-3,W1,0.0,0.15,False,False,False,-0.08889570542483283,-0.15,-0.3888957054248328,76.0,74.0,81.0,76.0,76.0,76,3,fight record,score order #76,2-3,0
Muhammad Naimov,1497.9474334179997,2026-09-05,Featherweight,29,False,0.0,1497.9474334179997,-3.0,+0.0 QW +0.0 proof -1.0 blowout -2.0 weak,0,0,0,False,8,2-3,L2,0.13958333333333334,0.15,False,False,False,-0.10533543202867969,-0.15,-0.4053354320286797,77.0,75.0,82.0,77.0,77.0,77,3,fight record,score order #77,2-3,0
Hyder Amil,1496.0000167725264,2026-06-20,Featherweight,106,False,0.0,1496.0000167725264,-3.0,+0.0 QW +0.0 proof -3.0 blowout -0.0 weak,0,0,0,False,6,2-3,L3,0.07083333333333335,0.15,False,False,False,-0.11141637760823687,-0.15,-0.4114163776082369,78.0,76.0,83.0,78.0,78.0,78,3,fight record,score order #78,2-3,0
Harry Hardwick,1423.4096236027747,2026-03-14,Featherweight,204,False,0.0,1423.4096236027747,-2.0,+0.0 QW +0.0 proof -1.0 blowout -1.0 weak,0,0,0,False,2,0-2,L2,0.475,0.0,False,False,False,-0.33808499086568516,-0.075,-0.4130849908656852,79.0,76.0,80.0,79.0,79.0,79,3,fight record,score order #79,0-2,0
Josh Emmett,1554.2751883665533,2026-03-14,Featherweight,204,False,0.0,1554.2751883665533,0.47499999999999964,+3.5 QW +0.0 proof -2.0 blowout -1.0 weak,7,5,6,True,17,1-4,L3,0.05932112068965517,0.6,False,False,False,0.07055194844378619,0.11062499999999997,-0.4188230515562138,80.0,76.0,81.0,80.0,80.0,80,3,fight record,score order #80,1-4,5
Westin Wilson,1431.4031555888193,2025-08-23,Featherweight,407,False,12.0,1419.4031555888193,-2.0,+0.0 QW +0.0 proof -2.0 blowout -0.0 weak,0,0,0,False,4,1-3,L1,0.40625,0.0,False,False,False,-0.3505954693068186,-0.075,-0.42559546930681863,81.0,77.0,82.0,81.0,81.0,81,3,fight record,score order #81,1-3,0
JeongYeong Lee,1461.2639373282118,2025-05-10,Featherweight,512,False,42.0,1419.2639373282118,-2.0,+0.0 QW +0.0 proof -2.0 blowout -0.0 weak,0,0,0,False,4,2-2,L2,0.10625000000000001,0.0,False,False,False,-0.35103018812695547,-0.075,-0.4260301881269555,82.0,78.0,83.0,82.0,82.0,82,3,fight record,score order #82,2-2,0
Jeka Saragih,1442.166744283398,2025-06-07,Featherweight,484,False,34.0,1408.166744283398,-2.0,+0.0 QW +0.0 proof -2.0 blowout -0.0 weak,0,0,0,False,4,1-3,L2,0.21250000000000002,0.0,False,False,False,-0.38568195468559574,-0.075,-0.46068195468559575,83.0,80.0,85.0,83.0,83.0,83,3,fight record,score order #83,1-3,0
Andre Fili,1486.7292109918399,2026-06-20,Featherweight,106,False,0.0,1486.7292109918399,-3.475,+0.5 QW +0.0 proof -2.0 blowout -2.0 weak,4,0,2,False,27,2-3,L2,0.0960329131652661,0.15,False,False,False,-0.14036512135141022,-0.185625,-0.4759901213514103,84.0,78.0,87.0,84.0,84.0,84,3,fight record,score order #84,2-3,0
Melsik Baghdasaryan,1449.0075897507247,2026-06-20,Featherweight,106,False,0.0,1449.0075897507247,-2.0,+0.0 QW +0.0 proof -2.0 blowout -0.0 weak,0,0,0,False,6,2-3,L2,0.05000000000000001,0.15,False,False,False,-0.2581535393938844,-0.075,-0.4831535393938844,85.0,84.0,85.0,85.0,85.0,85,3,fight record,score order #85,2-3,0
Erik Silva,1386.0394638505386,2026-02-28,Featherweight,218,False,0.0,1386.0394638505386,-2.0,+0.0 QW +0.0 proof -2.0 blowout -0.0 weak,0,0,0,False,3,0-3,L3,0.1416666666666667,0.0,False,False,False,-0.4547759456651746,-0.075,-0.5297759456651746,86.0,85.0,88.0,86.0,86.0,86,3,fight record,score order #86,0-3,0
Roberto Romero,1427.4981164903556,2025-04-26,Featherweight,526,False,46.0,1381.4981164903556,-2.0,+0.0 QW +0.0 proof -1.0 blowout -1.0 weak,0,0,0,False,2,0-2,L2,0.3375,0.0,False,False,False,-0.46895662252203973,-0.075,-0.5439566225220397,87.0,86.0,89.0,87.0,87.0,87,3,fight record,score order #87,0-2,0
Giga Chikadze,1580.031786888649,2026-09-19,Featherweight,15,False,0.0,1580.031786888649,-3.25,+0.8 QW +0.0 proof -1.0 blowout -3.0 weak,3,1,3,False,13,1-4,L4,0.0685897435897436,0.6,False,False,False,0.15097874067205969,-0.16874999999999998,-0.6177712593279403,88.0,86.0,88.0,88.0,88.0,88,3,fight record,score order #88,1-4,1
Calvin Kattar,1589.1696039147373,2025-07-12,Featherweight,449,False,24.0,1565.1696039147373,-1.35,+1.5 QW +0.1 proof -2.0 blowout -1.0 weak,4,4,4,True,15,0-5,L5,0.031212121212121215,0.8,False,False,False,0.10457052799304623,-0.026250000000000006,-0.7216794720069538,89.0,89.0,90.0,89.0,89.0,89,3,fight record,score order #89,0-5,4
Dan Ige,1577.7604549691657,2026-09-12,Featherweight,22,False,0.0,1577.7604549691657,-4.6,+0.4 QW +0.0 proof -2.0 blowout -3.0 weak,2,0,1,False,22,1-4,L3,0.03295454545454545,0.6,False,False,False,0.14388634684478385,-0.26999999999999996,-0.7261136531552161,90.0,87.0,92.0,90.0,90.0,90,3,fight record,score order #90,1-4,0
Connor Matthews,1374.6901176484585,2025-05-17,Featherweight,505,False,40.0,1334.6901176484585,-3.0,+0.0 QW +0.0 proof -2.0 blowout -1.0 weak,0,0,0,False,3,0-3,L3,0.3666666666666667,0.0,False,False,False,-0.6151178943316298,-0.15,-0.7651178943316298,91.0,89.0,92.0,91.0,91.0,91,3,fight record,score order #91,0-3,0
Billy Quarantillo,1514.8912511700187,2026-08-08,Featherweight,57,False,0.0,1514.8912511700187,-3.0,+0.0 QW +0.0 proof -1.0 blowout -2.0 weak,0,0,0,False,12,1-4,L3,0.10586870026525198,0.6,False,False,False,-0.052427168201594404,-0.15,-0.8024271682015944,92.0,91.0,92.0,92.0,92.0,92,3,fight record,score order #92,1-4,0
Nate Landwehr,1491.0639033320451,2026-04-11,Featherweight,176,False,0.0,1491.0639033320451,-2.925,+0.1 QW +0.0 proof -1.0 blowout -2.0 weak,1,0,0,False,11,1-4,L3,0.23442760942760946,0.6,False,False,False,-0.12682973934356853,-0.14437499999999998,-0.8712047393435685,93.0,92.0,93.0,93.0,93.0,93,3,fight record,score order #93,1-4,0
Ricardo Ramos,1480.0312797790402,2025-10-11,Featherweight,358,False,0.0,1480.0312797790402,-3.0,+0.0 QW +0.0 proof -3.0 blowout -0.0 weak,0,0,0,False,15,1-4,L2,0.07888888888888888,0.6,False,False,False,-0.16127988311814642,-0.15,-0.9112798831181463,94.0,94.0,94.0,94.0,94.0,94,3,fight record,score order #94,1-4,0
Lucas Almeida,1439.2353930604243,2025-10-11,Featherweight,358,False,0.0,1439.2353930604243,-3.0,+0.0 QW +0.0 proof -2.0 blowout -1.0 weak,0,0,0,False,6,1-4,L2,0.2224747474747475,0.6,False,False,False,-0.2886679115517754,-0.15,-1.0386679115517754,95.0,95.0,95.0,95.0,95.0,95,3,fight record,score order #95,1-4,0
Dennis Buzukja,1410.1284427079604,2026-08-01,Featherweight,64,False,0.0,1410.1284427079604,-4.0,+0.0 QW +0.0 proof -2.0 blowout -2.0 weak,0,0,0,False,6,1-4,L3,0.20119047619047623,0.6,False,False,False,-0.37955641324535216,-0.22499999999999998,-1.2045564132453521,96.0,96.0,96.0,96.0,96.0,96,3,fight record,score order #96,1-4,0
Joshua Van,1688.0466910381224,2026-09-19,Flyweight,15,False,0.0,1688.0466910381224,6.0,+7.0 QW +0.0 proof -0.0 blowout -1.0 weak,5,4,5,True,12,5-0,W8,0.06041666666666667,0.0,True,False,False,0.44977498640796704,0.297029702970297,0.746804689378264,,0.0,0.0,,,0,0,title holder or reserved,title holder,5-0,4
Manel Kape,1717.4494999594783,2026-06-20,Flyweight,106,False,0.0,1717.4494999594783,3.8499999999999996,+4.8 QW +0.0 proof -0.0 blowout -1.0 weak,5,4,4,True,11,4-1,W4,0.0,0.0,False,False,False,0.5358589843115531,0.20579915134370577,0.7416581356552588,1.0,1.0,1.0,2.0,2.0,1,3,fight record,score order #2; title cycle -> #1,4-1,4
Kyoji Horiguchi,1681.0748346347739,2026-06-20,Flyweight,106,False,0.0,1681.0748346347739,1.9,+1.9 QW +0.0 proof -0.0 blowout -0.0 weak,5,2,5,True,11,4-1,L1,0.0,0.0,False,False,False,0.4293631518238895,0.12305516265912303,0.5524183144830126,2.0,2.0,2.0,5.0,5.0,2,3,fight record,score order #5; title cycle -> #2,4-1,2
Brandon Royval,1602.477250886354,2026-07-11,Flyweight,85,False,0.0,1602.477250886354,3.55,+6.5 QW +0.0 proof -2.0 blowout -1.0 weak,8,7,8,True,13,3-2,W1,0.05734265734265735,0.0,False,False,False,0.19924927893769728,0.19306930693069305,0.3923185858683903,3.0,3.0,7.0,6.0,6.0,3,3,fight record,score order #6; title cycle -> #3,3-2,7
Alexandre Pantoja,1699.7261276357053,2026-09-19,Flyweight,15,False,0.0,1699.7261276357053,5.15,+7.2 QW +0.0 proof -2.0 blowout -0.0 weak,9,9,9,True,19,3-2,L2,0.027751196172248808,0.0,False,False,False,0.4839694267510848,0.260961810466761,0.7449312372178458,4.0,4.0,5.0,1.0,1.0,4,3,fight record,score order #1; title cycle -> #4,3-2,9
Tatsuro Taira,1728.9933041124057,2026-05-09,Flyweight,148,False,0.0,1728.9933041124057,3.0,+3.0 QW +0.0 proof -0.0 blowout -0.0 weak,2,2,2,False,10,3-2,L1,0.03166666666666666,0.0,False,False,False,0.5696563271150236,0.16973125884016974,0.7393875859551933,5.0,4.0,5.0,3.0,3.0,5,3,fight record,score order #3; title cycle -> #5,3-2,2
Brandon Moreno,1658.4652677506144,2026-09-12,Flyweight,22,False,0.0,1658.4652677506144,5.6499999999999995,+6.6 QW +0.0 proof -0.0 blowout -1.0 weak,10,10,10,True,21,3-2,W1,0.009999999999999998,0.0,False,False,False,0.3631680507550487,0.2821782178217821,0.6453462685768308,6.0,6.0,6.0,4.0,4.0,6,3,fight record,score order #4; title cycle -> #6,3-2,10
Asu Almabayev,1631.4503672031406,2026-06-27,Flyweight,99,False,0.0,1631.4503672031406,1.5,+2.5 QW +0.0 proof -0.0 blowout -1.0 weak,3,2,3,False,8,4-1,W3,0.03125,0.0,False,False,False,0.2840752454276901,0.10608203677510608,0.39015728220279616,7.0,3.0,7.0,7.0,7.0,7,3,fight record,score order #7,4-1,2
Ramazan Temirov,1574.0426395210573,2026-07-25,Flyweight,71,False,0.0,1574.0426395210573,1.5,+1.5 QW +0.0 proof -0.0 blowout -0.0 weak,2,1,2,False,3,3-0,W3,0.0,0.0,False,False,False,0.1159999189290475,0.10608203677510608,0.22208195570415357,8.0,8.0,9.0,8.0,8.0,8,3,fight record,score order #8,3-0,1
Kai Kara-France,1627.610817709351,2025-06-28,Flyweight,463,False,28.000000000000004,1599.610817709351,3.1,+3.0 QW +0.1 proof -0.0 blowout -0.0 weak,5,4,5,True,13,2-3,L1,0.03901098901098901,0.15,False,False,False,0.1908570866046486,0.17397454031117396,0.21483162691582255,9.0,8.0,11.0,9.0,9.0,9,3,fight record,score order #9,2-3,4
Amir Albazi,1591.32181356022,2026-02-07,Flyweight,239,False,0.0,1591.32181356022,-1.1,+0.9 QW +0.0 proof -2.0 blowout -0.0 weak,1,1,1,False,7,3-2,L2,0.0,0.0,False,False,False,0.16658897610863616,-0.004243281471004247,0.1623456946376319,10.0,9.0,14.0,10.0,10.0,10,3,fight record,score order #10,3-2,1
Allan Nascimento,1589.123110112197,2026-06-20,Flyweight,106,False,0.0,1589.123110112197,-1.0,+0.0 QW +0.0 proof -0.0 blowout -1.0 weak,0,0,0,False,6,4-1,L1,0.0,0.0,False,False,False,0.1601517277655791,0.0,0.1601517277655791,11.0,10.0,13.0,11.0,11.0,11,3,fight record,score order #11,4-1,0
Tagir Ulanbekov,1579.6155177631438,2025-11-22,Flyweight,316,False,0.0,1579.6155177631438,-0.5,+0.5 QW +0.0 proof -0.0 blowout -1.0 weak,1,0,1,False,8,4-1,L1,0.0,0.0,False,False,False,0.13231589881355008,0.021216407355021217,0.1535323061685713,12.0,11.0,12.0,12.0,12.0,12,3,fight record,score order #12,4-1,0
Imanol Rodriguez,1571.0697302134602,2026-10-03,Flyweight,1,False,0.0,1571.0697302134602,0.0,+0.0 QW +0.0 proof -0.0 blowout -0.0 weak,0,0,0,False,2,2-0,W2,0.0,0.0,False,False,False,0.10729599137956569,0.042432814710042434,0.14972880608960812,13.0,10.0,13.0,13.0,13.0,13,3,fight record,score order #13,2-0,0
Tim Elliott,1563.9953493405894,2026-09-12,Flyweight,22,False,0.0,1563.9953493405894,0.1499999999999999,+2.1 QW +0.1 proof -0.0 blowout -2.0 weak,7,1,7,True,23,3-2,W1,0.0,0.0,False,False,False,0.08658399104455519,0.04879773691654879,0.13538172796110398,14.0,12.0,14.0,14.0,14.0,14,3,fight record,score order #14,3-2,1
Andre Lima,1561.523953091519,2026-08-29,Flyweight,36,False,0.0,1561.523953091519,-1.0,+0.0 QW +0.0 proof -0.0 blowout -1.0 weak,0,0,0,False,6,4-1,W1,0.0,0.0,False,False,False,0.07934836705730439,0.0,0.07934836705730439,15.0,15.0,16.0,15.0,15.0,15,3,fight record,score order #15,4-1,0
Bilal Hasan,1545.0,2026-08-29,Flyweight,36,False,0.0,1545.0,0.0,+0.0 QW +0.0 proof -0.0 blowout -0.0 weak,0,0,0,False,1,1-0,W1,0.0,0.0,False,False,False,0.03097040605725469,0.042432814710042434,0.07340322076729712,16.0,15.0,19.0,16.0,16.0,16,3,fight record,score order #16,1-0,0
Rei Tsuruya,1554.5031432982753,2026-08-29,Flyweight,36,False,0.0,1554.5031432982753,-1.0,+0.0 QW +0.0 proof -1.0 blowout -0.0 weak,0,0,0,False,4,3-1,W2,0.0,0.0,False,False,False,0.05879320931235547,0.0,0.05879320931235547,17.0,17.0,17.0,17.0,17.0,17,3,fight record,score order #17,3-1,0
Alessandro Costa,1562.556241080185,2026-07-11,Flyweight,85,False,0.0,1562.556241080185,-2.0,+0.0 QW +0.0 proof -0.0 blowout -2.0 weak,0,0,0,False,8,4-1,W3,0.128125,0.0,False,False,False,0.08237064555082874,-0.042432814710042434,0.0399378308407863,18.0,16.0,20.0,18.0,18.0,18,3,fight record,score order #18,4-1,0
Jose Ochoa,1560.6603014371092,2026-05-09,Flyweight,148,False,0.0,1560.6603014371092,-2.0,+0.0 QW +0.0 proof -1.0 blowout -1.0 weak,0,0,0,False,4,2-2,W1,0.0,0.0,False,False,False,0.07681981315599198,-0.042432814710042434,0.03438699844594955,19.0,18.0,21.0,19.0,19.0,19,3,fight record,score order #19,2-2,0
Edgar Chairez,1551.775308451925,2026-09-12,Flyweight,22,False,0.0,1551.775308451925,-2.0,+0.0 QW +0.0 proof -0.0 blowout -2.0 weak,0,0,0,False,8,3-2,L1,0.0,0.0,False,False,False,0.05080679788402443,-0.042432814710042434,0.008373983173981997,20.0,20.0,24.0,20.0,20.0,20,3,fight record,score order #20,3-2,0
Sumudaerji,1543.3438588775518,2026-08-29,Flyweight,36,False,0.0,1543.3438588775518,-1.5,+0.5 QW +0.0 proof -1.0 blowout -1.0 weak,1,0,1,False,12,4-1,W4,0.0,0.0,False,False,False,0.02612164316204299,-0.021216407355021217,0.004905235807021773,21.0,21.0,23.0,21.0,21.0,21,3,fight record,score order #21,4-1,0
Alden Coria,1535.9421051552422,2026-10-03,Flyweight,1,False,0.0,1535.9421051552422,-1.0,+0.0 QW +0.0 proof -1.0 blowout -0.0 weak,0,0,0,False,4,3-1,L1,0.10625000000000001,0.0,False,False,False,0.00445117781234059,0.0,0.00445117781234059,22.0,18.0,24.0,22.0,22.0,22,3,fight record,score order #22,3-1,0
Jafel Filho,1547.4612632683784,2026-04-25,Flyweight,162,False,0.0,1547.4612632683784,-2.0,+0.0 QW +0.0 proof -1.0 blowout -1.0 weak,0,0,0,False,6,3-2,L1,0.0,0.0,False,False,False,0.038176363236446804,-0.042432814710042434,-0.004256451473595629,23.0,22.0,25.0,23.0,23.0,23,3,fight record,score order #23,3-2,0
Nyamjargal Tumendemberel,1532.9014208497154,2026-03-07,Flyweight,211,False,0.0,1532.9014208497154,-1.0,+0.0 QW +0.0 proof -0.0 blowout -1.0 weak,0,0,0,False,3,2-1,W2,0.0,0.0,False,False,False,-0.004451177812339925,0.0,-0.004451177812339925,24.0,22.0,25.0,24.0,24.0,24,3,fight record,score order #24,2-1,0
Fabia Sintes,1517.873043778473,2026-09-05,Flyweight,29,False,0.0,1517.873043778473,0.0,+0.0 QW +0.0 proof -0.0 blowout -0.0 weak,0,0,0,False,1,1-0,W1,0.0,0.0,False,False,False,-0.0484504699804935,0.042432814710042434,-0.006017655270451068,25.0,18.0,27.0,25.0,25.0,25,3,fight record,score order #25,1-0,0
Alex Perez,1586.7420066772906,2026-08-29,Flyweight,36,False,0.0,1586.7420066772906,-1.4,+2.6 QW +0.0 proof -0.0 blowout -4.0 weak,4,2,4,False,16,2-3,L1,0.039311974789915966,0.15,False,False,False,0.1531804583318676,-0.016973125884016966,-0.013792667552149362,26.0,22.0,26.0,26.0,26.0,26,3,fight record,score order #26,2-3,2
Joseph Morales,1574.9308365593558,2026-09-12,Flyweight,22,False,0.0,1574.9308365593558,-1.0,+0.0 QW +0.0 proof -0.0 blowout -1.0 weak,0,0,0,False,6,2-3,L1,0.07083333333333335,0.15,False,False,False,0.11860033551466605,0.0,-0.03139966448533395,27.0,26.0,27.0,27.0,27.0,27,3,fight record,score order #27,2-3,0
Lucas Rocha,1502.3301204143606,2025-10-11,Flyweight,358,False,0.0,1502.3301204143606,-1.0,+0.0 QW +0.0 proof -0.0 blowout -1.0 weak,0,0,0,False,2,1-1,W1,0.0,0.0,False,False,False,-0.09395622372907585,0.0,-0.09395622372907585,28.0,28.0,30.0,28.0,28.0,28,3,fight record,score order #28,1-1,0
HyunSung Park,1515.2178721972193,2025-10-18,Flyweight,351,False,0.0,1515.2178721972193,-2.0,+0.0 QW +0.0 proof -1.0 blowout -1.0 weak,0,0,0,False,5,3-2,L2,0.0,0.0,False,False,False,-0.05622414172204892,-0.042432814710042434,-0.09865695643209135,29.0,29.0,31.0,29.0,29.0,29,3,fight record,score order #29,3-2,0
Steve Erceg,1526.8990576542185,2026-07-25,Flyweight,71,False,0.0,1526.8990576542185,0.6000000000000001,+2.1 QW +0.5 proof -2.0 blowout -0.0 weak,3,2,3,False,9,2-3,L1,0.09380341880341882,0.15,False,False,False,-0.02202458116029071,0.06789250353606789,-0.10413207762422282,30.0,28.0,31.0,30.0,30.0,30,3,fight record,score order #30,2-3,2
Charles Johnson,1541.5413821838613,2026-08-15,Flyweight,50,False,0.0,1541.5413821838613,-4.0,+0.0 QW +0.0 proof -1.0 blowout -3.0 weak,0,0,0,False,16,3-2,W1,0.03333333333333333,0.0,False,False,False,0.020844446675954184,-0.12729844413012728,-0.1064539974541731,31.0,28.0,37.0,31.0,31.0,31,3,fight record,score order #31,3-2,0
Lone'er Kavanagh,1475.5933772148883,2026-07-11,Flyweight,85,False,0.0,1475.5933772148883,0.0,+1.0 QW +0.0 proof -0.0 blowout -1.0 weak,1,1,1,False,5,3-2,L1,0.13884615384615384,0.0,False,False,False,-0.17223465459900503,0.042432814710042434,-0.1298018398889626,32.0,30.0,34.0,32.0,32.0,32,3,fight record,score order #32,3-2,1
Mitch Raposo,1499.7638012210216,2026-06-20,Flyweight,106,False,0.0,1499.7638012210216,-2.0,+0.0 QW +0.0 proof -1.0 blowout -1.0 weak,0,0,0,False,4,2-2,W2,0.0,0.0,False,False,False,-0.10146975812132475,-0.042432814710042434,-0.14390257283136718,33.0,32.0,34.0,33.0,33.0,33,3,fight record,score order #33,2-2,0
Michael Aljarouj,1482.126956221527,2026-09-05,Flyweight,29,False,0.0,1482.126956221527,-1.0,+0.0 QW +0.0 proof -0.0 blowout -1.0 weak,0,0,0,False,1,0-1,L1,0.0,0.0,False,False,False,-0.1531059855315441,0.0,-0.1531059855315441,34.0,32.0,35.0,34.0,34.0,34,3,fight record,score order #34,0-1,0
Jesus Aguilar,1495.7794766765069,2026-03-07,Flyweight,211,False,0.0,1495.7794766765069,-2.0,+0.0 QW +0.0 proof -1.0 blowout -1.0 weak,0,0,0,False,7,3-2,L1,0.0,0.0,False,False,False,-0.11313485401929158,-0.042432814710042434,-0.155567668729334,35.0,33.0,36.0,35.0,35.0,35,3,fight record,score order #35,3-2,0
Alibi Idiris,1477.4835212673972,2026-02-21,Flyweight,225,False,0.0,1477.4835212673972,-1.0,+0.0 QW +0.0 proof -0.0 blowout -1.0 weak,0,0,0,False,2,1-1,W1,0.0,0.0,False,False,False,-0.1667007902294864,0.0,-0.1667007902294864,36.0,33.0,36.0,36.0,36.0,36,3,fight record,score order #36,1-1,0
Rafael Estevam,1470.8743298162929,2026-04-04,Flyweight,183,False,0.0,1470.8743298162929,-1.0,+0.0 QW +0.0 proof -0.0 blowout -1.0 weak,0,0,0,False,4,3-1,L1,0.14791666666666667,0.0,False,False,False,-0.1860508334360057,0.0,-0.1860508334360057,37.0,36.0,37.0,37.0,37.0,37,3,fight record,score order #37,3-1,0
Namsrai Batbayar,1459.4528672645765,2026-08-29,Flyweight,36,False,0.0,1459.4528672645765,-1.0,+0.0 QW +0.0 proof -0.0 blowout -1.0 weak,0,0,0,False,1,0-1,L1,0.0,0.0,False,False,False,-0.2194899909324077,0.0,-0.2194899909324077,38.0,38.0,39.0,38.0,38.0,38,3,fight record,score order #38,0-1,0
Terrance Saeteurn,1467.154788224655,2025-08-23,Flyweight,407,False,12.0,1455.154788224655,-1.0,+0.0 QW +0.0 proof -1.0 blowout -0.0 weak,0,0,0,False,1,0-1,L1,0.0,0.0,False,False,False,-0.23207368074421045,0.0,-0.23207368074421045,39.0,39.0,40.0,39.0,39.0,39,3,fight record,score order #39,0-1,0
Felipe Bunes,1484.0209901136795,2026-02-28,Flyweight,218,False,0.0,1484.0209901136795,-3.0,+0.0 QW +0.0 proof -0.0 blowout -3.0 weak,0,0,0,False,4,1-3,L2,0.16875,0.0,False,False,False,-0.14756073269405234,-0.08486562942008487,-0.2324263621141372,40.0,38.0,41.0,40.0,40.0,40,3,fight record,score order #40,1-3,0
Nilson Rojas,1455.0,2026-08-29,Flyweight,36,False,0.0,1455.0,-1.0,+0.0 QW +0.0 proof -0.0 blowout -1.0 weak,0,0,0,False,1,0-1,L1,0.42500000000000004,0.0,False,False,False,-0.23252686156929228,0.0,-0.23252686156929228,41.0,40.0,41.0,41.0,41.0,41,3,fight record,score order #41,0-1,0
Azat Maksum,1464.1008512230599,2025-10-25,Flyweight,344,False,0.0,1464.1008512230599,-3.0,+0.0 QW +0.0 proof -1.0 blowout -2.0 weak,0,0,0,False,4,1-3,L3,0.0,0.0,False,False,False,-0.20588186789871457,-0.08486562942008487,-0.29074749731879945,42.0,42.0,42.0,42.0,42.0,42,3,fight record,score order #42,1-3,0
Clayton Carpenter,1484.3433319790686,2026-05-09,Flyweight,148,False,0.0,1484.3433319790686,-3.0,+0.0 QW +0.0 proof -3.0 blowout -0.0 weak,0,0,0,False,5,2-3,L3,0.0,0.15,False,False,False,-0.14661699712992285,-0.08486562942008487,-0.38148262655000775,43.0,43.0,44.0,43.0,43.0,43,3,fight record,score order #43,2-3,0
Daniel Barez,1399.3285018536315,2026-05-16,Flyweight,141,False,0.0,1399.3285018536315,-2.0,+0.0 QW +0.0 proof -1.0 blowout -1.0 weak,0,0,0,False,4,1-3,L2,0.0,0.0,False,False,False,-0.39551894652756436,-0.042432814710042434,-0.4379517612376068,44.0,43.0,44.0,44.0,44.0,44,3,fight record,score order #44,1-3,0
Stewart Nicoll,1387.2518116899444,2026-07-18,Flyweight,78,False,0.0,1387.2518116899444,-4.0,+0.0 QW +0.0 proof -3.0 blowout -1.0 weak,0,0,0,False,4,0-4,L4,0.12410714285714286,0.0,False,False,False,-0.43087644497316374,-0.12729844413012728,-0.558174889103291,45.0,45.0,45.0,45.0,45.0,45,3,fight record,score order #45,0-4,0
Carlos Hernandez,1450.2543259260756,2025-05-17,Flyweight,505,False,40.0,1410.2543259260756,-3.0,+0.0 QW +0.0 proof -1.0 blowout -2.0 weak,0,0,0,False,7,2-3,L1,0.06904761904761905,0.15,False,False,False,-0.363530893309149,-0.08486562942008487,-0.5983965227292338,46.0,46.0,46.0,46.0,46.0,46,3,fight record,score order #46,2-3,0
Kevin Borjas,1395.947729216361,2026-08-29,Flyweight,36,False,0.0,1395.947729216361,-5.0,+0.0 QW +0.0 proof -2.0 blowout -3.0 weak,0,0,0,False,7,2-3,L1,0.1357142857142857,0.15,False,False,False,-0.4054169948874238,-0.16973125884016974,-0.7251482537275935,47.0,47.0,47.0,47.0,47.0,47,3,fight record,score order #47,2-3,0
Ode Osbourne,1449.34196209877,2026-02-21,Flyweight,225,False,0.0,1449.34196209877,-4.0,+0.0 QW +0.0 proof -2.0 blowout -2.0 weak,0,0,0,False,13,1-4,L2,0.09010989010989011,0.6,False,False,False,-0.24909216742597626,-0.12729844413012728,-0.9763906115561035,48.0,48.0,49.0,48.0,48.0,48,3,fight record,score order #48,1-4,0
Jimmy Flick,1454.488067019166,2025-04-26,Flyweight,526,False,46.0,1408.488067019166,-2.0,+0.0 QW +0.0 proof -1.0 blowout -1.0 weak,0,0,0,False,6,1-4,L2,0.2111111111111111,0.6,False,False,False,-0.3687020532635015,-0.042432814710042434,-1.011134867973544,49.0,48.0,50.0,49.0,49.0,49,3,fight record,score order #49,1-4,0
Bruno Silva,1480.3726011820393,2026-06-06,Flyweight,120,False,0.0,1480.3726011820393,-7.05,+0.9 QW +0.0 proof -5.0 blowout -3.0 weak,3,0,2,False,23,1-4,L2,0.07095410628019323,0.6,False,False,False,-0.15824229396878736,-0.2567185289957567,-1.014960822964544,50.0,48.0,52.0,50.0,50.0,50,3,fight record,score order #50,1-4,0
Matt Schnell,1405.1658851592804,2026-06-06,Flyweight,120,False,0.0,1405.1658851592804,-3.25,+0.8 QW +0.0 proof -2.0 blowout -2.0 weak,3,1,3,False,17,1-4,L2,0.17892156862745098,0.6,False,False,False,-0.37842856262614977,-0.09547383309759547,-1.0739023957237452,51.0,50.0,53.0,51.0,51.0,51,3,fight record,score order #51,1-4,1
Luis Gurule,1413.6370203571253,2026-05-30,Flyweight,127,False,0.0,1413.6370203571253,-4.0,+0.0 QW +0.0 proof -2.0 blowout -2.0 weak,0,0,0,False,5,1-4,L1,0.135,0.6,False,False,False,-0.3536272184225142,-0.12729844413012728,-1.0809256625526413,52.0,51.0,52.0,52.0,52.0,52,3,fight record,score order #52,1-4,0
Cody Durden,1435.598839141232,2026-07-11,Flyweight,85,False,0.0,1435.598839141232,-6.5,+0.5 QW +0.0 proof -2.0 blowout -5.0 weak,1,0,1,False,17,1-4,L1,0.05764129181084198,0.6,False,False,False,-0.2893285601811642,-0.23338048090523336,-1.1227090410863976,53.0,51.0,53.0,53.0,53.0,53,3,fight record,score order #53,1-4,0
Ciryl Gane,1812.43989390327,2026-06-14,Heavyweight,112,False,0.0,1812.43989390327,6.15,+6.2 QW +0.0 proof -0.0 blowout -0.0 weak,8,8,8,True,14,4-1,W3,0.0,0.0,True,False,False,0.8098563850064346,0.31268221574344024,1.1225386007498748,,0.0,0.0,,,0,0,title holder or reserved,title holder,4-1,8
Tom Aspinall,1753.8630027504323,2024-07-27,Heavyweight,344,True,0.0,1753.8630027504323,4.425,+4.4 QW +0.0 proof -0.0 blowout -0.0 weak,6,4,5,True,10,4-1,W3,0.02382352941176471,0.0,False,False,True,0.647479379915632,0.2372448979591837,0.8847242778748157,,0.0,0.0,,,0,2,title holder or reserved,"reserved: vacated with injury, owed a title shot",4-1,4
Alexander Volkov,1784.392509601929,2026-05-09,Heavyweight,148,False,0.0,1784.392509601929,8.1,+8.1 QW +0.0 proof -0.0 blowout -0.0 weak,11,10,11,True,19,4-1,W2,0.007894736842105265,0.0,False,False,False,0.7321081437827808,0.39795918367346944,1.1300673274562503,1.0,1.0,1.0,2.0,2.0,1,3,fight record,score order #2; title cycle -> #1,4-1,10
Josh Hokit,1660.0684229825556,2026-06-14,Heavyweight,112,False,0.0,1660.0684229825556,2.5,+2.5 QW +0.0 proof -0.0 blowout -0.0 weak,2,2,2,False,4,4-0,W4,0.0,0.0,False,False,False,0.38747782201935926,0.15306122448979592,0.5405390465091552,2.0,2.0,2.0,6.0,3.0,2,3,fight record,score order #6; head-to-head -> #3; title cycle -> #2,4-0,2
Curtis Blaydes,1729.5685758566165,2026-09-12,Heavyweight,22,False,0.0,1729.5685758566165,4.699999999999999,+6.7 QW +0.0 proof -1.0 blowout -1.0 weak,13,12,13,True,22,3-2,W1,0.045000000000000005,0.0,False,False,False,0.580134455974168,0.24927113702623904,0.8294055930004071,3.0,3.0,3.0,3.0,4.0,3,3,fight record,score order #3; head-to-head -> #4; title cycle -> #3,3-2,12
Alex Pereira,1788.9564785964471,2026-06-14,Heavyweight,112,False,0.0,1788.9564785964471,9.5,+10.5 QW +0.0 proof -1.0 blowout -0.0 weak,8,8,8,True,13,3-2,L1,0.02724358974358975,0.0,False,False,False,0.7447596109752527,0.45918367346938777,1.2039432844446405,4.0,4.0,4.0,1.0,1.0,4,3,override (config),score order #1; title cycle -> #4,3-2,8
Waldo Cortes Acosta,1709.1209333678585,2026-09-12,Heavyweight,22,False,0.0,1709.1209333678585,3.5,+4.0 QW +0.5 proof -0.0 blowout -1.0 weak,6,3,4,False,14,3-2,L2,0.0,0.0,False,False,False,0.5234529407358653,0.1967930029154519,0.7202459436513172,5.0,5.0,5.0,4.0,5.0,5,3,fight record,score order #4; head-to-head -> #5,3-2,3
Sergei Pavlovich,1690.2916552053955,2026-05-30,Heavyweight,127,False,0.0,1690.2916552053955,3.9499999999999993,+5.9 QW +0.0 proof -2.0 blowout -0.0 weak,8,6,8,True,12,3-2,W3,0.04791666666666667,0.0,False,False,False,0.471257582875972,0.21647230320699706,0.687729886082969,6.0,6.0,6.0,5.0,6.0,6,3,fight record,score order #5; head-to-head -> #6,3-2,6
Valter Walker,1645.492915861228,2026-07-25,Heavyweight,71,False,0.0,1645.492915861228,-0.25,+0.8 QW +0.0 proof -0.0 blowout -1.0 weak,2,0,1,False,6,5-0,W5,0.0,0.0,False,False,False,0.34707405276049563,0.032798833819241986,0.3798728865797376,7.0,7.0,9.0,7.0,7.0,7,3,fight record,score order #7,5-0,0
Rizvan Kuniev,1599.3894105604854,2026-07-25,Heavyweight,71,False,0.0,1599.3894105604854,2.5,+2.0 QW +0.5 proof -0.0 blowout -0.0 weak,2,2,2,False,3,2-1,W2,0.0,0.0,False,False,False,0.21927366992027603,0.15306122448979592,0.37233489441007195,8.0,7.0,10.0,8.0,8.0,8,3,fight record,score order #8,2-1,2
Mario Pinto,1628.5492654795526,2026-09-05,Heavyweight,29,False,0.0,1628.5492654795526,0.25,+0.2 QW +0.0 proof -0.0 blowout -0.0 weak,1,0,0,False,4,4-0,W4,0.0,0.0,False,False,False,0.3001057150741617,0.05466472303206998,0.3547704381062317,9.0,8.0,10.0,9.0,9.0,9,3,fight record,score order #9,4-0,0
Derrick Lewis,1624.136341489682,2026-06-14,Heavyweight,112,False,0.0,1624.136341489682,3.875,+4.9 QW +0.0 proof -1.0 blowout -0.0 weak,15,9,14,True,32,2-3,L2,0.10229933110367895,0.15,False,False,False,0.2878729494379846,0.2131924198250729,0.3510653692630574,10.0,8.0,12.0,10.0,10.0,10,3,fight record,score order #10,2-3,9
Brando Pericic,1621.5313226554536,2026-05-02,Heavyweight,155,False,0.0,1621.5313226554536,0.5,+0.5 QW +0.0 proof -0.0 blowout -0.0 weak,1,0,1,False,3,3-0,W3,0.0,0.0,False,False,False,0.28065175438679124,0.06559766763848397,0.3462494220252752,11.0,9.0,11.0,11.0,11.0,11,3,fight record,score order #11,3-0,0
Vitor Petrino,1622.6950241114116,2026-08-22,Heavyweight,43,False,0.0,1622.6950241114116,-1.0,+1.0 QW +0.0 proof -1.0 blowout -1.0 weak,1,1,1,False,10,4-1,W4,0.061250000000000006,0.0,False,False,False,0.2838775718298039,0.0,0.2838775718298039,12.0,11.0,12.0,12.0,12.0,12,3,fight record,score order #12,4-1,1
Anthony Wint,1584.2039558783622,2026-10-03,Heavyweight,1,False,0.0,1584.2039558783622,0.0,+0.0 QW +0.0 proof -0.0 blowout -0.0 weak,0,0,0,False,2,2-0,W2,0.0,0.0,False,False,False,0.17717910662582534,0.043731778425655975,0.22091088505148132,13.0,13.0,13.0,13.0,13.0,13,3,fight record,score order #13,2-0,0
Gokhan Saricam,1557.344706012398,2026-04-18,Heavyweight,169,False,0.0,1557.344706012398,0.0,+0.0 QW +0.0 proof -0.0 blowout -0.0 weak,0,0,0,False,1,1-0,W1,0.0,0.0,False,False,False,0.10272441184113107,0.043731778425655975,0.14645619026678705,14.0,14.0,14.0,14.0,14.0,14,3,fight record,score order #14,1-0,0
Jovan Leka,1545.0,2026-08-01,Heavyweight,64,False,0.0,1545.0,0.0,+0.0 QW +0.0 proof -0.0 blowout -0.0 weak,0,0,0,False,1,1-0,W1,0.0,0.0,False,False,False,0.0685044941983608,0.043731778425655975,0.11223627262401678,15.0,15.0,15.0,15.0,15.0,15,3,fight record,score order #15,1-0,0
RJ Harris,1543.5622025795049,2026-07-18,Heavyweight,78,False,0.0,1543.5622025795049,0.0,+0.0 QW +0.0 proof -0.0 blowout -0.0 weak,0,0,0,False,1,1-0,W1,0.0,0.0,False,False,False,0.06451887402507216,0.043731778425655975,0.10825065245072812,16.0,16.0,16.099999999999994,16.0,16.0,16,3,fight record,score order #16,1-0,0
Jose Montanha,1542.3810973520845,2026-08-08,Heavyweight,57,False,0.0,1542.3810973520845,0.0,+0.0 QW +0.0 proof -0.0 blowout -0.0 weak,0,0,0,False,1,1-0,W1,0.0,0.0,False,False,False,0.06124481277410518,0.043731778425655975,0.10497659119976116,17.0,17.0,18.0,17.0,17.0,17,3,fight record,score order #17,1-0,0
Steven Asplund,1543.2127998719893,2026-08-08,Heavyweight,57,False,0.0,1543.2127998719893,-1.0,+0.0 QW +0.0 proof -0.0 blowout -1.0 weak,0,0,0,False,3,2-1,W1,0.0,0.0,False,False,False,0.06355031860841547,0.0,0.06355031860841547,18.0,18.0,20.0,18.0,18.0,18,3,fight record,score order #18,2-1,0
Mick Parkin,1558.2901105231776,2026-10-03,Heavyweight,1,False,0.0,1558.2901105231776,-2.0,+0.0 QW +0.0 proof -1.0 blowout -1.0 weak,0,0,0,False,6,3-2,L2,0.06851851851851852,0.0,False,False,False,0.10534510321000518,-0.043731778425655975,0.0616133247843492,19.0,16.900000000000002,19.0,19.0,19.0,19,3,fight record,score order #19,3-2,0
Ryan Spann,1550.548208263371,2026-09-05,Heavyweight,29,False,0.0,1550.548208263371,-1.925,+1.1 QW +0.0 proof -0.0 blowout -3.0 weak,4,1,2,False,17,3-2,L1,0.1073529411764706,0.0,False,False,False,0.0838843039440778,-0.040451895043731784,0.04343240890034601,20.0,19.0,21.0,20.0,20.0,20,3,fight record,score order #20,3-2,1
Serghei Spivac,1564.9818697431167,2026-08-22,Heavyweight,43,False,0.0,1564.9818697431167,0.20000000000000018,+3.2 QW +0.0 proof -2.0 blowout -1.0 weak,6,3,6,True,16,2-3,L1,0.08481570512820513,0.15,False,False,False,0.12389487257361591,0.05247813411078719,0.026373006684403094,21.0,20.0,23.0,21.0,21.0,21,3,fight record,score order #21,2-3,3
Shamil Gaziev,1549.2187598948926,2026-08-22,Heavyweight,43,False,0.0,1549.2187598948926,-2.75,+0.2 QW +0.0 proof -1.0 blowout -2.0 weak,1,0,0,False,7,3-2,W1,0.17023809523809527,0.0,False,False,False,0.08019903078860911,-0.07653061224489796,0.003668418543711152,22.0,21.0,27.0,22.0,22.0,22,3,fight record,score order #22,3-2,0
Hamdy Abdelwahab,1520.2872625166747,2025-10-25,Heavyweight,344,False,0.0,1520.2872625166747,-1.0,+0.0 QW +0.0 proof -0.0 blowout -1.0 weak,0,0,0,False,4,2-2,W1,0.0,0.0,False,False,False,0.0,0.0,0.0,23.0,22.0,24.0,23.0,23.0,23,3,fight record,score order #23,2-2,0
Tyrell Fortune,1481.6864737528451,2026-07-25,Heavyweight,71,False,0.0,1481.6864737528451,0.0,+1.0 QW +0.0 proof -0.0 blowout -1.0 weak,1,1,1,False,2,1-1,L1,0.3375,0.0,False,False,False,-0.10700261400454503,0.043731778425655975,-0.06327083557888905,24.0,23.0,31.0,28.0,24.0,24,3,fight record,score order #28; head-to-head -> #24,1-1,1
Marcin Tybura,1574.9333741485018,2026-08-01,Heavyweight,64,False,0.0,1574.9333741485018,-1.0750000000000002,+2.9 QW +0.0 proof -3.0 blowout -1.0 weak,8,3,7,True,25,2-3,L3,0.07934782608695652,0.15,False,False,False,0.15148075925507523,-0.003279883381924206,-0.001799124126848961,25.0,22.0,26.0,24.0,25.0,25,3,fight record,score order #24; head-to-head -> #25,2-3,3
Martin Buday,1525.9755034515726,2025-07-26,Heavyweight,435,False,20.0,1505.9755034515726,-0.75,+0.2 QW +0.0 proof -0.0 blowout -1.0 weak,1,0,0,False,8,4-1,W3,0.053125000000000006,0.0,False,False,False,-0.03967265125950322,0.010932944606413994,-0.028739706653089225,26.0,23.0,26.0,25.0,26.0,26,3,fight record,score order #25; head-to-head -> #26,4-1,0
Tanner Boser,1559.5860890450167,2026-04-18,Heavyweight,169,False,0.0,1559.5860890450167,-0.925,+0.1 QW +0.0 proof -0.0 blowout -1.0 weak,1,0,0,False,11,2-3,L1,0.1,0.15,False,False,False,0.1089375968862087,0.0032798833819241966,-0.037782519731867095,27.0,25.0,28.0,26.0,27.0,27,3,fight record,score order #26; head-to-head -> #27,2-3,0
Ante Delija,1505.6863726541578,2026-02-21,Heavyweight,225,False,0.0,1505.6863726541578,-1.0,+1.0 QW +0.0 proof -1.0 blowout -1.0 weak,1,1,1,False,3,1-2,L2,0.17575757575757578,0.0,False,False,False,-0.040474131024641986,0.0,-0.040474131024641986,28.0,26.0,27.0,27.0,28.0,28,3,fight record,score order #27; head-to-head -> #28,1-2,1
Tallison Teixeira,1504.703823461097,2026-05-30,Heavyweight,127,False,0.0,1504.703823461097,-1.5,+0.5 QW +0.0 proof -2.0 blowout -0.0 weak,1,0,1,False,4,2-2,L1,0.11250000000000002,0.0,False,False,False,-0.043197788634044915,-0.021865889212827987,-0.0650636778468729,29.0,28.0,30.0,29.0,29.0,29,3,fight record,score order #29,2-2,0
Gable Steveson,1496.6708966380668,2026-09-19,Heavyweight,15,False,0.0,1496.6708966380668,-1.0,+0.0 QW +0.0 proof -1.0 blowout -0.0 weak,0,0,0,False,2,1-1,L1,0.3375,0.0,False,False,False,-0.06546531724415691,0.0,-0.06546531724415691,30.0,29.0,30.0,30.0,30.0,30,3,fight record,score order #30,1-1,0
Denzel Freeman,1475.5264018296234,2026-01-24,Heavyweight,253,False,0.0,1475.5264018296234,-1.0,+0.0 QW +0.0 proof -1.0 blowout -0.0 weak,0,0,0,False,2,1-1,L1,0.21250000000000002,0.0,False,False,False,-0.1240785292733639,0.0,-0.1240785292733639,31.0,31.0,35.0,34.0,31.0,31,3,fight record,score order #34; head-to-head -> #31,1-1,0
Marek Bujlo,1483.105975628124,2025-11-22,Heavyweight,316,False,0.0,1483.105975628124,-1.0,+0.0 QW +0.0 proof -0.0 blowout -1.0 weak,0,0,0,False,1,0-1,L1,0.0,0.0,False,False,False,-0.10306770966441599,0.0,-0.10306770966441599,32.0,32.0,36.0,31.0,32.0,32,3,fight record,score order #31; head-to-head -> #32,0-1,0
Guilherme Pat,1494.7851568657964,2026-08-08,Heavyweight,57,False,0.0,1494.7851568657964,-2.0,+0.0 QW +0.0 proof -0.0 blowout -2.0 weak,0,0,0,False,3,1-2,L2,0.0,0.0,False,False,False,-0.07069264786166869,-0.043731778425655975,-0.11442442628732466,33.0,31.0,34.0,32.0,33.0,33,3,fight record,score order #32; head-to-head -> #33,1-2,0
Robelis Despaigne,1491.8010335782697,2026-09-19,Heavyweight,15,False,0.0,1491.8010335782697,-2.0,+0.0 QW +0.0 proof -1.0 blowout -1.0 weak,0,0,0,False,4,2-2,W1,0.0,0.0,False,False,False,-0.07896473251337918,-0.043731778425655975,-0.12269651093903516,34.0,33.0,35.0,33.0,34.0,34,3,fight record,score order #33; head-to-head -> #34,2-2,0
Jhonata Diniz,1490.760543324625,2025-10-11,Heavyweight,358,False,0.0,1490.760543324625,-2.0,+0.0 QW +0.0 proof -0.0 blowout -2.0 weak,0,0,0,False,5,3-2,L1,0.19954545454545455,0.0,False,False,False,-0.08184900458531585,-0.043731778425655975,-0.12558078301097184,35.0,34.0,36.0,35.0,35.0,35,3,fight record,score order #35,3-2,0
Allen Frye Jr.,1469.0100417050617,2025-12-13,Heavyweight,295,False,0.0,1469.0100417050617,-1.0,+0.0 QW +0.0 proof -1.0 blowout -0.0 weak,0,0,0,False,1,0-1,L1,0.0,0.0,False,False,False,-0.14214208676668788,0.0,-0.14214208676668788,36.0,33.0,38.0,36.0,36.0,36,3,fight record,score order #36,0-1,0
Kennedy Nzechukwu,1550.7552849827946,2026-08-22,Heavyweight,43,False,0.0,1550.7552849827946,-2.85,+0.1 QW +0.0 proof -2.0 blowout -1.0 weak,1,0,0,False,16,2-3,L2,0.10212339743589745,0.15,False,False,False,0.08445832719560725,-0.08090379008746357,-0.1464454628918563,37.0,30.0,43.0,37.0,37.0,37,3,fight record,score order #37,2-3,0
Mohammed Usman,1509.106510031418,2025-06-21,Heavyweight,470,False,30.0,1479.106510031418,-2.0,+0.0 QW +0.0 proof -1.0 blowout -1.0 weak,0,0,0,False,6,3-2,W1,0.0,0.0,False,False,False,-0.11415435548627005,-0.043731778425655975,-0.15788613391192602,38.0,37.0,41.0,38.0,38.0,38,3,fight record,score order #38,3-2,0
Lucas Armand,1460.7960441216378,2026-10-03,Heavyweight,1,False,0.0,1460.7960441216378,-1.0,+0.0 QW +0.0 proof -1.0 blowout -0.0 weak,0,0,0,False,1,0-1,L1,0.5916666666666667,0.0,False,False,False,-0.16491154928287746,0.0,-0.16491154928287746,39.0,37.0,39.0,39.0,39.0,39,3,fight record,score order #39,0-1,0
Alexander Poppeck,1455.0,2026-08-01,Heavyweight,64,False,0.0,1455.0,-1.0,+0.0 QW +0.0 proof -1.0 blowout -0.0 weak,0,0,0,False,1,0-1,L1,0.42500000000000004,0.0,False,False,False,-0.18097836790918664,0.0,-0.18097836790918664,40.0,39.0,41.0,40.0,40.0,40,3,fight record,score order #40,0-1,0
Terrance Chatman,1455.0,2026-08-22,Heavyweight,43,False,0.0,1455.0,-1.0,+0.0 QW +0.0 proof -1.0 blowout -0.0 weak,0,0,0,False,1,0-1,L1,0.0,0.0,False,False,False,-0.18097836790918664,0.0,-0.18097836790918664,41.0,38.0,43.0,41.0,41.0,41,3,fight record,score order #41,0-1,0
Max Gimenis,1455.0,2025-11-08,Heavyweight,330,False,0.0,1455.0,-1.0,+0.0 QW +0.0 proof -1.0 blowout -0.0 weak,0,0,0,False,1,0-1,L1,0.42500000000000004,0.0,False,False,False,-0.18097836790918664,0.0,-0.18097836790918664,42.0,39.0,42.0,42.0,42.0,42,3,fight record,score order #42,0-1,0
Marcus Buchecha,1466.2140789627867,2026-04-25,Heavyweight,162,False,0.0,1466.2140789627867,-2.0,+0.0 QW +0.0 proof -0.0 blowout -2.0 weak,0,0,0,False,3,0-2,L2,0.2299019607843137,0.0,False,False,False,-0.14989258440323028,-0.043731778425655975,-0.19362436282888626,43.0,40.0,43.0,43.0,43.0,43,3,fight record,score order #43,0-2,0
Sean Sharaf,1454.6675397380595,2026-09-19,Heavyweight,15,False,0.0,1454.6675397380595,-2.0,+0.0 QW +0.0 proof -0.0 blowout -2.0 weak,0,0,0,False,3,1-2,W1,0.33888888888888885,0.0,False,False,False,-0.18189995832791925,-0.043731778425655975,-0.22563173675357523,44.0,44.0,44.0,44.0,44.0,44,3,fight record,score order #44,1-2,0
Alvin Hines,1445.3330844878947,2026-07-18,Heavyweight,78,False,0.0,1445.3330844878947,-2.0,+0.0 QW +0.0 proof -1.0 blowout -1.0 weak,0,0,0,False,2,0-2,L2,0.21250000000000002,0.0,False,False,False,-0.2077753651282076,-0.043731778425655975,-0.25150714355386355,45.0,45.0,45.0,45.0,45.0,45,3,fight record,score order #45,0-2,0
Louie Sutherland,1437.3760284017856,2026-08-08,Heavyweight,57,False,0.0,1437.3760284017856,-3.0,+0.0 QW +0.0 proof -3.0 blowout -0.0 weak,0,0,0,False,4,1-3,L1,0.10625000000000001,0.0,False,False,False,-0.22983257764279405,-0.08746355685131195,-0.317296134494106,46.0,46.0,47.0,46.0,46.0,46,3,fight record,score order #46,1-3,0
Elisha Ellison,1415.7960441216378,2026-07-11,Heavyweight,85,False,0.0,1415.7960441216378,-2.0,+0.0 QW +0.0 proof -2.0 blowout -0.0 weak,0,0,0,False,2,0-2,L2,0.42500000000000004,0.0,False,False,False,-0.2896529803366512,-0.043731778425655975,-0.33338475876230717,47.0,46.0,47.0,47.0,47.0,47,3,fight record,score order #47,0-2,0
Chris Barnett,1455.8882041329407,2025-10-25,Heavyweight,344,False,0.0,1455.8882041329407,-2.0,+0.0 QW +0.0 proof -1.0 blowout -1.0 weak,0,0,0,False,6,2-3,L2,0.09006410256410256,0.15,False,False,False,-0.17851623780672224,-0.043731778425655975,-0.37224801623237824,48.0,48.0,49.0,48.0,48.0,48,3,fight record,score order #48,2-3,0
Thomas Petersen,1474.9475958176054,2026-07-25,Heavyweight,71,False,0.0,1474.9475958176054,-4.0,+0.0 QW +0.0 proof -2.0 blowout -2.0 weak,0,0,0,False,7,2-3,L1,0.17539682539682538,0.15,False,False,False,-0.12568299794540078,-0.13119533527696794,-0.40687833322236877,49.0,48.0,49.0,49.0,49.0,49,3,fight record,score order #49,2-3,0
Tai Tuivasa,1519.5207083068647,2026-09-19,Heavyweight,15,False,0.0,1519.5207083068647,-3.425,+1.6 QW +0.0 proof -2.0 blowout -3.0 weak,4,2,3,False,19,0-5,L8,0.03559556786703602,0.8,False,False,False,-0.0021249126469332314,-0.10604956268221574,-0.908174475329149,50.0,50.0,50.0,50.0,50.0,50,3,fight record,score order #50,0-5,2
Don'Tale Mayes,1434.7508247225396,2025-05-03,Heavyweight,519,False,44.0,1390.7508247225396,-3.85,+0.1 QW +0.0 proof -3.0 blowout -1.0 weak,1,0,0,False,12,1-4,L3,0.0,0.6,False,False,False,-0.3590791249788566,-0.12463556851311954,-1.0837146934919761,51.0,51.0,51.0,51.0,51.0,51,3,fight record,score order #51,1-4,0
Lukasz Brzeski,1381.5634639823481,2025-07-19,Heavyweight,442,False,22.0,1359.5634639823481,-3.0,+0.0 QW +0.0 proof -3.0 blowout -0.0 weak,0,0,0,False,7,1-4,L3,0.2602040816326531,0.6,False,False,False,-0.4455314807460069,-0.08746355685131195,-1.1329950375973188,52.0,52.0,52.0,52.0,52.0,52,3,fight record,score order #52,1-4,0
Austen Lane,1355.2145458181037,2026-03-21,Heavyweight,197,False,0.0,1355.2145458181037,-4.0,+0.0 QW +0.0 proof -2.0 blowout -2.0 weak,0,0,0,False,7,1-4,L3,0.25079365079365085,0.6,False,False,False,-0.4575868201980869,-0.13119533527696794,-1.1887821554750548,53.0,53.0,53.0,53.0,53.0,53,3,fight record,score order #53,1-4,0
Carlos Ulberg,1712.0009916017073,2026-04-11,Light Heavyweight,176,False,0.0,1712.0009916017073,5.5,+5.5 QW +0.0 proof -0.0 blowout -0.0 weak,5,4,5,True,11,5-0,W10,0.06136363636363637,0.0,True,False,False,0.4903358496277295,0.3436123348017622,0.8339481844294917,,0.0,0.0,,,0,0,title holder or reserved,title holder,5-0,4
Magomed Ankalaev,1739.2158504309587,2026-07-25,Light Heavyweight,71,False,0.0,1739.2158504309587,7.199999999999999,+8.2 QW +0.0 proof -1.0 blowout -0.0 weak,8,8,8,True,17,4-1,W1,0.0,0.0,False,False,False,0.5699982209251458,0.4334801762114538,1.0034783971365997,1.0,1.0,1.0,1.0,1.0,1,3,fight record,score order #1,4-1,8
Paulo Costa,1725.4990657826274,2026-04-11,Light Heavyweight,176,False,0.0,1725.4990657826274,2.825,+2.3 QW +0.5 proof -0.0 blowout -0.0 weak,5,3,4,False,12,3-2,W2,0.008333333333333331,0.0,False,False,False,0.5298469345077575,0.2022026431718062,0.7320495776795637,2.0,2.0,2.0,3.0,3.0,2,3,override (config),score order #3; title cycle -> #2,3-2,3
Navajo Stirling,1673.4627509091868,2026-08-01,Light Heavyweight,64,False,0.0,1673.4627509091868,1.5,+1.5 QW +0.0 proof -0.0 blowout -0.0 weak,1,1,1,False,6,5-0,W6,0.0,0.0,False,False,False,0.37752807581348574,0.13215859030837007,0.5096866661218558,3.0,3.0,5.0,4.0,4.0,3,3,fight record,score order #4; title cycle -> #3,5-0,1
Jiri Prochazka,1729.9315132954748,2026-04-11,Light Heavyweight,176,False,0.0,1729.9315132954748,4.45,+6.5 QW +0.0 proof -2.0 blowout -0.0 weak,6,6,6,True,9,3-2,L1,0.03333333333333334,0.0,False,False,False,0.5428214379486953,0.2881057268722468,0.8309271648209421,4.0,4.0,4.0,2.0,2.0,4,3,fight record,score order #2; title cycle -> #4,3-2,6
Dominick Reyes,1660.5531918771746,2026-04-11,Light Heavyweight,176,False,0.0,1660.5531918771746,1.9,+2.9 QW +0.0 proof -1.0 blowout -0.0 weak,6,4,6,True,15,4-1,W1,0.1196969696969697,0.0,False,False,False,0.3397396716425738,0.15330396475770927,0.49304363640028304,5.0,5.0,6.0,5.0,5.0,5,3,fight record,score order #5,4-1,4
Volkan Oezdemir,1636.8469303387308,2025-11-22,Light Heavyweight,316,False,0.0,1636.8469303387308,2.75,+3.8 QW +0.0 proof -1.0 blowout -0.0 weak,8,7,8,True,16,3-2,W1,0.04739583333333334,0.0,False,False,False,0.270347542122528,0.1982378854625551,0.4685854275850831,6.0,3.0,7.0,6.0,6.0,6,3,fight record,score order #6,3-2,7
Azamat Murzakanov,1668.272939072944,2026-04-11,Light Heavyweight,176,False,0.0,1668.272939072944,0.8,+1.8 QW +0.0 proof -0.0 blowout -1.0 weak,3,1,3,False,7,4-1,L1,0.0379120879120879,0.0,False,False,False,0.3623366423375152,0.09515418502202645,0.45749082735954166,7.0,6.0,9.0,7.0,7.0,7,3,fight record,score order #7,4-1,1
Bogdan Guskov,1640.6524981683206,2026-07-25,Light Heavyweight,71,False,0.0,1640.6524981683206,2.0,+1.5 QW +0.5 proof -0.0 blowout -0.0 weak,2,1,2,False,7,4-1,L1,0.037301587301587294,0.0,False,False,False,0.28148706554759306,0.1585903083700441,0.4400773739176371,8.0,8.0,8.0,8.0,8.0,8,3,fight record,score order #8,4-1,1
Khalil Rountree Jr.,1618.9329853303846,2025-10-04,Light Heavyweight,365,False,0.0,1618.9329853303846,3.1,+3.1 QW +0.0 proof -0.0 blowout -0.0 weak,4,2,4,False,18,3-2,L1,0.05735294117647059,0.0,False,False,False,0.21791047648827544,0.2167400881057269,0.4346505645940023,9.0,7.0,9.0,9.0,9.0,9,3,fight record,score order #9,3-2,2
Reinier de Ridder,1632.3918622240137,2026-08-22,Light Heavyweight,43,False,0.0,1632.3918622240137,0.5,+2.5 QW +0.0 proof -1.0 blowout -1.0 weak,4,1,2,False,7,3-2,W1,0.07781954887218046,0.0,False,False,False,0.25730682445661784,0.07929515418502205,0.3366019786416399,10.0,10.0,10.0,10.0,10.0,10,3,override (config),score order #10,3-2,1
Abdul Rakhman Yakhyaev,1613.6775952285461,2026-06-27,Light Heavyweight,99,False,0.0,1613.6775952285461,0.0,+0.0 QW +0.0 proof -0.0 blowout -0.0 weak,0,0,0,False,3,3-0,W3,0.0,0.0,False,False,False,0.2025270846348724,0.052863436123348026,0.25539052075822044,11.0,11.0,11.0,11.0,11.0,11,3,fight record,score order #11,3-0,0
Johnny Walker,1659.4984518966794,2026-10-03,Light Heavyweight,1,False,0.0,1659.4984518966794,-0.5500000000000003,+2.3 QW +0.1 proof -2.0 blowout -1.0 weak,5,2,5,True,17,2-3,W1,0.11624649859943978,0.15,False,False,False,0.3366522741118495,0.023788546255506596,0.2104408203673561,12.0,12.0,12.0,12.0,12.0,12,3,fight record,score order #12,2-3,2
Alonzo Menifield,1579.7898848023913,2026-09-19,Light Heavyweight,15,False,0.0,1579.7898848023913,-2.125,+0.9 QW +0.0 proof -2.0 blowout -1.0 weak,3,0,2,False,19,4-1,W2,0.09973751514335712,0.0,False,False,False,0.10333217837704221,-0.05947136563876653,0.04386081273827568,13.0,13.0,24.0,18.0,13.0,13,3,fight record,score order #18; head-to-head -> #13,4-1,0
Iwo Baraniewski,1590.4785240040887,2026-09-19,Light Heavyweight,15,False,0.0,1590.4785240040887,-1.0,+0.0 QW +0.0 proof -0.0 blowout -1.0 weak,0,0,0,False,4,3-1,L1,0.0,0.0,False,False,False,0.13461958464624332,0.0,0.13461958464624332,14.0,13.0,14.0,13.0,14.0,14,3,fight record,score order #13; head-to-head -> #14,3-1,0
Muhammad Saidov,1561.451062821295,2026-07-25,Light Heavyweight,71,False,0.0,1561.451062821295,0.25,+0.2 QW +0.0 proof -0.0 blowout -0.0 weak,1,0,0,False,1,1-0,W1,0.0,0.0,False,False,False,0.04965142790976153,0.06607929515418504,0.11573072306394656,15.0,13.0,16.0,14.0,15.0,15,3,fight record,score order #14; head-to-head -> #15,1-0,0
Nikita Krylov,1621.2064189692396,2026-07-11,Light Heavyweight,85,False,0.0,1621.2064189692396,-1.0250000000000001,+1.8 QW +0.1 proof -2.0 blowout -1.0 weak,6,3,4,False,22,2-3,L1,0.07337127158555731,0.15,False,False,False,0.22456519095123814,-0.0013215859030837078,0.07324360504815444,16.0,15.0,21.0,15.0,16.0,16,3,fight record,score order #15; head-to-head -> #16,2-3,3
Billy Elekana,1562.0293638702603,2026-01-31,Light Heavyweight,246,False,0.0,1562.0293638702603,-1.0,+0.0 QW +0.0 proof -0.0 blowout -1.0 weak,0,0,0,False,4,3-1,W3,0.0,0.0,False,False,False,0.05134421026712764,0.0,0.05134421026712764,17.0,17.0,19.0,16.0,17.0,17,3,fight record,score order #16; head-to-head -> #17,3-1,0
Jamahal Hill,1614.004328178862,2025-06-21,Light Heavyweight,470,False,30.0,1584.004328178862,0.5499999999999998,+2.5 QW +0.0 proof -2.0 blowout -0.0 weak,5,3,5,True,11,2-3,L3,0.08374125874125873,0.15,False,False,False,0.11566854782781753,0.08193832599118943,0.04760687381900697,18.0,16.0,20.0,17.0,18.0,18,3,fight record,score order #17; head-to-head -> #18,2-3,3
Jimmy Crute,1592.4611957560555,2025-09-27,Light Heavyweight,372,False,2.0,1590.4611957560555,0.075,+0.1 QW +0.0 proof -0.0 blowout -0.0 weak,1,0,0,False,12,2-3,W2,0.08656045751633985,0.15,False,False,False,0.1345688620120597,0.05682819383259913,0.04139705584465883,19.0,19.0,20.0,19.0,19.0,19,3,fight record,score order #19,2-3,0
Lucas Fernando,1540.2387238845847,2026-08-15,Light Heavyweight,50,False,0.0,1540.2387238845847,0.0,+0.0 QW +0.0 proof -0.0 blowout -0.0 weak,0,0,0,False,1,1-0,W1,0.0,0.0,False,False,False,-0.012440579660991486,0.052863436123348026,0.04042285646235654,20.0,15.0,23.0,20.0,20.0,20,3,fight record,score order #20,1-0,0
Liu Ce,1539.16393863934,2026-08-29,Light Heavyweight,36,False,0.0,1539.16393863934,0.0,+0.0 QW +0.0 proof -0.0 blowout -0.0 weak,0,0,0,False,1,1-0,W1,0.0,0.0,False,False,False,-0.015586652981043022,0.052863436123348026,0.037276783142305,21.0,16.0,24.0,21.0,21.0,21,3,fight record,score order #21,1-0,0
Dustin Jacoby,1592.2084062428944,2026-07-25,Light Heavyweight,71,False,0.0,1592.2084062428944,-3.0,+0.0 QW +0.0 proof -1.0 blowout -2.0 weak,0,0,0,False,18,3-2,L1,0.05572916666666667,0.0,False,False,False,0.13968323469393062,-0.10572687224669605,0.03395636244723457,22.0,17.0,27.0,22.0,22.0,22,3,fight record,score order #22,3-2,0
Modestas Bukauskas,1551.6487004414425,2026-09-05,Light Heavyweight,29,False,0.0,1551.6487004414425,-2.0,+0.0 QW +0.0 proof -0.0 blowout -2.0 weak,0,0,0,False,14,4-1,W2,0.17364718614718616,0.0,False,False,False,0.020958299777260835,-0.052863436123348026,-0.03190513634608719,23.0,21.0,23.0,27.0,23.0,23,3,fight record,score order #27; head-to-head -> #23,4-1,0
Christian Edwards,1553.625608470835,2026-09-26,Light Heavyweight,8,False,0.0,1553.625608470835,-1.0,+0.0 QW +0.0 proof -0.0 blowout -1.0 weak,0,0,0,False,2,1-1,W1,0.0,0.0,False,False,False,0.02674503497388202,0.0,0.02674503497388202,24.0,21.0,24.0,23.0,24.0,24,3,fight record,score order #23; head-to-head -> #24,1-1,0
Luis Hernandez,1535.4352089949427,2026-09-26,Light Heavyweight,8,False,0.0,1535.4352089949427,0.0,+0.0 QW +0.0 proof -0.0 blowout -0.0 weak,0,0,0,False,1,1-0,W1,0.0,0.0,False,False,False,-0.026501258390657804,0.052863436123348026,0.02636217773269022,25.0,18.0,25.0,24.0,25.0,25,3,fight record,score order #24; head-to-head -> #25,1-0,0
Felipe Franco,1542.8881973085472,2026-07-18,Light Heavyweight,78,False,0.0,1542.8881973085472,-1.0,+0.0 QW +0.0 proof -0.0 blowout -1.0 weak,0,0,0,False,2,1-1,W1,0.0,0.0,False,False,False,-0.004685134851721366,0.0,-0.004685134851721366,26.0,25.0,26.0,25.0,26.0,26,3,fight record,score order #25; head-to-head -> #26,1-1,0
Zhang Mingyang,1546.0893393661834,2026-05-30,Light Heavyweight,127,False,0.0,1546.0893393661834,-1.5,+0.5 QW +0.0 proof -2.0 blowout -0.0 weak,1,0,1,False,5,3-2,L2,0.24236842105263162,0.0,False,False,False,0.0046851348517207,-0.026431718061674013,-0.02174658320995331,27.0,26.0,27.0,26.0,27.0,27,3,fight record,score order #26; head-to-head -> #27,3-2,0
Jan Blachowicz,1685.4254090388602,2026-08-01,Light Heavyweight,64,False,0.0,1685.4254090388602,1.5249999999999995,+3.5 QW +0.0 proof -1.0 blowout -1.0 weak,8,6,7,True,23,1-4,L3,0.02896825396825397,0.6,False,False,False,0.4125447451855059,0.13348017621145375,-0.053975078603040294,28.0,28.0,29.0,28.0,28.0,28,3,fight record,score order #28,1-4,6
Magomed Tuchalov,1502.878168883424,2026-07-25,Light Heavyweight,71,False,0.0,1502.878168883424,0.0,+0.0 QW +0.0 proof -0.0 blowout -0.0 weak,0,0,0,False,1,1-0,W1,0.0,0.0,False,False,False,-0.12180107361222454,0.052863436123348026,-0.06893763748887652,29.0,26.0,30.0,29.0,29.0,29,3,fight record,score order #29,1-0,0
Uran Satybaldiev,1527.8954610744308,2025-08-23,Light Heavyweight,407,False,12.0,1515.8954610744308,-1.0,+0.0 QW +0.0 proof -0.0 blowout -1.0 weak,0,0,0,False,2,1-1,W1,0.0,0.0,False,False,False,-0.08369731675230077,0.0,-0.08369731675230077,30.0,29.0,30.0,30.0,30.0,30,3,fight record,score order #30,1-1,0
Ion Cutelaba,1524.0510511734872,2026-06-20,Light Heavyweight,106,False,0.0,1524.0510511734872,-2.85,+0.1 QW +0.0 proof -0.0 blowout -3.0 weak,1,0,1,False,21,3-2,L1,0.10116959064327487,0.0,False,False,False,-0.05982456214068229,-0.09779735682819386,-0.15762191896887615,31.0,31.0,32.0,31.0,31.0,31,3,fight record,score order #31,3-2,0
Rodolfo Bellato,1504.5772798637597,2026-09-26,Light Heavyweight,8,False,0.0,1504.5772798637597,-2.0,+0.0 QW +0.0 proof -1.0 blowout -1.0 weak,0,0,0,False,6,2-2,L1,0.09861111111111111,0.0,False,False,False,-0.11682749610295831,-0.052863436123348026,-0.16969093222630632,32.0,31.0,32.0,32.0,32.0,32,3,fight record,score order #32,2-2,0
Aleksandar Rakic,1653.347151812093,2026-08-01,Light Heavyweight,64,False,0.0,1653.347151812093,0.5499999999999998,+1.5 QW +0.0 proof -1.0 blowout -0.0 weak,4,2,4,False,12,1-4,W1,0.044736842105263165,0.6,False,False,False,0.3186464062741867,0.08193832599118943,-0.1994152677346238,33.0,33.0,36.0,33.0,33.0,33,3,fight record,score order #33,1-4,2
Diyar Nurgozhay,1491.1720819103512,2026-08-08,Light Heavyweight,57,False,0.0,1491.1720819103512,-2.0,+0.0 QW +0.0 proof -1.0 blowout -1.0 weak,0,0,0,False,4,2-2,W2,0.0,0.0,False,False,False,-0.15606671697784288,-0.052863436123348026,-0.2089301531011909,34.0,33.0,35.0,34.0,34.0,34,3,fight record,score order #34,2-2,0
Luke Fernandez,1456.733288496523,2026-03-07,Light Heavyweight,211,False,0.0,1456.733288496523,-1.0,+0.0 QW +0.0 proof -1.0 blowout -0.0 weak,0,0,0,False,1,0-1,L1,0.5916666666666667,0.0,False,False,False,-0.2568747338476057,0.0,-0.2568747338476057,35.0,34.0,37.0,35.0,35.0,35,3,fight record,score order #35,0-1,0
Oumar Sy,1542.7282420559748,2026-09-05,Light Heavyweight,29,False,0.0,1542.7282420559748,-3.0,+0.0 QW +0.0 proof -1.0 blowout -2.0 weak,0,0,0,False,6,2-3,L2,0.10972222222222222,0.15,False,False,False,-0.005153350204273632,-0.10572687224669605,-0.26088022245096965,36.0,34.0,37.0,36.0,36.0,36,3,fight record,score order #36,2-3,0
Rafael Cerqueira,1455.0,2025-11-22,Light Heavyweight,316,False,0.0,1455.0,-1.0,+0.0 QW +0.0 proof -1.0 blowout -0.0 weak,0,0,0,False,1,0-1,L1,0.0,0.0,False,False,False,-0.2619483545722942,0.0,-0.2619483545722942,37.0,35.0,38.0,37.0,37.0,37,3,fight record,score order #37,0-1,0
Tuco Tokkos,1475.187894244647,2026-05-16,Light Heavyweight,141,False,0.0,1475.187894244647,-3.0,+0.0 QW +0.0 proof -2.0 blowout -1.0 weak,0,0,0,False,4,1-3,L1,0.0,0.0,False,False,False,-0.20285506523648925,-0.10572687224669605,-0.3085819374831853,38.0,36.0,38.0,38.0,38.0,38,3,fight record,score order #38,1-3,0
Julius Walker,1463.2093816375707,2026-06-27,Light Heavyweight,99,False,0.0,1463.2093816375707,-3.0,+0.0 QW +0.0 proof -1.0 blowout -2.0 weak,0,0,0,False,4,1-3,L2,0.3027777777777778,0.0,False,False,False,-0.2379181432734786,-0.10572687224669605,-0.3436450155201747,39.0,39.0,40.0,39.0,39.0,39,3,fight record,score order #39,1-3,0
Kevin Christian,1434.7738898368914,2026-05-02,Light Heavyweight,155,False,0.0,1434.7738898368914,-2.0,+0.0 QW +0.0 proof -2.0 blowout -0.0 weak,0,0,0,False,2,0-2,L2,0.29583333333333334,0.0,False,False,False,-0.32115350819169014,-0.052863436123348026,-0.3740169443150382,40.0,39.0,41.0,40.0,40.0,40,3,fight record,score order #40,0-2,0
Ivan Erslan,1446.6187352646139,2026-05-16,Light Heavyweight,141,False,0.0,1446.6187352646139,-3.0,+0.0 QW +0.0 proof -1.0 blowout -2.0 weak,0,0,0,False,4,1-3,W1,0.0,0.0,False,False,False,-0.28648169598998463,-0.10572687224669605,-0.3922085682366807,41.0,40.0,42.0,41.0,41.0,41,3,fight record,score order #41,1-3,0
Rafael Tobias,1422.8623521232955,2026-08-15,Light Heavyweight,50,False,0.0,1422.8623521232955,-2.0,+0.0 QW +0.0 proof -0.0 blowout -2.0 weak,0,0,0,False,2,0-2,L2,0.21250000000000002,0.0,False,False,False,-0.35602053969154646,-0.052863436123348026,-0.4088839758148945,42.0,41.0,43.0,42.0,42.0,42,3,fight record,score order #42,0-2,0
Levi Rodrigues Jr.,1415.5218478507013,2026-08-29,Light Heavyweight,36,False,0.0,1415.5218478507013,-2.0,+0.0 QW +0.0 proof -1.0 blowout -1.0 weak,0,0,0,False,2,0-2,L2,0.5083333333333333,0.0,False,False,False,-0.3775074039278272,-0.052863436123348026,-0.43037084005117526,43.0,43.0,44.0,43.0,43.0,43,3,fight record,score order #43,0-2,0
Ibo Aslan,1475.1817086379053,2025-12-06,Light Heavyweight,302,False,0.0,1475.1817086379053,-3.0,+0.0 QW +0.0 proof -3.0 blowout -0.0 weak,0,0,0,False,5,2-3,L3,0.085,0.15,False,False,False,-0.20287317152555878,-0.10572687224669605,-0.45860004377225483,44.0,42.0,44.0,44.0,44.0,44,3,fight record,score order #44,2-3,0
Bruno Lopes,1400.1146751867486,2026-08-08,Light Heavyweight,57,False,0.0,1400.1146751867486,-3.0,+0.0 QW +0.0 proof -2.0 blowout -1.0 weak,0,0,0,False,4,1-3,L3,0.5055147058823529,0.0,False,False,False,-0.4226067343009829,-0.10572687224669605,-0.5283336065476789,45.0,45.0,45.0,45.0,45.0,45,3,fight record,score order #45,1-3,0
Marcin Prachnio,1439.6909237486598,2025-07-19,Light Heavyweight,442,False,22.0,1417.6909237486598,-2.0,+0.0 QW +0.0 proof -1.0 blowout -1.0 weak,0,0,0,False,11,2-3,L2,0.16136363636363635,0.15,False,False,False,-0.3711581617495169,-0.052863436123348026,-0.5740215978728649,46.0,46.0,47.0,46.0,46.0,46,3,fight record,score order #46,2-3,0
Rafael Cerquiera,1390.83557343466,2025-08-09,Light Heavyweight,421,False,16.0,1374.83557343466,-3.0,+0.0 QW +0.0 proof -3.0 blowout -0.0 weak,0,0,0,False,3,0-3,L3,0.3833333333333333,0.0,False,False,False,-0.4966028260123077,-0.10572687224669605,-0.6023296982590037,47.0,47.0,48.0,47.0,47.0,47,3,fight record,score order #47,0-3,0
Junior Tafa,1451.7269265477512,2026-06-06,Light Heavyweight,120,False,0.0,1451.7269265477512,-5.0,+0.0 QW +0.0 proof -2.0 blowout -3.0 weak,0,0,0,False,9,2-3,L1,0.11491228070175438,0.15,False,False,False,-0.2715291793075123,-0.2114537444933921,-0.6329829238009044,48.0,46.0,48.0,48.0,48.0,48,3,fight record,score order #48,2-3,0
Anthony Smith,1550.139675906453,2025-04-26,Light Heavyweight,526,False,46.0,1504.139675906453,-1.8250000000000002,+2.2 QW +0.0 proof -1.0 blowout -3.0 weak,7,4,6,True,25,1-4,L3,0.09878814367450732,0.6,False,False,False,-0.1181084349146164,-0.043612334801762125,-0.7617207697163785,49.0,49.0,50.0,49.0,49.0,49,3,fight record,score order #49,1-4,4
Paul Craig,1528.8069519010314,2025-09-06,Light Heavyweight,393,False,8.0,1520.8069519010314,-2.8,+1.2 QW +0.0 proof -2.0 blowout -2.0 weak,4,1,4,False,21,1-4,L4,0.1652030509173366,0.6,False,False,False,-0.06932057468256164,-0.09515418502202644,-0.764474759704588,50.0,49.0,50.0,50.0,50.0,50,3,fight record,score order #50,1-4,1
Brendson Ribeiro,1433.6967916387794,2026-07-25,Light Heavyweight,71,False,0.0,1433.6967916387794,-6.0,+0.0 QW +0.0 proof -4.0 blowout -2.0 weak,0,0,0,False,8,1-4,L4,0.18125000000000002,0.6,False,False,False,-0.32430635190549084,-0.26431718061674014,-1.188623532522231,51.0,51.0,51.0,51.0,51.0,51,3,fight record,score order #51,1-4,0
Justin Gaethje,1740.2357391971298,2026-06-14,Lightweight,112,False,0.0,1740.2357391971298,8.35,+8.3 QW +0.0 proof -0.0 blowout -0.0 weak,11,10,11,True,16,4-1,W3,0.0703125,0.0,True,False,False,0.555762673258987,0.7047738693467334,1.2605365426057205,,0.0,0.0,,,0,0,title holder or reserved,title holder,4-1,10
Charles Oliveira,1860.1619747177265,2026-03-07,Lightweight,211,False,0.0,1860.1619747177265,7.074999999999999,+7.9 QW +0.1 proof -1.0 blowout -0.0 weak,15,12,12,True,37,3-2,W2,0.03387445887445887,0.0,False,False,False,0.896134698429774,0.6086683417085424,1.5048030401383166,1.0,1.0,1.0,2.0,1.0,1,3,fight record,score order #2; head-to-head -> #1,3-2,12
Max Holloway,1872.141252915904,2026-07-11,Lightweight,85,False,0.0,1872.141252915904,7.375,+8.4 QW +0.0 proof -1.0 blowout -0.0 weak,17,15,15,True,33,3-2,W1,0.0,0.0,False,False,False,0.930134024454626,0.6312814070351757,1.5614154314898017,2.0,2.0,2.0,1.0,2.0,2,3,fight record,score order #1; head-to-head -> #2,3-2,15
Ilia Topuria,1791.8384024674406,2026-06-14,Lightweight,112,False,0.0,1791.8384024674406,6.5,+6.5 QW +0.0 proof -0.0 blowout -0.0 weak,5,5,5,True,10,4-1,L1,0.0388235294117647,0.0,False,False,False,0.7022202263146345,0.565326633165829,1.2675468594804635,3.0,3.0,3.0,3.0,3.0,3,3,fight record,score order #3,4-1,5
Arman Tsarukyan,1780.2364912177106,2026-09-19,Lightweight,15,False,0.0,1780.2364912177106,5.3,+5.3 QW +0.0 proof -0.0 blowout -0.0 weak,5,4,5,True,13,5-0,W6,0.0,0.0,False,False,False,0.6692919349296849,0.47487437185929626,1.1441663067889811,4.0,4.0,4.0,4.0,4.0,4,3,fight record,score order #4,5-0,4
Paddy Pimblett,1720.0118878273588,2026-07-11,Lightweight,85,False,0.0,1720.0118878273588,2.25,+3.2 QW +0.0 proof -1.0 blowout -0.0 weak,4,2,3,False,9,4-1,W1,0.0,0.0,False,False,False,0.4983637795340213,0.2449748743718592,0.7433386539058805,5.0,5.0,5.0,5.0,5.0,5,3,fight record,score order #5,4-1,2
Renato Moicano,1694.6425688819156,2026-04-04,Lightweight,183,False,0.0,1694.6425688819156,1.0499999999999998,+3.0 QW +0.0 proof -1.0 blowout -1.0 weak,6,3,6,True,20,3-2,W1,0.0757936507936508,0.0,False,False,False,0.42636113199672665,0.15452261306532655,0.5808837450620532,6.0,6.0,7.0,8.0,6.0,6,3,fight record,score order #8; head-to-head -> #6,3-2,3
Benoit Saint Denis,1702.1446471273318,2026-07-11,Lightweight,85,False,0.0,1702.1446471273318,1.5,+3.0 QW +0.5 proof -2.0 blowout -0.0 weak,4,2,4,False,13,4-1,L1,0.06415770609318996,0.0,False,False,False,0.44765336679670475,0.18844221105527634,0.6360955778519811,7.0,7.0,8.0,6.0,7.0,7,3,fight record,score order #6; head-to-head -> #7,4-1,2
Quillan Salkilld,1693.0841001514082,2026-08-08,Lightweight,57,False,0.0,1693.0841001514082,1.75,+1.8 QW +0.0 proof -0.0 blowout -0.0 weak,3,1,2,False,6,5-0,W6,0.0,0.0,False,False,False,0.4219379200476026,0.20728643216080392,0.6292243522084066,8.0,6.0,8.0,7.0,8.0,8,3,fight record,score order #7; head-to-head -> #8,5-0,1
Grant Dawson,1730.1411556180742,2026-05-09,Lightweight,148,False,0.0,1730.1411556180742,-1.45,+0.6 QW +0.0 proof -2.0 blowout -0.0 weak,2,0,1,False,15,4-1,W1,0.07333333333333333,0.0,False,False,False,0.5271124463829103,-0.03391959798994973,0.4931928483929606,9.0,9.0,10.0,9.0,9.0,9,3,fight record,score order #9,4-1,0
Mateusz Gamrot,1708.1742134225797,2026-08-08,Lightweight,57,False,0.0,1708.1742134225797,0.7999999999999998,+2.3 QW +0.5 proof -1.0 blowout -1.0 weak,5,2,5,True,14,2-3,L1,0.0,0.15,False,False,False,0.4647663503061601,0.13567839195979892,0.450444742265959,10.0,9.0,10.0,10.0,10.0,10,3,fight record,score order #10,2-3,2
Jim Miller,1679.2630038591785,2026-05-09,Lightweight,148,False,0.0,1679.2630038591785,-1.3,+0.7 QW +0.0 proof -1.0 blowout -1.0 weak,7,1,1,False,47,3-2,W1,0.022826086956521736,0.0,False,False,False,0.3827111860919727,-0.02261306532663316,0.36009812076533954,11.0,11.0,14.0,11.0,11.0,11,3,fight record,score order #11,3-2,1
Chris Padilla,1626.953780513363,2026-08-22,Lightweight,43,False,0.0,1626.953780513363,0.25,+0.2 QW +0.0 proof -0.0 blowout -0.0 weak,1,0,0,False,6,5-0,W5,0.0,0.0,False,False,False,0.23424828964536148,0.09422110552763817,0.32846939517299967,12.0,11.0,15.0,12.0,12.0,12,3,fight record,score order #12,5-0,0
Mauricio Ruffy,1611.8345636317788,2026-09-19,Lightweight,15,False,0.0,1611.8345636317788,-0.25,+1.8 QW +0.0 proof -1.0 blowout -1.0 weak,3,1,2,False,7,3-2,L1,0.04183673469387756,0.0,False,False,False,0.19133725815469713,0.05653266331658289,0.24786992147128,13.0,12.0,16.0,16.0,13.0,13,3,fight record,score order #16; head-to-head -> #13,3-2,1
Rafael Fiziev,1633.6932853406945,2026-06-27,Lightweight,99,False,0.0,1633.6932853406945,1.2750000000000004,+1.5 QW +0.8 proof -0.0 blowout -1.0 weak,4,1,3,False,13,2-3,W1,0.1012820512820513,0.15,False,False,False,0.25337620520753357,0.1714824120603015,0.274858617267835,14.0,13.0,17.0,13.0,14.0,14,3,fight record,score order #13; head-to-head -> #14,2-3,1
Jalin Turner,1639.5128955690311,2026-08-15,Lightweight,50,False,0.0,1639.5128955690311,-0.95,+1.1 QW +0.0 proof -1.0 blowout -1.0 weak,3,0,2,False,15,3-2,W2,0.08441176470588235,0.0,False,False,False,0.26989329598858586,0.0037688442211055296,0.2736621402096914,15.0,14.0,16.0,14.0,15.0,15,3,fight record,score order #14; head-to-head -> #15,3-2,0
Esteban Ribovics,1616.5187723433219,2026-10-03,Lightweight,1,False,0.0,1616.5187723433219,-1.5,+0.5 QW +0.0 proof -0.0 blowout -2.0 weak,2,0,0,False,9,3-2,W2,0.0,0.0,False,False,False,0.2046318771223436,-0.037688442211055266,0.16694343491128832,16.0,16.0,24.0,22.0,16.0,16,3,fight record,score order #22; head-to-head -> #16,3-2,0
King Green,1665.5590918590715,2026-10-03,Lightweight,1,False,0.0,1665.5590918590715,-1.975,+2.0 QW +0.0 proof -4.0 blowout -0.0 weak,7,2,2,False,32,4-1,L1,0.09737954353338968,0.0,False,False,False,0.3438170420375836,-0.07349246231155777,0.27032457972602586,17.0,11.0,21.0,15.0,17.0,17,3,fight record,score order #15; head-to-head -> #17,4-1,2
Tommy Gantt,1593.4256791752675,2026-09-12,Lightweight,22,False,0.0,1593.4256791752675,0.25,+0.2 QW +0.0 proof -0.0 blowout -0.0 weak,1,0,0,False,2,2-0,W2,0.0,0.0,False,False,False,0.13908956392500849,0.09422110552763817,0.23331066945264667,18.0,15.0,21.0,17.0,18.0,18,3,fight record,score order #17; head-to-head -> #18,2-0,0
MarQuel Mederos,1593.5514449692628,2026-08-22,Lightweight,43,False,0.0,1593.5514449692628,0.0,+0.0 QW +0.0 proof -0.0 blowout -0.0 weak,0,0,0,False,5,4-0,W4,0.0,0.0,False,False,False,0.13944650965763777,0.07537688442211053,0.21482339407974832,19.0,17.0,22.099999999999994,18.0,19.0,19,3,fight record,score order #18; head-to-head -> #19,4-0,0
Nurullo Aliev,1593.2819991562424,2026-07-25,Lightweight,71,False,0.0,1593.2819991562424,0.0,+0.0 QW +0.0 proof -0.0 blowout -0.0 weak,0,0,0,False,4,4-0,W4,0.0,0.0,False,False,False,0.13868177442974183,0.07537688442211053,0.21405865885185238,20.0,18.0,24.0,19.0,20.0,20,3,fight record,score order #19; head-to-head -> #20,4-0,0
Ignacio Bahamondes,1625.6367598893596,2026-09-12,Lightweight,22,False,0.0,1625.6367598893596,-1.25,+0.8 QW +0.0 proof -1.0 blowout -1.0 weak,2,0,1,False,11,3-2,W1,0.0,0.0,False,False,False,0.23051035044433715,-0.018844221105527633,0.21166612933880952,21.0,13.0,22.0,20.0,21.0,21,3,fight record,score order #20; head-to-head -> #21,3-2,0
Manuel Torres,1612.6315048395747,2026-06-27,Lightweight,99,False,0.0,1612.6315048395747,-1.25,+0.8 QW +0.0 proof -2.0 blowout -0.0 weak,2,0,1,False,7,3-2,L1,0.16989795918367348,0.0,False,False,False,0.19359911930344448,-0.018844221105527633,0.17475489819791684,22.0,20.0,24.0,21.0,22.0,22,3,fight record,score order #21; head-to-head -> #22,3-2,0
Axel Sola,1593.5974569717248,2026-09-05,Lightweight,29,False,0.0,1593.5974569717248,-0.75,+0.2 QW +0.0 proof -0.0 blowout -1.0 weak,1,0,0,False,4,3-1,W2,0.0,0.0,False,False,False,0.13957709991916126,0.018844221105527633,0.1584213210246889,23.0,23.0,26.0,23.0,23.0,23,3,fight record,score order #23,3-1,0
Diego Ferreira,1619.6161722025881,2026-08-08,Lightweight,57,False,0.0,1619.6161722025881,-1.775,+0.2 QW +0.0 proof -1.0 blowout -1.0 weak,2,0,1,False,18,3-2,W1,0.11752136752136752,0.0,False,False,False,0.21342284982556917,-0.058417085427135654,0.1550057643984335,24.0,19.0,28.0,24.0,24.0,24,3,fight record,score order #24,3-2,0
Salahdine Parnasse,1540.904882386934,2026-09-05,Lightweight,29,False,0.0,1540.904882386934,1.0,+1.0 QW +0.0 proof -0.0 blowout -0.0 weak,1,1,1,False,1,1-0,W1,0.0,0.0,False,False,False,-0.009973815650165469,0.15075376884422106,0.1407799531940556,25.0,19.0,31.0,25.0,25.0,25,3,fight record,score order #25,1-0,1
Rafa Garcia,1590.0059345268126,2026-09-12,Lightweight,22,False,0.0,1590.0059345268126,-1.35,+0.7 QW +0.0 proof -0.0 blowout -2.0 weak,3,0,0,False,12,3-2,L1,0.041346153846153845,0.0,False,False,False,0.12938371927384645,-0.02638190954773869,0.10300180972610776,26.0,24.0,30.0,28.0,26.0,26,3,fight record,score order #28; head-to-head -> #26,3-2,0
Alexander Hernandez,1616.6924408103177,2026-10-03,Lightweight,1,False,0.0,1616.6924408103177,-1.875,+1.1 QW +0.0 proof -1.0 blowout -2.0 weak,6,0,1,False,19,4-1,W1,0.07052207130730052,0.0,False,False,False,0.20512477917636948,-0.06595477386934671,0.13917000530702278,27.0,23.900000000000002,31.0,26.0,27.0,27,3,fight record,score order #26; head-to-head -> #27,4-1,0
Tom Nolan,1575.0414596591245,2026-06-06,Lightweight,120,False,0.0,1575.0414596591245,-0.5,+0.5 QW +0.0 proof -1.0 blowout -0.0 weak,1,0,1,False,6,5-0,W5,0.09861111111111111,0.0,False,False,False,0.086911873190947,0.037688442211055266,0.12460031540200225,28.0,25.0,28.0,27.0,28.0,28,3,fight record,score order #27; head-to-head -> #28,5-0,0
Chase Hooper,1599.5038010494654,2026-07-18,Lightweight,78,False,0.0,1599.5038010494654,-1.75,+0.2 QW +0.0 proof -2.0 blowout -0.0 weak,1,0,0,False,14,3-2,W1,0.1290266106442577,0.0,False,False,False,0.15634035681928135,-0.05653266331658289,0.09980769350269847,29.0,27.0,33.0,29.0,29.0,29,3,fight record,score order #29,3-2,0
Manoel Sousa,1547.2065675965432,2026-08-08,Lightweight,57,False,0.0,1547.2065675965432,0.0,+0.0 QW +0.0 proof -0.0 blowout -0.0 weak,0,0,0,False,2,2-0,W2,0.0,0.0,False,False,False,0.007911489825091178,0.07537688442211053,0.08328837424720172,30.0,26.0,32.0,30.0,30.0,30,3,fight record,score order #30,2-0,0
Noah Gugnon,1545.0,2026-08-01,Lightweight,64,False,0.0,1545.0,0.0,+0.0 QW +0.0 proof -0.0 blowout -0.0 weak,0,0,0,False,1,1-0,W1,0.0,0.0,False,False,False,0.0016488578142443218,0.07537688442211053,0.07702574223635486,31.0,27.0,35.0,31.0,31.0,31,3,fight record,score order #31,1-0,0
Magomed Zaynukov,1538.9500090171675,2026-07-25,Lightweight,71,False,0.0,1538.9500090171675,0.0,+0.0 QW +0.0 proof -0.0 blowout -0.0 weak,0,0,0,False,1,1-0,W1,0.0,0.0,False,False,False,-0.01552209459789925,0.07537688442211053,0.05985478982421128,32.0,29.0,37.099999999999994,32.0,32.0,32,3,fight record,score order #32,1-0,0
Tofiq Musayev,1555.1072818233752,2026-08-01,Lightweight,64,False,0.0,1555.1072818233752,-0.75,+0.2 QW +0.0 proof -1.0 blowout -0.0 weak,1,0,0,False,3,2-1,W2,0.0,0.0,False,False,False,0.030335124570305766,0.018844221105527633,0.0491793456758334,33.0,33.0,34.0,33.0,33.0,33,3,fight record,score order #33,2-1,0
Nazim Sadykhov,1585.4432887313992,2026-06-27,Lightweight,99,False,0.0,1585.4432887313992,-2.0,+0.0 QW +0.0 proof -1.0 blowout -1.0 weak,0,0,0,False,7,3-2,L2,0.2025974025974026,0.0,False,False,False,0.11643411752256745,-0.07537688442211053,0.04105723310045692,34.0,30.0,42.0,34.0,34.0,34,3,fight record,score order #34,3-2,0
Francis Marshall,1551.3093120225492,2026-04-25,Lightweight,162,False,0.0,1551.3093120225492,-1.0,+0.0 QW +0.0 proof -0.0 blowout -1.0 weak,0,0,0,False,7,3-2,W2,0.06071428571428572,0.0,False,False,False,0.019555809543589976,0.0,0.019555809543589976,35.0,35.0,37.0,35.0,35.0,35,3,fight record,score order #35,3-2,0
Mason Jones,1550.8632151526845,2026-08-22,Lightweight,43,False,0.0,1550.8632151526845,-1.0,+0.0 QW +0.0 proof -0.0 blowout -1.0 weak,0,0,0,False,8,3-2,L1,0.09479166666666666,0.0,False,False,False,0.018289707140232783,0.0,0.018289707140232783,36.0,36.0,39.0,36.0,36.0,36,3,fight record,score order #36,3-2,0
Lance Gibson Jr.,1544.0188906362162,2026-03-28,Lightweight,190,False,0.0,1544.0188906362162,-0.75,+0.2 QW +0.0 proof -0.0 blowout -1.0 weak,1,0,0,False,2,1-1,W1,0.0,0.0,False,False,False,-0.001135705376749667,0.018844221105527633,0.017708515728777966,37.0,32.0,41.0,37.0,37.0,37,3,fight record,score order #37,1-1,0
Michael Johnson,1539.0721361699073,2026-03-07,Lightweight,211,False,0.0,1539.0721361699073,-0.625,+0.4 QW +0.0 proof -0.0 blowout -1.0 weak,7,2,4,False,32,3-2,L1,0.13473389355742296,0.0,False,False,False,-0.015175475977495525,0.028266331658291444,0.01309085568079592,38.0,35.0,44.0,38.0,38.0,38,3,fight record,score order #38,3-2,2
Dan Hooker,1579.7216106532057,2026-09-05,Lightweight,29,False,0.0,1579.7216106532057,-0.2999999999999998,+2.7 QW +0.0 proof -2.0 blowout -1.0 weak,7,3,5,True,25,2-3,L3,0.12035256410256409,0.15,False,False,False,0.10019497563342232,0.05276381909547738,0.002958794728899705,39.0,39.0,43.0,39.0,39.0,39,3,fight record,score order #39,2-3,3
Chris Duncan,1570.4474990486485,2026-04-04,Lightweight,183,False,0.0,1570.4474990486485,-2.0,+0.0 QW +0.0 proof -1.0 blowout -1.0 weak,0,0,0,False,8,4-1,L1,0.0,0.0,False,False,False,0.07387339441476645,-0.07537688442211053,-0.00150349000734408,40.0,33.900000000000006,44.0,40.0,40.0,40,3,fight record,score order #40,4-1,0
Fares Ziam,1569.860783166959,2026-09-05,Lightweight,29,False,0.0,1569.860783166959,-2.0,+0.0 QW +0.0 proof -1.0 blowout -1.0 weak,0,0,0,False,12,3-2,L2,0.04374999999999999,0.0,False,False,False,0.07220819019999533,-0.07537688442211053,-0.003168694222115201,41.0,29.0,42.0,41.0,41.0,41,3,fight record,score order #41,3-2,0
Joaquim Silva,1542.5564093768428,2025-09-13,Lightweight,386,False,6.0,1536.5564093768428,-0.75,+0.2 QW +0.0 proof -0.0 blowout -1.0 weak,1,0,0,False,12,3-2,W1,0.1875,0.0,False,False,False,-0.022315556874845942,0.018844221105527633,-0.0034713357693183094,42.0,38.0,45.0,42.0,42.0,42,3,fight record,score order #42,3-2,0
Kaue Fernandes,1560.235398290511,2026-08-15,Lightweight,50,False,0.0,1560.235398290511,-2.0,+0.0 QW +0.0 proof -1.0 blowout -1.0 weak,0,0,0,False,5,3-2,L1,0.11000000000000001,0.0,False,False,False,0.04488963284494374,-0.07537688442211053,-0.030487251577166793,43.0,40.0,48.0,43.0,43.0,43,3,fight record,score order #43,3-2,0
Mike Davis,1559.1297003606328,2026-07-25,Lightweight,71,False,0.0,1559.1297003606328,-2.0,+0.0 QW +0.0 proof -2.0 blowout -0.0 weak,0,0,0,False,8,3-2,L1,0.0,0.0,False,False,False,0.041751465103864474,-0.07537688442211053,-0.03362541931824606,44.0,42.0,49.0,44.0,44.0,44,3,fight record,score order #44,3-2,0
Nasrat Haqparast,1546.2601724289257,2026-08-22,Lightweight,43,False,0.0,1546.2601724289257,-1.6,+0.4 QW +0.0 proof -1.0 blowout -1.0 weak,2,0,0,False,16,3-2,L2,0.06770833333333334,0.0,False,False,False,0.0052254517082814134,-0.04522613065326632,-0.04000067894498491,45.0,45.0,47.0,45.0,45.0,45,3,fight record,score order #45,3-2,0
Charlie Campbell,1531.4147881992835,2025-09-27,Lightweight,372,False,2.0,1529.4147881992835,-1.0,+0.0 QW +0.0 proof -1.0 blowout -0.0 weak,0,0,0,False,3,2-1,L1,0.0,0.0,False,False,False,-0.042584750289083914,0.0,-0.042584750289083914,46.0,43.0,49.0,46.0,46.0,46,3,fight record,score order #46,2-1,0
Stan Dorsainvil,1501.4306550814085,2026-08-22,Lightweight,43,False,0.0,1501.4306550814085,0.0,+0.0 QW +0.0 proof -0.0 blowout -0.0 weak,0,0,0,False,1,1-0,W1,0.0,0.0,False,False,False,-0.12200870636201619,0.07537688442211053,-0.04663182193990566,47.0,40.0,52.0,47.0,47.0,47,3,fight record,score order #47,1-0,0
Drew Dober,1615.5167007639764,2026-03-07,Lightweight,211,False,0.0,1615.5167007639764,-2.45,+0.6 QW +0.0 proof -1.0 blowout -2.0 weak,3,0,1,False,27,2-3,W2,0.07375000000000001,0.15,False,False,False,0.20178781942848442,-0.10929648241206028,-0.05750866298357585,48.0,36.0,59.0,48.0,48.0,48,3,fight record,score order #48,2-3,0
Rongzhu,1520.125268707068,2026-09-12,Lightweight,22,False,0.0,1520.125268707068,-1.0,+0.0 QW +0.0 proof -0.0 blowout -1.0 weak,0,0,0,False,7,3-2,W3,0.08452380952380953,0.0,False,False,False,-0.06895006183833081,0.0,-0.06895006183833081,49.0,46.0,51.0,49.0,49.0,49,3,fight record,score order #49,3-2,0
Drakkar Klose,1539.2164368128726,2026-09-12,Lightweight,22,False,0.0,1539.2164368128726,-1.75,+0.2 QW +0.0 proof -1.0 blowout -1.0 weak,1,0,0,False,14,3-2,L1,0.06706349206349206,0.0,False,False,False,-0.014765925040902161,-0.05653266331658289,-0.07129858835748505,50.0,48.0,52.0,50.0,50.0,50,3,fight record,score order #50,3-2,0
Ludovit Klein,1538.6253811243882,2026-08-01,Lightweight,64,False,0.0,1538.6253811243882,-2.0,+0.0 QW +0.0 proof -1.0 blowout -1.0 weak,0,0,0,False,13,3-2,L1,0.051923076923076926,0.0,False,False,False,-0.016443446400634984,-0.07537688442211053,-0.09182033082274552,51.0,50.0,55.0,51.0,51.0,51,3,fight record,score order #51,3-2,0
Matheus Camilo,1510.1090410515185,2026-06-27,Lightweight,99,False,0.0,1510.1090410515185,-1.0,+0.0 QW +0.0 proof -0.0 blowout -1.0 weak,0,0,0,False,3,2-1,W2,0.0,0.0,False,False,False,-0.09737790064183864,0.0,-0.09737790064183864,52.0,50.0,53.0,52.0,52.0,52,3,fight record,score order #52,2-1,0
Terrance McKinney,1561.0816015656183,2026-07-11,Lightweight,85,False,0.0,1561.0816015656183,-3.0,+0.0 QW +0.0 proof -3.0 blowout -0.0 weak,0,0,0,False,14,3-2,L1,0.1680686090225564,0.0,False,False,False,0.04729130851836154,-0.15075376884422106,-0.10346246032585953,53.0,47.0,63.0,53.0,53.0,53,3,fight record,score order #53,3-2,0
Evan Elder,1522.6610394374848,2025-04-26,Lightweight,526,False,46.0,1476.6610394374848,0.0,+0.0 QW +0.0 proof -0.0 blowout -0.0 weak,0,0,0,False,5,3-2,W3,0.085,0.0,False,False,False,-0.19230928907293088,0.07537688442211053,-0.11693240465082035,54.0,45.0,64.0,54.0,54.0,54,3,fight record,score order #54,3-2,0
Dakota Hope,1500.0,2026-04-04,Lightweight,183,False,0.0,1500.0,-1.0,+0.0 QW +0.0 proof -0.0 blowout -1.0 weak,0,0,0,False,1,0-1,L1,0.0,0.0,False,False,False,-0.12606916040083463,0.0,-0.12606916040083463,55.0,53.0,56.0,55.0,55.0,55,3,fight record,score order #55,0-1,0
Jai Herbert,1499.4098211633204,2026-04-18,Lightweight,169,False,0.0,1499.4098211633204,-1.0,+0.0 QW +0.0 proof -0.0 blowout -1.0 weak,0,0,0,False,10,3-2,W1,0.10076086956521739,0.0,False,False,False,-0.1277441930989056,0.0,-0.1277441930989056,56.0,54.0,57.0,56.0,56.0,56,3,fight record,score order #56,3-2,0
Kody Steele,1490.3590491588886,2026-05-02,Lightweight,155,False,0.0,1490.3590491588886,-1.0,+0.0 QW +0.0 proof -1.0 blowout -0.0 weak,0,0,0,False,2,1-1,W1,0.0,0.0,False,False,False,-0.15343189673718444,0.0,-0.15343189673718444,57.0,56.0,61.0,59.0,57.0,57,3,fight record,score order #59; head-to-head -> #57,1-1,0
Dom Mar Fan,1493.7868111758876,2026-05-02,Lightweight,155,False,0.0,1493.7868111758876,-1.0,+0.0 QW +0.0 proof -1.0 blowout -0.0 weak,0,0,0,False,2,1-1,L1,0.0,0.0,False,False,False,-0.1437032973655394,0.0,-0.1437032973655394,58.0,57.0,62.0,57.0,58.0,58,3,fight record,score order #57; head-to-head -> #58,1-1,0
Richie Miranda,1491.6554275290516,2026-08-08,Lightweight,57,False,0.0,1491.6554275290516,-1.0,+0.0 QW +0.0 proof -0.0 blowout -1.0 weak,0,0,0,False,1,0-1,L1,0.0,0.0,False,False,False,-0.14975254393064866,0.0,-0.14975254393064866,59.0,58.0,63.0,58.0,59.0,59,3,fight record,score order #58; head-to-head -> #59,0-1,0
Gabe Green,1503.5183439898242,2025-05-17,Lightweight,505,False,40.0,1463.5183439898242,0.0,+0.0 QW +0.0 proof -0.0 blowout -0.0 weak,0,0,0,False,6,3-2,W1,0.09861111111111111,0.0,False,False,False,-0.22961060055247637,0.07537688442211053,-0.15423371613036585,60.0,51.0,68.0,60.0,60.0,60,3,fight record,score order #60,3-2,0
Gauge Young,1509.6188572722226,2026-08-22,Lightweight,43,False,0.0,1509.6188572722226,-1.75,+0.2 QW +0.0 proof -1.0 blowout -1.0 weak,1,0,0,False,4,2-2,L1,0.0,0.0,False,False,False,-0.09876912954967969,-0.05653266331658289,-0.15530179286626258,61.0,56.0,62.0,61.0,61.0,61,3,fight record,score order #61,2-2,0
Abdul-Kareem Al-Selwady,1487.1391782341288,2026-03-21,Lightweight,197,False,0.0,1487.1391782341288,-1.0,+0.0 QW +0.0 proof -0.0 blowout -1.0 weak,0,0,0,False,2,1-1,W1,0.3375,0.0,False,False,False,-0.1625704641464883,0.0,-0.1625704641464883,62.0,60.0,65.0,62.0,62.0,62,3,fight record,score order #62,1-1,0
Nikolas Motta,1511.1515759324257,2025-06-21,Lightweight,470,False,30.0,1481.1515759324257,-1.0,+0.0 QW +0.0 proof -0.0 blowout -1.0 weak,0,0,0,False,7,3-2,L1,0.23571428571428574,0.0,False,False,False,-0.17956434636501223,0.0,-0.17956434636501223,63.0,61.0,66.0,63.0,63.0,63,3,fight record,score order #63,3-2,0
Claudio Puelles,1556.9231692093965,2025-09-13,Lightweight,386,False,6.0,1550.9231692093965,-1.85,+0.1 QW +0.0 proof -0.0 blowout -2.0 weak,1,0,0,False,9,2-3,L3,0.11296296296296296,0.15,False,False,False,0.01845986743594875,-0.06407035175879396,-0.1956104843228452,64.0,58.900000000000006,72.0,64.0,64.0,64,3,fight record,score order #64,2-3,0
Beneil Dariush,1674.724427055025,2026-05-02,Lightweight,155,False,0.0,1674.724427055025,-0.6499999999999999,+2.2 QW +0.1 proof -3.0 blowout -0.0 weak,7,4,7,True,26,1-4,L2,0.1513814616755793,0.6,False,False,False,0.3698298964265635,0.02638190954773869,-0.2037881940256978,65.0,54.0,73.0,65.0,65.0,65,3,fight record,score order #65,1-4,4
Lucas Brennan,1470.676321802561,2026-04-25,Lightweight,162,False,0.0,1470.676321802561,-1.0,+0.0 QW +0.0 proof -1.0 blowout -0.0 weak,0,0,0,False,1,0-1,L1,0.0,0.0,False,False,False,-0.20929498409313743,0.0,-0.20929498409313743,66.0,64.0,69.0,66.0,66.0,66,3,fight record,score order #66,0-1,0
Sangwook Kim,1467.5146533565678,2026-01-31,Lightweight,246,False,0.0,1467.5146533565678,-1.0,+0.0 QW +0.0 proof -1.0 blowout -0.0 weak,0,0,0,False,1,0-1,L1,0.0,0.0,False,False,False,-0.2182683624970352,0.0,-0.2182683624970352,67.0,65.0,70.0,67.0,67.0,67,3,fight record,score order #67,0-1,0
Mandel Nallo,1466.4198428502878,2026-04-18,Lightweight,169,False,0.0,1466.4198428502878,-1.0,+0.0 QW +0.0 proof -1.0 blowout -0.0 weak,0,0,0,False,1,0-1,L1,0.7431818181818182,0.0,False,False,False,-0.22137562978999378,0.0,-0.22137562978999378,68.0,66.0,71.0,68.0,68.0,68,3,fight record,score order #68,0-1,0
Kai Kamaka III,1465.396414593866,2026-07-11,Lightweight,85,False,0.0,1465.396414593866,-1.0,+0.0 QW +0.0 proof -1.0 blowout -0.0 weak,0,0,0,False,2,1-1,L1,0.21250000000000002,0.0,False,False,False,-0.2242803015387827,0.0,-0.2242803015387827,69.0,67.0,72.0,69.0,69.0,69,3,fight record,score order #69,1-1,0
Jared Gordon,1561.1826852027089,2026-05-09,Lightweight,148,False,0.0,1561.1826852027089,-2.75,+0.2 QW +0.0 proof -1.0 blowout -2.0 weak,1,0,0,False,18,2-3,L2,0.14656223406223406,0.15,False,False,False,0.047578201891765606,-0.13190954773869343,-0.23433134584692783,70.0,60.0,77.0,70.0,70.0,70,3,fight record,score order #70,2-3,0
Yanal Ashmouz,1495.8202133755403,2025-06-07,Lightweight,484,False,34.0,1461.8202133755403,-1.0,+0.0 QW +0.0 proof -0.0 blowout -1.0 weak,0,0,0,False,4,2-2,L1,0.0,0.0,False,False,False,-0.23443019781306945,0.0,-0.23443019781306945,71.0,68.0,73.0,71.0,71.0,71,3,fight record,score order #71,2-2,0
Damian Rzepecki,1461.0499909828325,2026-07-25,Lightweight,71,False,0.0,1461.0499909828325,-1.0,+0.0 QW +0.0 proof -1.0 blowout -0.0 weak,0,0,0,False,1,0-1,L1,0.0,0.0,False,False,False,-0.23661622620376999,0.0,-0.23661622620376999,72.0,69.0,74.0,72.0,72.0,72,3,fight record,score order #72,0-1,0
Artur Minev,1455.0,2026-05-16,Lightweight,141,False,0.0,1455.0,-1.0,+0.0 QW +0.0 proof -0.0 blowout -1.0 weak,0,0,0,False,1,0-1,L1,0.42500000000000004,0.0,False,False,False,-0.25378717861591354,0.0,-0.25378717861591354,73.0,70.0,78.0,73.0,73.0,73,3,fight record,score order #73,0-1,0
Milos Janicic,1455.0,2026-08-01,Lightweight,64,False,0.0,1455.0,-1.0,+0.0 QW +0.0 proof -1.0 blowout -0.0 weak,0,0,0,False,1,0-1,L1,0.0,0.0,False,False,False,-0.25378717861591354,0.0,-0.25378717861591354,74.0,71.0,77.0,74.0,74.0,74,3,fight record,score order #74,0-1,0
Rolando Bedoya,1474.9011974953528,2025-09-27,Lightweight,372,False,2.0,1472.9011974953528,-2.0,+0.0 QW +0.0 proof -1.0 blowout -1.0 weak,0,0,0,False,4,0-4,L4,0.0,0.0,False,False,False,-0.20298039044295374,-0.07537688442211053,-0.2783572748650643,75.0,74.0,77.0,75.0,75.0,75,3,fight record,score order #75,0-4,0
Mateusz Rebecki,1577.5701588593042,2026-08-01,Lightweight,64,False,0.0,1577.5701588593042,-4.0,+0.0 QW +0.0 proof -0.0 blowout -4.0 weak,0,0,0,False,9,2-3,W1,0.06805555555555556,0.15,False,False,False,0.09408877209114726,-0.22613065326633155,-0.28204188117518425,76.0,58.900000000000006,83.0,76.0,76.0,76,3,fight record,score order #76,2-3,0
Kyle Nelson,1470.3954579871302,2026-03-28,Lightweight,190,False,0.0,1470.3954579871302,-2.0,+0.0 QW +0.0 proof -2.0 blowout -0.0 weak,0,0,0,False,12,3-2,L1,0.18482142857142858,0.0,False,False,False,-0.21009212564636306,-0.07537688442211053,-0.2854690100684736,77.0,76.0,78.0,77.0,77.0,77,3,fight record,score order #77,3-2,0
Elves Brener,1546.1381809846769,2026-09-26,Lightweight,8,False,0.0,1546.1381809846769,-3.0,+0.0 QW +0.0 proof -1.0 blowout -2.0 weak,0,0,0,False,7,2-3,W1,0.08452380952380953,0.15,False,False,False,0.004879218252755795,-0.15075376884422106,-0.2958745505914653,78.0,67.0,80.0,78.0,78.0,78,3,fight record,score order #78,2-3,0
Mark Choinski,1468.6582065423327,2025-06-07,Lightweight,484,False,34.0,1434.6582065423327,-1.0,+0.0 QW +0.0 proof -1.0 blowout -0.0 weak,0,0,0,False,1,0-1,L1,0.0,0.0,False,False,False,-0.311520813001552,0.0,-0.311520813001552,79.0,74.0,82.0,79.0,79.0,79,3,fight record,score order #79,0-1,0
Rafael Dos Anjos,1625.0223178847843,2026-10-03,Lightweight,1,False,0.0,1625.0223178847843,-0.5,+2.5 QW +0.0 proof -1.0 blowout -2.0 weak,13,8,11,True,37,1-4,L4,0.10090497737556561,0.6,False,False,False,0.22876645455250488,0.037688442211055266,-0.3335451032364398,80.0,79.0,81.0,80.0,80.0,80,3,fight record,score order #80,1-4,8
Darrius Flowers,1447.75514849488,2026-04-04,Lightweight,183,False,0.0,1447.75514849488,-2.0,+0.0 QW +0.0 proof -1.0 blowout -1.0 weak,0,0,0,False,4,1-3,W1,0.0,0.0,False,False,False,-0.27434935809361294,-0.07537688442211053,-0.3497262425157235,81.0,78.0,82.0,81.0,81.0,81,3,fight record,score order #81,1-3,0
Shem Rock,1441.2977515909809,2026-03-21,Lightweight,197,False,0.0,1441.2977515909809,-2.0,+0.0 QW +0.0 proof -2.0 blowout -0.0 weak,0,0,0,False,2,0-2,L2,0.0,0.0,False,False,False,-0.2926766011023723,-0.07537688442211053,-0.36805348552448286,82.0,79.0,83.0,82.0,82.0,82,3,fight record,score order #82,0-2,0
Daniel Zellhuber,1517.5358621887285,2026-02-28,Lightweight,218,False,0.0,1517.5358621887285,-3.0,+0.0 QW +0.0 proof -0.0 blowout -3.0 weak,0,0,0,False,7,2-3,L3,0.11309523809523811,0.15,False,False,False,-0.07629925892445368,-0.15075376884422106,-0.3770530277686748,83.0,80.0,84.0,83.0,83.0,83,3,fight record,score order #83,2-3,0
Josiah Harrell,1426.8443830759697,2026-09-26,Lightweight,8,False,0.0,1426.8443830759697,-2.0,+0.0 QW +0.0 proof -2.0 blowout -0.0 weak,0,0,0,False,2,0-2,L2,0.48750000000000004,0.0,False,False,False,-0.3336978362861376,-0.07537688442211053,-0.40907472070824813,84.0,82.0,85.0,84.0,84.0,84,3,fight record,score order #84,0-2,0
Thiago Moises,1497.6429958146023,2026-04-18,Lightweight,169,False,0.0,1497.6429958146023,-2.925,+0.1 QW +0.0 proof -2.0 blowout -1.0 weak,1,0,0,False,16,2-3,L2,0.12074142156862745,0.15,False,False,False,-0.13275875825602673,-0.14510050251256273,-0.4278592607685895,85.0,83.0,85.0,85.0,85.0,85,3,fight record,score order #85,2-3,0
Matt Frevola,1466.3836980969083,2025-10-18,Lightweight,351,False,0.0,1466.3836980969083,-2.7,+0.3 QW +0.0 proof -1.0 blowout -2.0 weak,1,0,1,False,12,2-3,L3,0.16960978835978838,0.15,False,False,False,-0.22147821504044912,-0.1281407035175879,-0.4996189185580371,86.0,86.0,86.0,86.0,86.0,86,3,fight record,score order #86,2-3,0
Jamie Mullarkey,1451.5421863368026,2026-01-31,Lightweight,246,False,0.0,1451.5421863368026,-2.85,+0.1 QW +0.0 proof -3.0 blowout -0.0 weak,1,0,0,False,13,2-3,L1,0.16701183431952663,0.15,False,False,False,-0.26360106991414894,-0.13944723618090446,-0.5530483060950534,87.0,87.0,88.0,87.0,87.0,87,3,fight record,score order #87,2-3,0
Mitch Ramirez,1400.6309964013708,2026-07-18,Lightweight,78,False,0.0,1400.6309964013708,-3.0,+0.0 QW +0.0 proof -1.0 blowout -2.0 weak,0,0,0,False,3,0-3,L3,0.5076923076923077,0.0,False,False,False,-0.40809609843692285,-0.15075376884422106,-0.5588498672811439,88.0,87.0,88.0,88.0,88.0,88,3,fight record,score order #88,0-3,0
Mohammad Yahya,1389.9664642929422,2025-07-26,Lightweight,435,False,20.0,1369.9664642929422,-3.0,+0.0 QW +0.0 proof -2.0 blowout -1.0 weak,0,0,0,False,3,0-3,L3,0.39444444444444443,0.0,False,False,False,-0.495127504445393,-0.15075376884422106,-0.6458812732896141,89.0,89.0,91.0,89.0,89.0,89,3,fight record,score order #89,0-3,0
Michael Chandler,1553.7987226880914,2026-06-14,Lightweight,112,False,0.0,1553.7987226880914,-2.1,+0.9 QW +0.0 proof -2.0 blowout -1.0 weak,2,2,2,False,8,1-4,L4,0.1714439655172414,0.6,False,False,False,0.026621200581957345,-0.08291457286432158,-0.6562933722823642,90.0,89.0,91.0,90.0,90.0,90,3,fight record,score order #90,1-4,2
Bolaji Oki,1413.4505299712025,2026-03-14,Lightweight,204,False,0.0,1413.4505299712025,-3.0,+0.0 QW +0.0 proof -1.0 blowout -2.0 weak,0,0,0,False,5,2-3,L2,0.24142857142857146,0.15,False,False,False,-0.37171197794846544,-0.15075376884422106,-0.6724657467926866,91.0,90.0,92.0,91.0,91.0,91,3,fight record,score order #91,2-3,0
Edson Barboza,1544.819196539298,2026-08-15,Lightweight,50,False,0.0,1544.819196539298,-2.5,+1.5 QW +0.0 proof -2.0 blowout -2.0 weak,6,4,6,True,33,1-4,L4,0.15597572362278248,0.6,False,False,False,0.0011357053767490218,-0.11306532663316578,-0.7119296212564168,92.0,90.0,93.0,92.0,92.0,92,3,fight record,score order #92,1-4,4
Kurt Holobaugh,1416.0049099662237,2025-05-31,Lightweight,491,False,36.0,1380.0049099662237,-3.0,+0.0 QW +0.0 proof -2.0 blowout -1.0 weak,0,0,0,False,9,2-3,L2,0.053125000000000006,0.15,False,False,False,-0.46663660694869846,-0.15075376884422106,-0.7673903757929196,93.0,92.0,93.0,93.0,93.0,93,3,fight record,score order #93,2-3,0
Jeremy Stephens,1526.8566379078127,2026-05-09,Lightweight,148,False,0.0,1526.8566379078127,-0.8999999999999999,+1.1 QW +0.0 proof -2.0 blowout -0.0 weak,6,4,6,True,36,0-5,L7,0.05532544378698226,0.8,False,False,False,-0.049845236634039065,0.007537688442211059,-0.8423075481918281,94.0,94.0,94.0,94.0,94.0,94,3,fight record,score order #94,0-5,4
Lando Vannata,1431.9129793463737,2026-04-04,Lightweight,183,False,0.0,1431.9129793463737,-1.0,+0.0 QW +0.0 proof -0.0 blowout -1.0 weak,0,0,0,False,14,1-4,L3,0.055769230769230765,0.6,False,False,False,-0.31931225693528564,0.0,-0.9193122569352856,95.0,95.0,95.0,95.0,95.0,95,3,fight record,score order #95,1-4,0
Trevor Peek,1451.690328966463,2026-09-05,Lightweight,29,False,0.0,1451.690328966463,-3.0,+0.0 QW +0.0 proof -1.0 blowout -2.0 weak,0,0,0,False,6,1-4,L3,0.0,0.6,False,False,False,-0.26318061473473997,-0.15075376884422106,-1.013934383578961,96.0,96.0,97.0,96.0,96.0,96,3,fight record,score order #96,1-4,0
Ismael Bonfim,1451.1386868530892,2026-07-25,Lightweight,71,False,0.0,1451.1386868530892,-3.0,+0.0 QW +0.0 proof -2.0 blowout -1.0 weak,0,0,0,False,6,1-4,L3,0.17499999999999996,0.6,False,False,False,-0.26474627334549744,-0.15075376884422106,-1.0155000421897185,97.0,97.0,98.0,97.0,97.0,97,3,fight record,score order #97,1-4,0
Austin Hubbard,1456.7659871529427,2025-08-23,Lightweight,407,False,12.0,1444.7659871529427,-3.0,+0.0 QW +0.0 proof -0.0 blowout -3.0 weak,0,0,0,False,12,1-4,L3,0.0,0.6,False,False,False,-0.2828331305984429,-0.15075376884422106,-1.033586899442664,98.0,98.0,99.0,98.0,98.0,98,3,fight record,score order #98,1-4,0
Viacheslav Borshchev,1464.1120147183299,2025-11-15,Lightweight,323,False,0.0,1464.1120147183299,-4.0,+0.0 QW +0.0 proof -1.0 blowout -3.0 weak,0,0,0,False,10,1-4,L3,0.0,0.6,False,False,False,-0.22792565724320862,-0.22613065326633155,-1.0540563105095402,99.0,96.9,100.0,99.0,99.0,99,3,fight record,score order #99,1-4,0
Maheshate,1415.8759607220925,2025-08-23,Lightweight,407,False,12.0,1403.8759607220925,-2.0,+0.0 QW +0.0 proof -1.0 blowout -1.0 weak,0,0,0,False,6,1-4,L2,0.08749999999999998,0.6,False,False,False,-0.39888631149867365,-0.07537688442211053,-1.0742631959207842,100.0,98.0,100.0,100.0,100.0,100,3,fight record,score order #100,1-4,0
Kyle Prepolec,1382.6283071390599,2026-08-01,Lightweight,64,False,0.0,1382.6283071390599,-3.0,+0.0 QW +0.0 proof -1.0 blowout -2.0 weak,0,0,0,False,5,0-5,L5,0.25592592592592595,0.8,False,False,False,-0.45919093832857244,-0.15075376884422106,-1.4099447071727935,101.0,101.0,101.0,101.0,101.0,101,3,fight record,score order #101,0-5,0
Sean Strickland,1753.1479745261006,2026-05-09,Middleweight,148,False,0.0,1753.1479745261006,6.2749999999999995,+7.0 QW +0.3 proof -1.0 blowout -0.0 weak,8,6,7,True,25,3-2,W2,0.05601503759398496,0.0,True,False,False,0.5653831303522558,0.40416666666666656,0.9695497970189224,,0.0,0.0,,,0,0,title holder or reserved,title holder,3-2,6
Khamzat Chimaev,1758.7066910929018,2026-05-09,Middleweight,148,False,0.0,1758.7066910929018,6.35,+6.3 QW +0.0 proof -0.0 blowout -0.0 weak,6,4,5,True,10,4-1,L1,0.0,0.0,False,False,False,0.5810329530745524,0.4083333333333332,0.9893662864078856,1.0,1.0,1.0,2.0,1.0,1,3,fight record,score order #2; head-to-head -> #1,4-1,4
Dricus Du Plessis,1782.4396127220116,2026-07-18,Middleweight,78,False,0.0,1782.4396127220116,7.699999999999999,+8.7 QW +0.0 proof -1.0 blowout -0.0 weak,8,7,8,True,11,4-1,W1,0.0,0.0,False,False,False,0.6478498183912632,0.48333333333333317,1.1311831517245965,2.0,2.0,2.0,1.0,2.0,2,3,fight record,score order #1; head-to-head -> #2,4-1,7
Nassourdine Imavov,1731.214039300486,2025-09-06,Middleweight,393,False,8.0,1723.214039300486,6.3,+6.3 QW +0.0 proof -0.0 blowout -0.0 weak,6,5,6,True,12,5-0,W5,0.0,0.0,False,False,False,0.4811081409672236,0.4055555555555554,0.886663696522779,3.0,3.0,3.0,3.0,3.0,3,3,fight record,score order #3,5-0,5
Brendan Allen,1731.0967042380373,2026-06-06,Middleweight,120,False,0.0,1731.0967042380373,3.8499999999999996,+4.3 QW +0.5 proof -0.0 blowout -1.0 weak,8,2,5,True,19,3-2,W3,0.03653846153846154,0.0,False,False,False,0.5033007293766969,0.2694444444444444,0.7727451738211413,4.0,4.0,4.0,4.0,4.0,4,3,fight record,score order #4,3-2,2
Robert Whittaker,1723.4955251994934,2026-07-11,Middleweight,85,False,0.0,1723.4955251994934,3.0,+5.0 QW +0.0 proof -1.0 blowout -1.0 weak,12,9,12,True,25,3-2,W1,0.035937500000000004,0.0,False,False,False,0.4819006268522928,0.22222222222222218,0.704122849074515,5.0,5.0,5.0,5.0,5.0,5,3,fight record,score order #5,3-2,9
Joe Pyfer,1716.534458881558,2026-03-28,Middleweight,190,False,0.0,1716.534458881558,0.8999999999999999,+1.9 QW +0.0 proof -0.0 blowout -1.0 weak,3,1,1,False,8,4-1,W4,0.0,0.0,False,False,False,0.46230267604392355,0.10555555555555553,0.5678582315994791,6.0,6.0,6.0,6.0,6.0,6,3,fight record,score order #6,4-1,1
Gregory Rodrigues,1708.4886904590717,2026-08-22,Middleweight,43,False,0.0,1708.4886904590717,1.0,+2.0 QW +0.0 proof -0.0 blowout -1.0 weak,4,1,2,False,14,4-1,W4,0.07142857142857142,0.0,False,False,False,0.43965089159630927,0.11111111111111109,0.5507620027074204,7.0,7.0,7.0,7.0,7.0,7,3,fight record,score order #7,4-1,1
Anthony Hernandez,1693.8751210204507,2026-08-22,Middleweight,43,False,0.0,1693.8751210204507,1.5,+2.5 QW +0.0 proof -0.0 blowout -1.0 weak,3,2,3,False,13,3-2,L2,0.09478021978021979,0.0,False,False,False,0.3985083421775691,0.13888888888888884,0.5373972310664579,8.0,8.0,8.0,8.0,8.0,8,3,fight record,score order #8,3-2,2
Caio Borralho,1665.483053235122,2026-03-07,Middleweight,211,False,0.0,1665.483053235122,2.0,+3.0 QW +0.0 proof -1.0 blowout -0.0 weak,3,2,3,False,9,4-1,W1,0.0,0.0,False,False,False,0.31857427426456647,0.16666666666666663,0.4852409409312331,9.0,9.0,9.0,9.0,9.0,9,3,fight record,score order #9,4-1,2
Christian Leroy Duncan,1670.7617604754155,2026-07-18,Middleweight,78,False,0.0,1670.7617604754155,0.25,+1.2 QW +0.0 proof -1.0 blowout -0.0 weak,3,0,2,False,10,5-0,W5,0.0,0.0,False,False,False,0.33343576819409676,0.06944444444444442,0.4028802126385412,10.0,10.0,10.0,10.0,10.0,10,3,fight record,score order #10,5-0,0
Yousri Belgaroui,1632.1038735787074,2026-09-12,Middleweight,22,False,0.0,1632.1038735787074,0.0,+0.0 QW +0.0 proof -0.0 blowout -0.0 weak,0,0,0,False,3,3-0,W3,0.0,0.0,False,False,False,0.2245996601677766,0.055555555555555546,0.28015521572333213,11.0,11.0,12.0,11.0,11.0,11,3,fight record,score order #11,3-0,0
Ikram Aliskerov,1637.653982399036,2026-06-27,Middleweight,99,False,0.0,1637.653982399036,-0.5,+0.5 QW +0.0 proof -1.0 blowout -0.0 weak,2,0,0,False,6,4-1,W3,0.06485507246376813,0.0,False,False,False,0.2402252489316198,0.027777777777777773,0.2680030267093976,12.0,11.0,13.0,12.0,12.0,12,3,fight record,score order #12,4-1,0
Michael Page,1602.1302407908727,2026-09-05,Middleweight,29,False,0.0,1602.1302407908727,1.0,+2.0 QW +0.0 proof -0.0 blowout -1.0 weak,3,1,3,False,6,4-1,W4,0.0,0.0,False,False,False,0.14021290760795607,0.11111111111111109,0.2513240187190672,13.0,11.0,16.0,13.0,13.0,13,3,fight record,score order #13,4-1,1
Bo Nickal,1636.1595627986644,2026-06-14,Middleweight,112,False,0.0,1636.1595627986644,-0.75,+0.2 QW +0.0 proof -0.0 blowout -1.0 weak,1,0,0,False,7,4-1,W2,0.09642857142857143,0.0,False,False,False,0.23601791050421728,0.013888888888888886,0.24990679939310617,14.0,13.0,16.0,14.0,14.0,14,3,fight record,score order #14,4-1,0
Cam Rowston,1612.5719935861107,2026-05-02,Middleweight,155,False,0.0,1612.5719935861107,0.25,+0.2 QW +0.0 proof -0.0 blowout -0.0 weak,1,0,0,False,3,3-0,W3,0.0,0.0,False,False,False,0.16961026546776783,0.06944444444444442,0.23905470991221225,15.0,14.0,16.0,15.0,15.0,15,3,fight record,score order #15,3-0,0
Baisangur Susurkaev,1614.8370868975596,2026-05-09,Middleweight,148,False,0.0,1614.8370868975596,0.0,+0.0 QW +0.0 proof -0.0 blowout -0.0 weak,0,0,0,False,3,3-0,W3,0.0,0.0,False,False,False,0.17598733261045083,0.055555555555555546,0.23154288816600638,16.0,15.0,16.099999999999994,16.0,16.0,16,3,fight record,score order #16,3-0,0
Shara Magomedov,1620.711486424963,2026-06-27,Middleweight,99,False,0.0,1620.711486424963,-0.5,+0.5 QW +0.0 proof -1.0 blowout -0.0 weak,2,0,0,False,7,4-1,W2,0.0,0.0,False,False,False,0.19252591846907602,0.027777777777777773,0.22030369624685378,17.0,15.0,20.0,17.0,17.0,17,3,fight record,score order #17,4-1,0
Jacob Malkoun,1610.5008158551916,2026-05-02,Middleweight,155,False,0.0,1610.5008158551916,0.0,+0.0 QW +0.0 proof -0.0 blowout -0.0 weak,0,0,0,False,9,4-1,W3,0.04722222222222223,0.0,False,False,False,0.1637791416956298,0.055555555555555546,0.21933469725118535,18.0,17.0,19.0,18.0,18.0,18,3,fight record,score order #18,4-1,0
Damian Pinas,1610.2792484079032,2026-10-03,Middleweight,1,False,0.0,1610.2792484079032,0.0,+0.0 QW +0.0 proof -0.0 blowout -0.0 weak,0,0,0,False,3,3-0,W3,0.0,0.0,False,False,False,0.1631553481941218,0.055555555555555546,0.21871090374967736,19.0,18.0,20.0,19.0,19.0,19,3,fight record,score order #19,3-0,0
Edmen Shahbazyan,1611.5836408459902,2026-09-19,Middleweight,15,False,0.0,1611.5836408459902,-0.09999999999999998,+0.4 QW +0.5 proof -0.0 blowout -1.0 weak,2,0,1,False,16,4-1,W1,0.09913194444444444,0.0,False,False,False,0.16682769057226773,0.04999999999999999,0.21682769057226772,20.0,18.0,20.0,20.0,20.0,20,3,fight record,score order #20,4-1,0
Ismail Naurdiev,1610.6408956943803,2026-10-03,Middleweight,1,False,0.0,1610.6408956943803,-0.42500000000000004,+0.6 QW +0.0 proof -0.0 blowout -1.0 weak,3,0,0,False,8,3-2,W2,0.0,0.0,False,False,False,0.1641735177397987,0.031944444444444435,0.19611796218424316,21.0,21.0,21.0,21.0,21.0,21,3,fight record,score order #21,3-2,0
Ryan Gandra,1591.9180293695847,2026-09-19,Middleweight,15,False,0.0,1591.9180293695847,0.0,+0.0 QW +0.0 proof -0.0 blowout -0.0 weak,0,0,0,False,3,3-0,W3,0.0,0.0,False,False,False,0.11146179277323486,0.055555555555555546,0.1670173483287904,22.0,22.0,25.0,22.0,22.0,22,3,fight record,score order #22,3-0,0
Abus Magomedov,1609.91662356757,2026-06-27,Middleweight,99,False,0.0,1609.91662356757,-1.0,+1.0 QW +0.0 proof -0.0 blowout -2.0 weak,3,0,1,False,8,4-1,W1,0.056249999999999994,0.0,False,False,False,0.1621344264763626,0.0,0.1621344264763626,23.0,22.0,24.0,23.0,23.0,23,3,fight record,score order #23,4-1,0
Roman Kopylov,1610.830755975463,2026-10-03,Middleweight,1,False,0.0,1610.830755975463,-3.0,+0.0 QW +0.0 proof -2.0 blowout -1.0 weak,0,0,0,False,13,3-2,W2,0.0,0.0,False,False,False,0.1647080439573604,-0.11111111111111109,0.05359693284624932,24.0,23.0,34.0,29.0,24.0,24,3,fight record,score order #29; head-to-head -> #24,3-2,0
Ateba Gautier,1608.0062816885143,2026-10-03,Middleweight,1,False,0.0,1608.0062816885143,-1.0,+0.0 QW +0.0 proof -1.0 blowout -0.0 weak,0,0,0,False,6,4-1,L1,0.08273809523809524,0.0,False,False,False,0.15675611452486735,0.0,0.15675611452486735,25.0,24.0,25.0,24.0,25.0,25,3,fight record,score order #24; head-to-head -> #25,4-1,0
Donte Johnson,1568.4761076774962,2026-08-15,Middleweight,50,False,0.0,1568.4761076774962,0.0,+0.0 QW +0.0 proof -0.0 blowout -0.0 weak,0,0,0,False,3,3-0,W3,0.0,0.0,False,False,False,0.04546419884261728,0.055555555555555546,0.10101975439817282,26.0,26.0,29.0,25.0,26.0,26,3,fight record,score order #25; head-to-head -> #26,3-0,0
Israel Adesanya,1675.0410099423195,2026-03-28,Middleweight,190,False,0.0,1675.0410099423195,5.1499999999999995,+6.1 QW +0.0 proof -0.0 blowout -1.0 weak,11,10,11,True,19,1-4,L4,0.05906432748538012,0.6,False,False,False,0.3454834224928423,0.34166666666666656,0.08715008915950884,27.0,23.0,32.0,26.0,27.0,27,3,fight record,score order #26; head-to-head -> #27,1-4,10
Nursulton Ruziboev,1600.1873632595318,2026-09-05,Middleweight,29,False,0.0,1600.1873632595318,-2.0,+0.0 QW +0.0 proof -1.0 blowout -1.0 weak,0,0,0,False,7,3-2,L1,0.0,0.0,False,False,False,0.13474299588081173,-0.055555555555555546,0.07918744032525618,28.0,26.0,30.0,27.0,28.0,28,3,fight record,score order #27; head-to-head -> #28,3-2,0
Roman Dolidze,1629.7655686508558,2026-08-22,Middleweight,43,False,0.0,1629.7655686508558,-0.8999999999999999,+3.1 QW +0.0 proof -1.0 blowout -3.0 weak,4,3,4,False,15,2-3,L3,0.045000000000000005,0.15,False,False,False,0.21801647551502715,0.005555555555555559,0.07357203107058272,29.0,27.0,29.0,28.0,29.0,29,3,fight record,score order #28; head-to-head -> #29,2-3,3
Vicente Luque,1645.3757702042044,2026-08-15,Middleweight,50,False,0.0,1645.3757702042044,-2.4000000000000004,+1.6 QW +0.0 proof -2.0 blowout -2.0 weak,4,3,3,False,26,2-3,L1,0.04493006993006993,0.15,False,False,False,0.26196490930067085,-0.07777777777777777,0.03418713152289307,30.0,27.0,36.0,30.0,30.0,30,3,fight record,score order #30,2-3,3
Cezary Oleksiejczuk,1543.5657544832534,2025-12-13,Middleweight,295,False,0.0,1543.5657544832534,0.0,+0.0 QW +0.0 proof -0.0 blowout -0.0 weak,0,0,0,False,1,1-0,W1,0.0,0.0,False,False,False,-0.024667567502150753,0.055555555555555546,0.030887988053404793,31.0,27.0,32.0,31.0,31.0,31,3,fight record,score order #31,1-0,0
JunYong Park,1572.278601826095,2025-10-25,Middleweight,344,False,0.0,1572.278601826095,-1.75,+0.2 QW +0.0 proof -1.0 blowout -1.0 weak,1,0,0,False,13,3-2,L1,0.04551282051282051,0.0,False,False,False,0.056169612333844154,-0.04166666666666666,0.014502945667177497,32.0,30.0,34.0,32.0,32.0,32,3,fight record,score order #32,3-2,0
Matthieu Duclos,1535.5572308851465,2026-09-05,Middleweight,29,False,0.0,1535.5572308851465,0.0,+0.0 QW +0.0 proof -0.0 blowout -0.0 weak,0,0,0,False,1,1-0,W1,0.0,0.0,False,False,False,-0.04721449413018425,0.055555555555555546,0.008341061425371298,33.0,29.0,33.0,33.0,33.0,33,3,fight record,score order #33,1-0,0
Eryk Anders,1537.1934733979451,2026-03-14,Middleweight,204,False,0.0,1537.1934733979451,-0.42500000000000004,+0.6 QW +0.0 proof -1.0 blowout -0.0 weak,3,0,0,False,20,3-2,W1,0.028750000000000005,0.0,False,False,False,-0.042607872269138536,0.031944444444444435,-0.0106634278246941,34.0,31.0,35.0,34.0,34.0,34,3,fight record,score order #34,3-2,0
Mantas Kondratavicius,1521.4345251972418,2026-03-21,Middleweight,197,False,0.0,1521.4345251972418,0.0,+0.0 QW +0.0 proof -0.0 blowout -0.0 weak,0,0,0,False,1,1-0,W1,0.0,0.0,False,False,False,-0.0869750823376999,0.055555555555555546,-0.03141952678214436,35.0,32.0,38.0,35.0,35.0,35,3,fight record,score order #35,1-0,0
Marco Tulio,1534.7717698476774,2026-05-09,Middleweight,148,False,0.0,1534.7717698476774,-2.0,+0.0 QW +0.0 proof -0.0 blowout -2.0 weak,0,0,0,False,4,2-2,L2,0.10625000000000001,0.0,False,False,False,-0.04942585458433595,-0.055555555555555546,-0.1049814101398915,36.0,36.0,37.0,38.0,36.0,36,3,fight record,score order #38; head-to-head -> #36,2-2,0
Tresean Gore,1541.699586931075,2026-08-15,Middleweight,50,False,0.0,1541.699586931075,-1.75,+0.2 QW +0.0 proof -1.0 blowout -1.0 weak,1,0,0,False,8,3-2,W2,0.1375,0.0,False,False,False,-0.029921512546969144,-0.04166666666666666,-0.0715881792136358,37.0,32.0,38.0,36.0,37.0,37,3,fight record,score order #36; head-to-head -> #37,3-2,0
Kelvin Gastelum,1583.8379874136956,2026-04-11,Middleweight,176,False,0.0,1583.8379874136956,-1.2500000000000002,+1.5 QW +0.2 proof -1.0 blowout -2.0 weak,9,4,7,True,26,2-3,L1,0.0,0.15,False,False,False,0.08871351577821807,-0.013888888888888899,-0.07517537311067082,38.0,35.0,38.0,37.0,38.0,38,3,fight record,score order #37; head-to-head -> #38,2-3,4
Luis Felipe Dias,1509.4427691148535,2026-09-05,Middleweight,29,False,0.0,1509.4427691148535,-1.0,+0.0 QW +0.0 proof -1.0 blowout -0.0 weak,0,0,0,False,2,1-1,L1,0.21250000000000002,0.0,False,False,False,-0.12073626705778953,0.0,-0.12073626705778953,39.0,39.0,40.0,39.0,39.0,39,3,fight record,score order #39,1-1,0
Jack Hermansson,1552.3275161063762,2025-11-22,Middleweight,316,False,0.0,1552.3275161063762,-1.1,+0.9 QW +0.0 proof -2.0 blowout -0.0 weak,5,2,3,False,19,2-3,L2,0.13215488215488216,0.15,False,False,False,0.0,-0.005555555555555559,-0.15555555555555556,40.0,40.0,42.0,40.0,40.0,40,3,fight record,score order #40,2-3,2
Mansur Abdul-Malik,1508.1548837660164,2026-08-15,Middleweight,50,False,0.0,1508.1548837660164,-2.0,+0.0 QW +0.0 proof -0.0 blowout -2.0 weak,0,0,0,False,6,3-2,L2,0.07083333333333335,0.0,False,False,False,-0.12436213593484619,-0.055555555555555546,-0.17991769149040174,41.0,41.0,43.0,41.0,41.0,41,3,fight record,score order #41,3-2,0
Rodolfo Vieira,1579.7936153308285,2026-09-26,Middleweight,8,False,0.0,1579.7936153308285,-3.0,+0.0 QW +0.0 proof -0.0 blowout -3.0 weak,0,0,0,False,12,2-3,W1,0.05327380952380952,0.15,False,False,False,0.07732712732699006,-0.11111111111111109,-0.18378398378412103,42.0,39.0,48.0,42.0,42.0,42,3,fight record,score order #42,2-3,0
Jackson McVey,1499.9218600896697,2026-08-22,Middleweight,43,False,0.0,1499.9218600896697,-2.0,+0.0 QW +0.0 proof -1.0 blowout -1.0 weak,0,0,0,False,4,2-2,W2,0.0,0.0,False,False,False,-0.14754111249443716,-0.055555555555555546,-0.2030966680499927,43.0,42.0,44.0,43.0,43.0,43,3,fight record,score order #43,2-2,0
Michal Oleksiejczuk,1533.624606124683,2026-06-27,Middleweight,99,False,0.0,1533.624606124683,-3.75,+0.2 QW +0.0 proof -4.0 blowout -0.0 weak,1,0,0,False,19,3-2,L1,0.0,0.0,False,False,False,-0.052655540552772474,-0.15277777777777776,-0.20543331833055023,44.0,41.0,51.0,44.0,44.0,44,3,fight record,score order #44,3-2,0
Tre'ston Vines,1464.5571905466759,2025-10-04,Middleweight,365,False,0.0,1464.5571905466759,-1.0,+0.0 QW +0.0 proof -1.0 blowout -0.0 weak,0,0,0,False,1,0-1,L1,0.42500000000000004,0.0,False,False,False,-0.24710560770289494,0.0,-0.24710560770289494,45.0,43.0,47.0,45.0,45.0,45,3,fight record,score order #45,0-1,0
Torrez Finney,1462.5091036850222,2026-01-31,Middleweight,246,False,0.0,1462.5091036850222,-1.0,+0.0 QW +0.0 proof -1.0 blowout -0.0 weak,0,0,0,False,2,1-1,L1,0.0,0.0,False,False,False,-0.25287172222223797,0.0,-0.25287172222223797,46.0,44.0,48.0,46.0,46.0,46,3,fight record,score order #46,1-1,0
Julien Leblanc,1461.8802989644205,2026-04-18,Middleweight,169,False,0.0,1461.8802989644205,-1.0,+0.0 QW +0.0 proof -1.0 blowout -0.0 weak,0,0,0,False,1,0-1,L1,0.0,0.0,False,False,False,-0.2546420377772947,0.0,-0.2546420377772947,47.0,45.0,49.0,47.0,47.0,47,3,fight record,score order #47,0-1,0
Vlasto Cepo,1461.4603102072808,2026-08-01,Middleweight,64,False,0.0,1461.4603102072808,-1.0,+0.0 QW +0.0 proof -1.0 blowout -0.0 weak,0,0,0,False,1,0-1,L1,0.5916666666666667,0.0,False,False,False,-0.25582445992737307,0.0,-0.25582445992737307,48.0,46.0,50.099999999999994,48.0,48.0,48,3,fight record,score order #48,0-1,0
Ryan Loder,1476.371408308378,2025-11-22,Middleweight,316,False,0.0,1476.371408308378,-2.0,+0.0 QW +0.0 proof -2.0 blowout -0.0 weak,0,0,0,False,3,1-2,L2,0.4083333333333334,0.0,False,False,False,-0.2138442583695826,-0.055555555555555546,-0.2693998139251381,49.0,46.0,52.099999999999994,49.0,49.0,49,3,fight record,score order #49,1-2,0
Kyle Daukaus,1503.3546158665413,2026-06-14,Middleweight,112,False,0.0,1503.3546158665413,-0.75,+0.2 QW +0.0 proof -1.0 blowout -0.0 weak,1,0,0,False,10,2-3,L1,0.18166666666666667,0.15,False,False,False,-0.1378766479167993,0.013888888888888886,-0.2739877590279104,50.0,50.0,52.0,50.0,50.0,50,3,fight record,score order #50,2-3,0
YiSak Lee,1455.0,2026-05-30,Middleweight,127,False,0.0,1455.0,-1.0,+0.0 QW +0.0 proof -1.0 blowout -0.0 weak,0,0,0,False,1,0-1,L1,0.42500000000000004,0.0,False,False,False,-0.27401259890873647,0.0,-0.27401259890873647,51.0,47.0,55.0,51.0,51.0,51,3,fight record,score order #51,0-1,0
Wes Schultz,1470.5886762243213,2026-08-22,Middleweight,43,False,0.0,1470.5886762243213,-2.0,+0.0 QW +0.0 proof -2.0 blowout -0.0 weak,0,0,0,False,3,1-2,L1,0.3833333333333333,0.0,False,False,False,-0.23012476680682115,-0.055555555555555546,-0.28568032236237667,52.0,50.900000000000006,54.0,52.0,52.0,52,3,fight record,score order #52,1-2,0
Ben Johnston,1449.2039558783622,2026-05-02,Middleweight,155,False,0.0,1449.2039558783622,-1.0,+0.0 QW +0.0 proof -0.0 blowout -1.0 weak,0,0,0,False,1,0-1,L1,0.0,0.0,False,False,False,-0.2903305856065973,0.0,-0.2903305856065973,53.0,49.0,57.0,53.0,53.0,53,3,fight record,score order #53,0-1,0
Azamat Bekoev,1464.6341550415966,2026-04-04,Middleweight,183,False,0.0,1464.6341550415966,-2.0,+0.0 QW +0.0 proof -0.0 blowout -2.0 weak,0,0,0,False,4,2-2,L2,0.10625000000000001,0.0,False,False,False,-0.24688892446550623,-0.055555555555555546,-0.3024444800210618,54.0,51.0,55.0,54.0,54.0,54,3,fight record,score order #54,2-2,0
Cesar Almeida,1532.1219247194942,2026-07-11,Middleweight,85,False,0.0,1532.1219247194942,-3.0,+0.0 QW +0.0 proof -2.0 blowout -1.0 weak,0,0,0,False,6,2-3,L2,0.07083333333333335,0.15,False,False,False,-0.0568861389861852,-0.11111111111111109,-0.3179972500972963,55.0,45.0,56.0,55.0,55.0,55,3,fight record,score order #55,2-3,0
Robert Bryczek,1470.13391837017,2026-09-26,Middleweight,8,False,0.0,1470.13391837017,-2.75,+0.2 QW +0.0 proof -3.0 blowout -0.0 weak,1,0,0,False,4,1-3,L2,0.0,0.0,False,False,False,-0.23140507669733504,-0.0972222222222222,-0.3286272989195572,56.0,55.0,56.0,56.0,56.0,56,3,fight record,score order #56,1-3,0
Brunno Ferreira,1527.301907075981,2026-09-19,Middleweight,15,False,0.0,1527.301907075981,-3.5,+0.5 QW +0.0 proof -2.0 blowout -2.0 weak,1,0,1,False,11,2-3,L3,0.06590909090909092,0.15,False,False,False,-0.07045625372990764,-0.13888888888888884,-0.35934514261879646,57.0,53.0,58.0,57.0,57.0,57,3,fight record,score order #57,2-3,0
Jared Cannonier,1622.268644198188,2026-07-18,Middleweight,78,False,0.0,1622.268644198188,-0.40000000000000036,+3.6 QW +0.0 proof -2.0 blowout -2.0 weak,7,6,7,True,21,1-4,L2,0.048684210526315795,0.6,False,False,False,0.19690988782760757,0.033333333333333305,-0.3697567788390591,58.0,57.0,58.0,58.0,58.0,58,3,fight record,score order #58,1-4,6
Cody Brundage,1517.1813197627055,2026-05-16,Middleweight,141,False,0.0,1517.1813197627055,-3.75,+0.2 QW +0.0 proof -0.0 blowout -4.0 weak,1,0,0,False,16,2-3,W1,0.055965909090909094,0.15,False,False,False,-0.09894941314807704,-0.15277777777777776,-0.40172719092585485,59.0,59.0,62.0,59.0,59.0,59,3,fight record,score order #59,2-3,0
Robert Valentin,1495.5980306616523,2026-08-01,Middleweight,64,False,0.0,1495.5980306616523,-3.0,+0.0 QW +0.0 proof -1.0 blowout -2.0 weak,0,0,0,False,5,2-3,W2,0.17,0.15,False,False,False,-0.15971427570877633,-0.11111111111111109,-0.42082538681988746,60.0,60.0,61.0,60.0,60.0,60,3,fight record,score order #60,2-3,0
Zach Reese,1513.7060620375019,2026-07-11,Middleweight,85,False,0.0,1513.7060620375019,-4.0,+0.0 QW +0.0 proof -3.0 blowout -1.0 weak,0,0,0,False,9,2-3,L2,0.17253086419753086,0.15,False,False,False,-0.10873353627436651,-0.16666666666666663,-0.4254002029410331,61.0,60.0,64.0,61.0,61.0,61,3,fight record,score order #61,2-3,0
Djorden Santos,1436.9134469802145,2026-09-12,Middleweight,22,False,0.0,1436.9134469802145,-3.0,+0.0 QW +0.0 proof -1.0 blowout -2.0 weak,0,0,0,False,4,1-3,L2,0.10625000000000001,0.0,False,False,False,-0.3249328689055108,-0.11111111111111109,-0.4360439800166219,62.0,59.0,64.0,62.0,62.0,62,3,fight record,score order #62,1-3,0
Dustin Stoltzfus,1486.010341692689,2026-08-15,Middleweight,50,False,0.0,1486.010341692689,-3.0,+0.0 QW +0.0 proof -1.0 blowout -2.0 weak,0,0,0,False,11,2-3,W1,0.07727272727272728,0.15,False,False,False,-0.1867071311417953,-0.11111111111111109,-0.44781824225290634,63.0,63.0,63.0,63.0,63.0,63,3,fight record,score order #63,2-3,0
Andre Petroski,1511.2037684233762,2026-05-16,Middleweight,141,False,0.0,1511.2037684233762,-4.85,+0.1 QW +0.0 proof -3.0 blowout -2.0 weak,1,0,0,False,13,2-3,L3,0.20305429864253394,0.15,False,False,False,-0.11577840913118422,-0.2138888888888888,-0.479667298020073,64.0,62.0,66.0,64.0,64.0,64,3,fight record,score order #64,2-3,0
Nick Klein,1416.2454915332512,2025-08-02,Middleweight,428,False,18.0,1398.2454915332512,-2.0,+0.0 QW +0.0 proof -0.0 blowout -2.0 weak,0,0,0,False,2,0-2,L2,0.5083333333333333,0.0,False,False,False,-0.433797323587875,-0.055555555555555546,-0.4893528791434305,65.0,61.0,66.0,65.0,65.0,65,3,fight record,score order #65,0-2,0
Ozzy Diaz,1412.1675118981814,2026-09-19,Middleweight,15,False,0.0,1412.1675118981814,-3.0,+0.0 QW +0.0 proof -2.0 blowout -1.0 weak,0,0,0,False,4,1-3,L2,0.31875000000000003,0.0,False,False,False,-0.3946017380549472,-0.11111111111111109,-0.5057128491660583,66.0,65.0,66.0,66.0,66.0,66,3,fight record,score order #66,1-3,0
Andre Muniz,1557.318735448338,2025-10-04,Middleweight,365,False,0.0,1557.318735448338,-1.3250000000000002,+0.7 QW +0.0 proof -2.0 blowout -0.0 weak,2,1,1,False,10,1-4,L2,0.1698529411764706,0.6,False,False,False,0.014052110218447406,-0.01805555555555556,-0.6040034453371081,67.0,67.0,68.0,67.0,67.0,67,3,fight record,score order #67,1-4,1
Eric McConico,1419.5550944036488,2026-08-15,Middleweight,50,False,0.0,1419.5550944036488,-3.0,+0.0 QW +0.0 proof -1.0 blowout -2.0 weak,0,0,0,False,5,2-3,L1,0.3383333333333333,0.15,False,False,False,-0.3738029879896177,-0.11111111111111109,-0.6349140991007288,68.0,68.0,70.0,68.0,68.0,68,3,fight record,score order #68,2-3,0
Antonio Trocoli,1372.3376793601888,2026-03-21,Middleweight,197,False,0.0,1372.3376793601888,-4.0,+0.0 QW +0.0 proof -2.0 blowout -2.0 weak,0,0,0,False,4,0-4,L4,0.14791666666666667,0.0,False,False,False,-0.5067373022247608,-0.16666666666666663,-0.6734039688914274,69.0,69.0,71.0,69.0,69.0,69,3,fight record,score order #69,0-4,0
Marvin Vettori,1608.4930141879638,2026-10-03,Middleweight,1,False,0.0,1608.4930141879638,-1.6750000000000003,+2.3 QW +0.0 proof -2.0 blowout -2.0 weak,5,4,4,True,19,0-5,L5,0.0,0.8,False,False,False,0.15812644475092333,-0.037500000000000006,-0.6793735552490767,70.0,69.0,71.0,70.0,70.0,70,3,fight record,score order #70,0-5,4
Michel Pereira,1570.419778931564,2026-06-27,Middleweight,99,False,0.0,1570.419778931564,-3.7,+0.3 QW +0.0 proof -2.0 blowout -2.0 weak,1,0,1,False,16,1-4,L1,0.09618055555555555,0.6,False,False,False,0.05093634518989706,-0.14999999999999997,-0.6990636548101029,71.0,68.0,72.0,71.0,71.0,71,3,fight record,score order #71,1-4,0
Jose Daniel Medina,1348.4371400199516,2026-02-28,Middleweight,218,False,0.0,1348.4371400199516,-4.0,+0.0 QW +0.0 proof -4.0 blowout -0.0 weak,0,0,0,False,4,0-4,L4,0.21250000000000002,0.0,False,False,False,-0.574026072779441,-0.16666666666666663,-0.7406927394461076,72.0,70.0,72.0,72.0,72.0,72,3,fight record,score order #72,0-4,0
Brad Tavares,1504.1079838237981,2026-03-14,Middleweight,204,False,0.0,1504.1079838237981,-3.075,+0.9 QW +0.0 proof -0.0 blowout -4.0 weak,7,0,4,False,28,1-4,L2,0.13367521367521368,0.6,False,False,False,-0.1357556412358429,-0.11527777777777776,-0.8510334190136206,73.0,73.0,73.0,73.0,73.0,73,3,fight record,score order #73,1-4,0
Marc-Andre Barriault,1491.198563093061,2026-02-07,Middleweight,239,False,0.0,1491.198563093061,-5.0,+0.0 QW +0.0 proof -4.0 blowout -1.0 weak,0,0,0,False,17,1-4,L2,0.09787581699346405,0.6,False,False,False,-0.17210038798731023,-0.22222222222222218,-0.9943226102095324,74.0,74.0,75.0,74.0,74.0,74,3,fight record,score order #74,1-4,0
Gerald Meerschaert,1557.4808176822335,2026-05-02,Middleweight,155,False,0.0,1557.4808176822335,-5.0,+0.0 QW +0.0 proof -2.0 blowout -3.0 weak,0,0,0,False,26,0-5,L5,0.09668803418803419,0.8,False,False,False,0.014508431060932435,-0.22222222222222218,-1.0077137911612897,75.0,74.0,77.0,75.0,75.0,75,3,fight record,score order #75,0-5,0
Dusko Todorovic,1443.9958193046116,2026-08-01,Middleweight,64,False,0.0,1443.9958193046116,-3.0,+0.0 QW +0.0 proof -2.0 blowout -1.0 weak,0,0,0,False,11,1-4,L1,0.15454545454545457,0.6,False,False,False,-0.30499339726702507,-0.11111111111111109,-1.0161045083781362,76.0,74.0,76.0,76.0,76.0,76,3,fight record,score order #76,1-4,0
Andrey Pulyaev,1449.3076168944676,2026-10-03,Middleweight,1,False,0.0,1449.3076168944676,-4.0,+0.0 QW +0.0 proof -3.0 blowout -1.0 weak,0,0,0,False,5,1-4,L3,0.085,0.6,False,False,False,-0.2900387418858809,-0.16666666666666663,-1.0567054085525476,77.0,76.0,77.0,77.0,77.0,77,3,fight record,score order #77,1-4,0
Sedriques Dumas,1355.7973926881534,2026-09-26,Middleweight,8,False,0.0,1355.7973926881534,-5.0,+0.0 QW +0.0 proof -4.0 blowout -1.0 weak,0,0,0,False,10,1-4,L4,0.09382352941176471,0.6,False,False,False,-0.5533042662141255,-0.22222222222222218,-1.3755264884363476,78.0,78.0,78.0,78.0,78.0,78,3,fight record,score order #78,1-4,0
Islam Makhachev,1883.4021032472083,2026-08-15,Welterweight,50,False,0.0,1883.4021032472083,11.225,+11.2 QW +0.0 proof -0.0 blowout -0.0 weak,13,8,9,True,19,5-0,W17,0.0,0.0,True,False,False,0.9649400306322058,0.6537433155080218,1.6186833461402275,,0.0,0.0,,,0,0,title holder or reserved,title holder,5-0,8
Michael Morales,1707.8302182348268,2025-11-15,Welterweight,323,False,0.0,1707.8302182348268,3.25,+3.2 QW +0.0 proof -0.0 blowout -0.0 weak,4,2,3,False,7,5-0,W7,0.0,0.0,False,False,False,0.45022590328699247,0.22727272727272743,0.6774986305597199,1.0,1.0,1.0,4.0,1.0,1,3,fight record,score order #4; head-to-head -> #1,5-0,2
Sean Brady,1735.6473705308417,2026-05-09,Welterweight,148,False,0.0,1735.6473705308417,3.75,+4.8 QW +0.0 proof -1.0 blowout -0.0 weak,7,4,5,True,11,4-1,W1,0.08989898989898991,0.0,False,False,False,0.531775869377876,0.25401069518716596,0.7857865645650419,2.0,2.0,2.0,1.0,2.0,2,3,fight record,score order #1; head-to-head -> #2,4-1,4
Carlos Prates,1738.813861213121,2026-05-02,Welterweight,155,False,0.0,1738.813861213121,3.25,+4.2 QW +0.0 proof -0.0 blowout -1.0 weak,5,2,4,False,8,4-1,W3,0.0,0.0,False,False,False,0.5410588903362784,0.22727272727272743,0.7683316176090058,3.0,3.0,3.0,2.0,4.0,3,3,fight record,score order #2; head-to-head -> #4; title cycle -> #3,4-1,2
Ian Machado Garry,1728.6001166380613,2026-08-15,Welterweight,50,False,0.0,1728.6001166380613,3.5999999999999996,+4.1 QW +0.5 proof -1.0 blowout -0.0 weak,6,2,6,True,12,3-2,L1,0.0,0.0,False,False,False,0.5111158352423034,0.24598930481283438,0.7571051400551378,4.0,4.0,4.0,3.0,3.0,4,3,fight record,score order #3; title cycle -> #4,3-2,2
Jack Della Maddalena,1665.233154986485,2026-05-02,Welterweight,155,False,0.0,1665.233154986485,2.95,+4.0 QW +0.0 proof -1.0 blowout -0.0 weak,4,2,3,False,10,3-2,L2,0.030000000000000006,0.0,False,False,False,0.32534651137414194,0.21122994652406432,0.5365764578982063,5.0,5.0,6.0,6.0,5.0,5,3,fight record,score order #6; head-to-head -> #5,3-2,2
Gabriel Bonfim,1681.8611780059255,2026-06-06,Welterweight,120,False,0.0,1681.8611780059255,1.25,+2.2 QW +0.0 proof -0.0 blowout -1.0 weak,3,1,2,False,8,5-0,W5,0.10600961538461538,0.0,False,False,False,0.37409394241826294,0.12032085561497334,0.4944147980332363,6.0,6.0,7.0,9.0,6.0,6,3,fight record,score order #9; head-to-head -> #6,5-0,1
Belal Muhammad,1709.9296847564528,2026-06-06,Welterweight,120,False,0.0,1709.9296847564528,3.675,+5.7 QW +0.0 proof -2.0 blowout -0.0 weak,7,6,6,True,22,2-3,L3,0.029583333333333333,0.15,False,False,False,0.45638079009300364,0.25000000000000017,0.5563807900930038,7.0,7.0,8.0,5.0,7.0,7,3,fight record,score order #5; head-to-head -> #7,2-3,6
Leon Edwards,1704.6305701756698,2025-11-15,Welterweight,323,False,0.0,1704.6305701756698,3.5749999999999993,+4.6 QW +0.0 proof -0.0 blowout -1.0 weak,8,4,7,True,20,2-3,L3,0.020000000000000004,0.15,False,False,False,0.44084567672927993,0.24465240641711244,0.5354980831463924,8.0,8.0,9.0,7.0,8.0,8,3,fight record,score order #7; head-to-head -> #8,2-3,4
Joaquin Buckley,1695.772694268385,2026-05-09,Welterweight,148,False,0.0,1695.772694268385,0.75,+2.8 QW +0.0 proof -2.0 blowout -0.0 weak,4,2,3,False,17,3-2,L2,0.10735294117647058,0.0,False,False,False,0.4148775448303215,0.09358288770053483,0.5084604325308564,9.0,5.0,9.0,8.0,9.0,9,3,fight record,score order #8; head-to-head -> #9,3-2,2
Kamaru Usman,1812.3030905833527,2026-07-18,Welterweight,78,False,0.0,1812.3030905833527,4.199999999999999,+5.2 QW +0.0 proof -1.0 blowout -0.0 weak,9,9,9,True,20,1-4,L1,0.027205882352941177,0.6,False,False,False,0.7565030917920155,0.2780748663101606,0.43457795810217614,10.0,10.0,10.0,10.0,10.0,10,3,override (config),score order #10,1-4,9
Daniil Donchenko,1648.7868788788044,2026-09-05,Welterweight,29,False,0.0,1648.7868788788044,0.25,+0.2 QW +0.0 proof -0.0 blowout -0.0 weak,1,0,0,False,4,4-0,W4,0.0,0.0,False,False,False,0.2771318974326996,0.0668449197860963,0.3439768172187959,11.0,11.0,11.0,11.0,11.0,11,3,fight record,score order #11,4-0,0
Rinat Fakhretdinov,1645.97439996895,2025-09-06,Welterweight,393,False,8.0,1637.97439996895,0.4,+0.4 QW +0.0 proof -0.0 blowout -0.0 weak,2,0,0,False,7,5-0,W6,0.0,0.0,False,False,False,0.2454335668820434,0.07486631016042786,0.32029987704247126,12.0,12.0,14.0,12.0,12.0,12,3,fight record,score order #12,5-0,0
Jacobe Smith,1641.862385074413,2026-10-03,Welterweight,1,False,0.0,1641.862385074413,0.0,+0.0 QW +0.0 proof -0.0 blowout -0.0 weak,0,0,0,False,4,4-0,W4,0.0,0.0,False,False,False,0.25683175207865655,0.053475935828877046,0.3103076879075336,13.0,13.0,13.0,13.0,13.0,13,3,fight record,score order #13,4-0,0
Mike Malott,1637.0378705895855,2026-04-18,Welterweight,169,False,0.0,1637.0378705895855,0.0,+1.0 QW +0.0 proof -0.0 blowout -1.0 weak,2,0,2,False,8,4-1,W4,0.09289772727272727,0.0,False,False,False,0.2426879968712259,0.053475935828877046,0.29616393270010294,14.0,14.0,15.099999999999994,14.0,14.0,14,3,fight record,score order #14,4-1,0
Yaroslav Amosov,1609.227835552532,2026-05-09,Welterweight,148,False,0.0,1609.227835552532,0.5,+0.5 QW +0.0 proof -0.0 blowout -0.0 weak,2,0,0,False,2,2-0,W2,0.0,0.0,False,False,False,0.16115889604436323,0.08021390374331556,0.24137279978767878,15.0,14.0,23.0,19.0,15.0,15,3,fight record,score order #19; head-to-head -> #15,2-0,0
Neil Magny,1650.8106415244147,2026-08-15,Welterweight,50,False,0.0,1650.8106415244147,-0.8999999999999999,+2.1 QW +0.0 proof -3.0 blowout -0.0 weak,11,3,7,True,38,3-2,W1,0.059057971014492755,0.0,False,False,False,0.2830648474834192,0.005347593582887709,0.2884124410663069,16.0,12.0,16.0,15.0,16.0,16,3,fight record,score order #15; head-to-head -> #16,3-2,3
Uros Medic,1631.4831351153327,2026-08-01,Welterweight,64,False,0.0,1631.4831351153327,-0.5,+1.5 QW +0.0 proof -1.0 blowout -1.0 weak,4,0,2,False,11,4-1,W4,0.04772727272727272,0.0,False,False,False,0.22640349424677728,0.026737967914438523,0.2531414621612158,17.0,16.0,18.0,18.0,17.0,17,3,fight record,score order #18; head-to-head -> #17,4-1,0
Daniel Rodriguez,1635.2649753732564,2026-08-01,Welterweight,64,False,0.0,1635.2649753732564,-0.4750000000000001,+1.5 QW +0.0 proof -1.0 blowout -1.0 weak,6,0,3,False,15,3-2,L1,0.05666666666666667,0.0,False,False,False,0.2374905006201435,0.028074866310160443,0.26556536693030397,18.0,17.0,19.0,16.0,18.0,18,3,fight record,score order #16; head-to-head -> #18,3-2,0
Jeremiah Wells,1638.1937905179038,2026-08-15,Welterweight,50,False,0.0,1638.1937905179038,-0.775,+0.2 QW +0.0 proof -0.0 blowout -1.0 weak,2,0,0,False,8,3-2,W2,0.0,0.0,False,False,False,0.2460767416986984,0.012032085561497334,0.25810882726019574,19.0,17.0,19.0,17.0,19.0,19,3,fight record,score order #17; head-to-head -> #19,3-2,0
Myktybek Orolbai,1637.355943331745,2026-08-15,Welterweight,50,False,0.0,1637.355943331745,-1.75,+0.2 QW +0.0 proof -0.0 blowout -2.0 weak,1,0,0,False,7,3-2,L1,0.0,0.0,False,False,False,0.24362047267110348,-0.04010695187165778,0.2035135207994457,20.0,20.0,22.0,21.0,20.0,20,3,fight record,score order #21; head-to-head -> #20,3-2,0
Sam Patterson,1628.2498553492437,2026-07-25,Welterweight,71,False,0.0,1628.2498553492437,-0.75,+0.2 QW +0.0 proof -0.0 blowout -1.0 weak,1,0,0,False,7,4-1,W1,0.06071428571428572,0.0,False,False,False,0.21692467152326383,0.013368983957219261,0.23029365548048308,21.0,20.0,22.0,20.0,21.0,21,3,fight record,score order #20; head-to-head -> #21,4-1,0
Jake Matthews,1639.573556324424,2026-05-30,Welterweight,127,False,0.0,1639.573556324424,-1.925,+0.1 QW +0.0 proof -0.0 blowout -2.0 weak,1,0,0,False,24,4-1,W1,0.0,0.0,False,False,False,0.2501217227786347,-0.04946524064171127,0.20065648213692344,22.0,21.0,23.0,22.0,22.0,22,3,fight record,score order #22,4-1,0
Joel Alvarez,1626.0854138368745,2026-08-15,Welterweight,50,False,0.0,1626.0854138368745,-1.2,+0.8 QW +0.0 proof -1.0 blowout -1.0 weak,3,0,1,False,12,3-2,L2,0.04285714285714285,0.0,False,False,False,0.2105793012257911,-0.010695187165775406,0.1998841140600157,23.0,21.0,24.0,23.0,23.0,23,3,fight record,score order #23,3-2,0
Kevin Holland,1659.4310966425705,2026-04-11,Welterweight,176,False,0.0,1659.4310966425705,-3.175,+1.8 QW +0.0 proof -2.0 blowout -3.0 weak,8,0,2,False,29,3-2,W1,0.03045977011494253,0.0,False,False,False,0.3083369463342533,-0.11631016042780756,0.19202678590644573,24.0,16.0,26.0,24.0,24.0,24,3,fight record,score order #24,3-2,0
Ty Miller,1575.966220331607,2026-08-08,Welterweight,57,False,0.0,1575.966220331607,0.0,+0.0 QW +0.0 proof -0.0 blowout -0.0 weak,0,0,0,False,2,2-0,W2,0.0,0.0,False,False,False,0.06364770710130802,0.053475935828877046,0.11712364293018507,25.0,24.0,25.0,25.0,25.0,25,3,fight record,score order #25,2-0,0
Jonathan Micallef,1572.5735141822206,2026-05-02,Welterweight,155,False,0.0,1572.5735141822206,0.0,+0.0 QW +0.0 proof -0.0 blowout -0.0 weak,0,0,0,False,3,3-0,W3,0.0,0.0,False,False,False,0.053701503101179986,0.053475935828877046,0.10717743893005703,26.0,25.0,27.0,26.0,26.0,26,3,fight record,score order #26,3-0,0
Jean-Paul Lebosnoyani,1534.5750099120319,2026-07-18,Welterweight,78,False,0.0,1534.5750099120319,0.0,+0.0 QW +0.0 proof -0.0 blowout -0.0 weak,0,0,0,False,2,2-0,W2,0.0,0.0,False,False,False,-0.057696554534723894,0.053475935828877046,-0.004220618705846849,27.0,27.0,37.0,32.0,27.0,27,3,fight record,score order #32; head-to-head -> #27,2-0,0
Seokhyeon Ko,1583.4352454765744,2026-07-18,Welterweight,78,False,0.0,1583.4352454765744,-1.0,+0.0 QW +0.0 proof -0.0 blowout -1.0 weak,0,0,0,False,3,2-1,L1,0.0,0.0,False,False,False,0.0855442240712104,0.0,0.0855442240712104,28.0,26.0,28.0,27.0,28.0,28,3,fight record,score order #27; head-to-head -> #28,2-1,0
Tahir Abdullayev,1545.0,2026-06-27,Welterweight,99,False,0.0,1545.0,0.0,+0.0 QW +0.0 proof -0.0 blowout -0.0 weak,0,0,0,False,1,1-0,W1,0.0,0.0,False,False,False,-0.02713420296384108,0.053475935828877046,0.026341732865035966,29.0,28.0,31.0,28.0,29.0,29,3,fight record,score order #28; head-to-head -> #29,1-0,0
Levan Chokheli,1545.0,2026-06-20,Welterweight,106,False,0.0,1545.0,0.0,+0.0 QW +0.0 proof -0.0 blowout -0.0 weak,0,0,0,False,1,1-0,W1,0.0,0.0,False,False,False,-0.02713420296384108,0.053475935828877046,0.026341732865035966,30.0,29.0,30.0,29.0,30.0,30,3,fight record,score order #29; head-to-head -> #30,1-0,0
Michael Oliveira,1544.5061653703137,2026-08-01,Welterweight,64,False,0.0,1544.5061653703137,0.0,+0.0 QW +0.0 proof -0.0 blowout -0.0 weak,0,0,0,False,1,1-0,W1,0.0,0.0,False,False,False,-0.028581949910647997,0.053475935828877046,0.02489398591822905,31.0,30.0,32.0,30.0,31.0,31,3,fight record,score order #30; head-to-head -> #31,1-0,0
Roberto Soldic,1542.2676334909763,2026-10-03,Welterweight,1,False,0.0,1542.2676334909763,0.0,+0.0 QW +0.0 proof -0.0 blowout -0.0 weak,0,0,0,False,1,1-0,W1,0.0,0.0,False,False,False,-0.03514452673054342,0.053475935828877046,0.018331409098333626,32.0,31.0,33.099999999999994,31.0,32.0,32,3,fight record,score order #31; head-to-head -> #32,1-0,0
Farman Hasanov,1532.2823544992978,2026-06-27,Welterweight,99,False,0.0,1532.2823544992978,0.0,+0.0 QW +0.0 proof -0.0 blowout -0.0 weak,0,0,0,False,1,1-0,W1,0.0,0.0,False,False,False,-0.0644178022446605,0.053475935828877046,-0.01094186641578345,33.0,33.0,38.0,33.0,33.0,33,3,fight record,score order #33,1-0,0
Chidi Njokuani,1554.9985110660284,2026-08-15,Welterweight,50,False,0.0,1554.9985110660284,-1.5,+0.5 QW +0.0 proof -1.0 blowout -1.0 weak,2,0,0,False,11,3-2,W1,0.08076923076923077,0.0,False,False,False,0.0021778642714075955,-0.026737967914438523,-0.024560103643030927,34.0,33.0,38.0,34.0,34.0,34,3,fight record,score order #34,3-2,0
Muslim Salikhov,1572.4625563937946,2026-09-12,Welterweight,22,False,0.0,1572.4625563937946,-2.6,+0.4 QW +0.0 proof -3.0 blowout -0.0 weak,3,0,0,False,15,3-2,L2,0.10918300653594773,0.0,False,False,False,0.05337621445238612,-0.08556149732620327,-0.03218528287381715,35.0,28.0,42.0,35.0,35.0,35,3,fight record,score order #35,3-2,0
Taiyilake Nueraji,1534.2390549143654,2025-08-23,Welterweight,407,False,12.0,1522.2390549143654,0.0,+0.0 QW +0.0 proof -0.0 blowout -0.0 weak,0,0,0,False,1,1-0,W1,0.0,0.0,False,False,False,-0.0938611734379495,0.053475935828877046,-0.04038523760907246,36.0,34.0,41.0,36.0,36.0,36,3,fight record,score order #36,1-0,0
Nicolas Dalby,1554.255629308723,2025-11-22,Welterweight,316,False,0.0,1554.255629308723,-1.775,+0.2 QW +0.0 proof -0.0 blowout -2.0 weak,2,0,0,False,15,3-2,W1,0.06677489177489178,0.0,False,False,False,0.0,-0.041443850267379706,-0.041443850267379706,37.0,35.0,41.0,37.0,37.0,37,3,fight record,score order #37,3-2,0
Islam Dulatov,1541.0323714350395,2025-07-19,Welterweight,442,False,22.0,1519.0323714350395,0.0,+0.0 QW +0.0 proof -0.0 blowout -0.0 weak,0,0,0,False,1,1-0,W1,0.0,0.0,False,False,False,-0.10326202533754114,0.053475935828877046,-0.049786089508664096,38.0,35.0,42.0,38.0,38.0,38,3,fight record,score order #38,1-0,0
Victor Valenzuela,1517.0547732772836,2026-04-25,Welterweight,162,False,0.0,1517.0547732772836,0.0,+0.0 QW +0.0 proof -0.0 blowout -0.0 weak,0,0,0,False,1,1-0,W1,0.0,0.0,False,False,False,-0.10905963758016782,0.053475935828877046,-0.05558370175129077,39.0,36.0,43.0,39.0,39.0,39,3,fight record,score order #39,1-0,0
Randy Brown,1608.7869122505763,2026-04-11,Welterweight,176,False,0.0,1608.7869122505763,-2.275,+0.7 QW +0.0 proof -1.0 blowout -2.0 weak,4,0,0,False,22,2-3,L2,0.09154135338345865,0.15,False,False,False,0.15986626623306782,-0.06818181818181823,-0.058315551948750405,40.0,30.0,46.0,40.0,40.0,40,3,fight record,score order #40,2-3,0
Punahele Soriano,1552.3813302206197,2026-09-05,Welterweight,29,False,0.0,1552.3813302206197,-2.0,+0.0 QW +0.0 proof -1.0 blowout -1.0 weak,0,0,0,False,12,4-1,L1,0.04374999999999999,0.0,False,False,False,-0.005494776224843579,-0.053475935828877046,-0.05897071205372063,41.0,36.0,43.0,41.0,41.0,41,3,fight record,score order #41,4-1,0
Jose Souza,1510.8499132565246,2026-05-30,Welterweight,127,False,0.0,1510.8499132565246,0.0,+0.0 QW +0.0 proof -0.0 blowout -0.0 weak,0,0,0,False,1,1-0,W1,0.0,0.0,False,False,False,-0.12725007342733646,0.053475935828877046,-0.07377413759845941,42.0,37.0,44.0,42.0,42.0,42,3,fight record,score order #42,1-0,0
Charles Radtke,1546.9836096768584,2026-04-11,Welterweight,176,False,0.0,1546.9836096768584,-2.0,+0.0 QW +0.0 proof -1.0 blowout -1.0 weak,0,0,0,False,7,3-2,W2,0.1520408163265306,0.0,False,False,False,-0.02131896709196065,-0.053475935828877046,-0.0747949029208377,43.0,39.0,45.0,43.0,43.0,43,3,fight record,score order #43,3-2,0
Cam Nelson,1508.746611611956,2026-08-29,Welterweight,36,False,0.0,1508.746611611956,0.0,+0.0 QW +0.0 proof -0.0 blowout -0.0 weak,0,0,0,False,1,1-0,W1,0.0,0.0,False,False,False,-0.13341620344554242,0.053475935828877046,-0.07994026761666537,44.0,39.0,45.0,44.0,44.0,44,3,fight record,score order #44,1-0,0
Abubakar Vagaev,1504.1927850385741,2026-07-25,Welterweight,71,False,0.0,1504.1927850385741,0.0,+0.0 QW +0.0 proof -0.0 blowout -0.0 weak,0,0,0,False,1,1-0,W1,0.0,0.0,False,False,False,-0.146766398271066,0.053475935828877046,-0.09329046244218894,45.0,40.0,46.0,45.0,45.0,45,3,fight record,score order #45,1-0,0
Conor McGregor,1688.7303047884388,2026-07-11,Welterweight,85,False,0.0,1688.7303047884388,0.8,+1.8 QW +0.0 proof -1.0 blowout -0.0 weak,7,7,7,True,15,1-4,L3,0.0967557678341992,0.6,False,False,False,0.394231771417682,0.09625668449197868,-0.10951154409033931,46.0,40.0,48.0,46.0,46.0,46,3,fight record,score order #46,1-4,7
Andreas Gustafsson,1519.9579753789976,2025-09-06,Welterweight,393,False,8.0,1511.9579753789976,-1.0,+0.0 QW +0.0 proof -1.0 blowout -0.0 weak,0,0,0,False,2,1-1,L1,0.4,0.0,False,False,False,-0.12400163061217405,0.0,-0.12400163061217405,47.0,45.0,47.0,47.0,47.0,47,3,fight record,score order #47,1-1,0
Carlos Leal,1514.885567588279,2026-02-21,Welterweight,225,False,0.0,1514.885567588279,-1.75,+0.2 QW +0.0 proof -1.0 blowout -1.0 weak,1,0,0,False,4,2-2,W1,0.1419642857142857,0.0,False,False,False,-0.11541897474380071,-0.04010695187165778,-0.1555259266154585,48.0,48.0,51.0,48.0,48.0,48,3,fight record,score order #48,2-2,0
Trey Waters,1508.0873988305514,2025-09-06,Welterweight,393,False,8.0,1500.0873988305514,-1.0,+0.0 QW +0.0 proof -1.0 blowout -0.0 weak,0,0,0,False,3,2-1,L1,0.19722222222222222,0.0,False,False,False,-0.1588019259372894,0.0,-0.1588019259372894,49.0,47.0,53.0,49.0,49.0,49,3,fight record,score order #49,2-1,0
Ramiz Brahimaj,1525.7134329209746,2026-08-15,Welterweight,50,False,0.0,1525.7134329209746,-3.0,+0.0 QW +0.0 proof -1.0 blowout -2.0 weak,0,0,0,False,10,3-2,L2,0.14630536130536131,0.0,False,False,False,-0.08367553669085223,-0.10695187165775409,-0.1906274083486063,50.0,49.0,51.0,51.0,50.0,50,3,fight record,score order #51; head-to-head -> #50,3-2,0
Austin Vanderford,1497.2985363454543,2025-10-04,Welterweight,365,False,0.0,1497.2985363454543,-1.0,+0.0 QW +0.0 proof -0.0 blowout -1.0 weak,0,0,0,False,2,1-1,L1,0.0,0.0,False,False,False,-0.16697787574953474,0.0,-0.16697787574953474,51.0,50.0,54.0,50.0,51.0,51,3,fight record,score order #50; head-to-head -> #51,1-1,0
Bruce Whitehead,1484.4380815900388,2026-10-03,Welterweight,1,False,0.0,1484.4380815900388,-1.0,+0.0 QW +0.0 proof -1.0 blowout -0.0 weak,0,0,0,False,1,0-1,L1,0.42500000000000004,0.0,False,False,False,-0.20468014081452213,0.0,-0.20468014081452213,52.0,52.0,57.0,52.0,52.0,52,3,fight record,score order #52,0-1,0
Saygid Izagakhmaev,1502.1146239732304,2026-07-25,Welterweight,71,False,0.0,1502.1146239732304,-2.0,+0.0 QW +0.0 proof -0.0 blowout -2.0 weak,0,0,0,False,2,0-2,L2,0.0,0.0,False,False,False,-0.15285882508049362,-0.053475935828877046,-0.20633476090937067,53.0,53.0,55.0,53.0,53.0,53,3,fight record,score order #53,0-2,0
Khaos Williams,1570.3425760484467,2026-10-03,Welterweight,1,False,0.0,1570.3425760484467,-3.0,+0.0 QW +0.0 proof -1.0 blowout -2.0 weak,0,0,0,False,12,2-3,L1,0.0,0.15,False,False,False,0.04716118843402474,-0.10695187165775409,-0.20979068322372935,54.0,48.0,61.0,54.0,54.0,54,3,fight record,score order #54,2-3,0
Chris Curtis,1569.5117084517067,2026-03-14,Welterweight,204,False,0.0,1569.5117084517067,-3.0,+0.0 QW +0.0 proof -1.0 blowout -2.0 weak,0,0,0,False,12,2-3,L1,0.03541666666666667,0.15,False,False,False,0.044725381072468436,-0.10695187165775409,-0.21222649058528564,55.0,49.0,62.0,55.0,55.0,55,3,fight record,score order #55,2-3,0
Danny Barlow,1497.1667690168404,2025-10-18,Welterweight,351,False,0.0,1497.1667690168404,-2.0,+0.0 QW +0.0 proof -1.0 blowout -1.0 weak,0,0,0,False,4,2-2,L2,0.18125,0.0,False,False,False,-0.16736417054585334,-0.053475935828877046,-0.2208401063747304,56.0,54.0,57.0,56.0,56.0,56,3,fight record,score order #56,2-2,0
Themba Gorimbo,1562.1698193336863,2026-05-02,Welterweight,155,False,0.0,1562.1698193336863,-3.0,+0.0 QW +0.0 proof -1.0 blowout -2.0 weak,0,0,0,False,8,2-3,L3,0.0,0.15,False,False,False,0.02320158157472603,-0.10695187165775409,-0.23375029008302806,57.0,52.0,63.0,57.0,57.0,57,3,fight record,score order #57,2-3,0
Theodor Berggren,1466.1441367958441,2026-06-27,Welterweight,99,False,0.0,1466.1441367958441,-1.0,+0.0 QW +0.0 proof -0.0 blowout -1.0 weak,0,0,0,False,1,0-1,L1,0.42500000000000004,0.0,False,False,False,-0.2583114601443874,0.0,-0.2583114601443874,58.0,55.0,62.0,58.0,58.0,58,3,fight record,score order #58,0-1,0
Eric Nolan,1482.491831179303,2026-10-03,Welterweight,1,False,0.0,1482.491831179303,-2.0,+0.0 QW +0.0 proof -1.0 blowout -1.0 weak,0,0,0,False,3,1-2,W1,0.0,0.0,False,False,False,-0.21038585264695164,-0.053475935828877046,-0.2638617884758287,59.0,58.0,60.0,59.0,59.0,59,3,fight record,score order #59,1-2,0
Ding Meng,1480.4034751315194,2026-08-29,Welterweight,36,False,0.0,1480.4034751315194,-2.0,+0.0 QW +0.0 proof -0.0 blowout -2.0 weak,0,0,0,False,2,0-2,L2,0.0,0.0,False,False,False,-0.2165081675075871,-0.053475935828877046,-0.26998410333646417,60.0,60.0,61.0,60.0,60.0,60,3,fight record,score order #60,0-2,0
Elizeu Zaleski dos Santos,1560.7379171644045,2025-08-02,Welterweight,428,False,18.0,1542.7379171644045,-3.0,+0.0 QW +0.0 proof -0.0 blowout -3.0 weak,0,0,0,False,18,2-3,L2,0.11904558404558405,0.15,False,False,False,-0.033765822785112636,-0.10695187165775409,-0.2907176944428667,61.0,58.0,64.0,61.0,61.0,61,3,fight record,score order #61,2-3,0
Jefferson Nascimento,1455.0,2026-06-27,Welterweight,99,False,0.0,1455.0,-1.0,+0.0 QW +0.0 proof -0.0 blowout -1.0 weak,0,0,0,False,1,0-1,L1,0.42500000000000004,0.0,False,False,False,-0.2909820932898029,0.0,-0.2909820932898029,62.0,57.0,63.0,62.0,62.0,62,3,fight record,score order #62,0-1,0
Leon Shahbazyan,1455.0,2026-06-20,Welterweight,106,False,0.0,1455.0,-1.0,+0.0 QW +0.0 proof -1.0 blowout -0.0 weak,0,0,0,False,1,0-1,L1,0.42500000000000004,0.0,False,False,False,-0.2909820932898029,0.0,-0.2909820932898029,63.0,56.0,64.0,63.0,63.0,63,3,fight record,score order #63,0-1,0
Carlston Harris,1538.3131558867071,2026-05-30,Welterweight,127,False,0.0,1538.3131558867071,-3.0,+0.0 QW +0.0 proof -2.0 blowout -1.0 weak,0,0,0,False,8,2-3,L3,0.21631944444444445,0.15,False,False,False,-0.04673764421085107,-0.10695187165775409,-0.30368951586860515,64.0,59.0,65.0,64.0,64.0,64,3,fight record,score order #64,2-3,0
Rodrigo Sezinando,1455.0,2025-09-13,Welterweight,386,False,6.0,1449.0,-1.0,+0.0 QW +0.0 proof -1.0 blowout -0.0 weak,0,0,0,False,1,0-1,L1,0.42500000000000004,0.0,False,False,False,-0.30857195264486703,0.0,-0.30857195264486703,65.0,60.0,65.0,65.0,65.0,65,3,fight record,score order #65,0-1,0
Billy Ray Goff,1457.9513881879298,2026-08-08,Welterweight,57,False,0.0,1457.9513881879298,-3.0,+0.0 QW +0.0 proof -1.0 blowout -2.0 weak,0,0,0,False,4,1-3,L3,0.10625000000000001,0.0,False,False,False,-0.2823296761018226,-0.10695187165775409,-0.3892815477595767,66.0,66.0,68.0,66.0,66.0,66,3,fight record,score order #66,1-3,0
Stephen Thompson,1641.9219449041002,2025-07-12,Welterweight,449,False,24.0,1617.9219449041002,-0.7,+1.3 QW +0.0 proof -0.0 blowout -2.0 weak,7,4,6,True,22,1-4,L3,0.073604826546003,0.6,False,False,False,0.18664692282963513,0.016042780748663114,-0.39731029642170174,67.0,66.0,68.0,67.0,67.0,67,3,fight record,score order #67,1-4,4
Geoff Neal,1623.336237617428,2026-02-21,Welterweight,225,False,0.0,1623.336237617428,-1.6,+1.4 QW +0.0 proof -3.0 blowout -0.0 weak,3,1,3,False,14,1-4,L2,0.06071428571428572,0.6,False,False,False,0.20251969738539916,-0.03208556149732623,-0.42956586411192704,68.0,67.0,70.0,68.0,68.0,68,3,fight record,score order #68,1-4,1
Daniel Frunza,1421.3825064903497,2025-11-01,Welterweight,337,False,0.0,1421.3825064903497,-2.0,+0.0 QW +0.0 proof -1.0 blowout -1.0 weak,0,0,0,False,2,0-2,L2,0.37916666666666665,0.0,False,False,False,-0.38953659040722466,-0.053475935828877046,-0.4430125262361017,69.0,67.0,69.0,69.0,69.0,69,3,fight record,score order #69,0-2,0
Gilbert Urbina,1459.5611881144496,2026-08-01,Welterweight,64,False,0.0,1459.5611881144496,-2.0,+0.0 QW +0.0 proof -2.0 blowout -0.0 weak,0,0,0,False,5,2-3,W1,0.2033333333333333,0.15,False,False,False,-0.2776103170522765,-0.053475935828877046,-0.4810862528811536,70.0,69.0,70.0,70.0,70.0,70,3,fight record,score order #70,2-3,0
Oban Elliott,1466.516276155591,2026-08-01,Welterweight,64,False,0.0,1466.516276155591,-3.0,+0.0 QW +0.0 proof -2.0 blowout -1.0 weak,0,0,0,False,6,2-3,L3,0.07083333333333335,0.15,False,False,False,-0.25722048031131567,-0.10695187165775409,-0.5141723519690697,71.0,71.0,71.0,71.0,71.0,71,3,fight record,score order #71,2-3,0
Kiefer Crosbie,1381.0376021145523,2025-08-23,Welterweight,407,False,12.0,1369.0376021145523,-2.0,+0.0 QW +0.0 proof -2.0 blowout -0.0 weak,0,0,0,False,3,0-3,L3,0.1416666666666667,0.0,False,False,False,-0.5429931747279839,-0.053475935828877046,-0.5964691105568609,72.0,72.0,77.0,72.0,72.0,72,3,fight record,score order #72,0-3,0
Ange Loosa,1449.9537774679065,2025-06-14,Welterweight,477,False,32.0,1417.9537774679065,-2.0,+0.0 QW +0.0 proof -1.0 blowout -1.0 weak,0,0,0,False,6,2-3,L2,0.07083333333333335,0.15,False,False,False,-0.39958840061912476,-0.053475935828877046,-0.6030643364480018,73.0,73.0,76.0,73.0,73.0,73,3,fight record,score order #73,2-3,0
Santiago Ponzinibbio,1574.5303994460212,2026-07-25,Welterweight,71,False,0.0,1574.5303994460212,-2.25,+0.8 QW +0.0 proof -0.0 blowout -3.0 weak,3,2,2,False,21,1-4,L2,0.1700635517364841,0.6,False,False,False,0.05943839252855496,-0.0668449197860963,-0.6074065272575413,74.0,72.0,76.0,74.0,74.0,74,3,fight record,score order #74,1-4,2
Nikolay Veretennikov,1451.85009901015,2026-05-16,Welterweight,141,False,0.0,1451.85009901015,-4.0,+0.0 QW +0.0 proof -2.0 blowout -2.0 weak,0,0,0,False,6,2-3,L1,0.15555555555555556,0.15,False,False,False,-0.30021647918877614,-0.16042780748663113,-0.6106442866754073,75.0,73.0,75.0,75.0,75.0,75,3,fight record,score order #75,2-3,0
Adam Fugitt,1404.36305900451,2026-01-24,Welterweight,253,False,0.0,1404.36305900451,-2.0,+0.0 QW +0.0 proof -2.0 blowout -0.0 weak,0,0,0,False,6,2-3,L2,0.21250000000000002,0.15,False,False,False,-0.4394315383366946,-0.053475935828877046,-0.6429074741655717,76.0,74.0,78.0,76.0,76.0,76,3,fight record,score order #76,2-3,0
Phil Rowe,1571.9162962944201,2026-02-21,Welterweight,225,False,0.0,1571.9162962944201,-3.0,+0.0 QW +0.0 proof -1.0 blowout -2.0 weak,0,0,0,False,9,1-4,L2,0.0,0.6,False,False,False,0.05177477473250622,-0.10695187165775409,-0.6551770969252478,77.0,74.0,78.0,77.0,77.0,77,3,fight record,score order #77,1-4,0
Max Griffin,1568.027570848649,2026-04-25,Welterweight,162,False,0.0,1568.027570848649,-2.85,+0.1 QW +0.0 proof -0.0 blowout -3.0 weak,1,0,0,False,19,1-4,L3,0.0,0.6,False,False,False,0.04037441912224406,-0.09893048128342254,-0.6585560621611785,78.0,75.0,78.0,78.0,78.0,78,3,fight record,score order #78,1-4,0
Gilbert Burns,1587.494583694069,2026-04-18,Welterweight,169,False,0.0,1587.494583694069,-1.975,+2.0 QW +0.0 proof -2.0 blowout -2.0 weak,6,3,5,True,25,0-5,L5,0.10909660514923672,0.8,False,False,False,0.09744475545793801,-0.05213903743315512,-0.7546942819752172,79.0,79.0,79.0,79.0,79.0,79,3,fight record,score order #79,0-5,3
Alex Morono,1533.2699306011436,2026-02-07,Welterweight,239,False,0.0,1533.2699306011436,-4.7,+0.3 QW +0.0 proof -3.0 blowout -2.0 weak,2,0,1,False,24,1-4,L4,0.05711849957374255,0.6,False,False,False,-0.061522581455678564,-0.19786096256684507,-0.8593835440225236,80.0,80.0,80.0,80.0,80.0,80,3,fight record,score order #80,1-4,0
Francisco Prado,1465.7052244051617,2026-04-11,Welterweight,176,False,0.0,1465.7052244051617,-4.0,+0.0 QW +0.0 proof -2.0 blowout -2.0 weak,0,0,0,False,6,1-4,L4,0.0,0.6,False,False,False,-0.2595981946812704,-0.16042780748663113,-1.0200260021679015,81.0,81.0,82.0,81.0,81.0,81,3,fight record,score order #81,1-4,0
Rhys McKee,1418.6234133043893,2025-09-06,Welterweight,393,False,8.0,1410.6234133043893,-2.0,+0.0 QW +0.0 proof -1.0 blowout -1.0 weak,0,0,0,False,6,1-4,L1,0.16944444444444443,0.6,False,False,False,-0.42107841306207,-0.053475935828877046,-1.074554348890947,82.0,81.0,82.0,82.0,82.0,82,3,fight record,score order #82,1-4,0
Kayla Harrison,1643.4362371014943,2025-06-07,Women's Bantamweight,484,False,34.0,1609.4362371014943,5.0,+5.0 QW +0.0 proof -0.0 blowout -0.0 weak,3,3,3,False,3,3-0,W3,0.0,0.0,True,False,False,0.24072762970997608,0.22865853658536583,0.4693861662953419,,0.0,0.0,,,0,0,title holder or reserved,title holder,3-0,3
Joselyne Edwards,1619.5836199365872,2026-04-25,Women's Bantamweight,162,False,0.0,1619.5836199365872,1.5,+2.5 QW +0.0 proof -0.0 blowout -1.0 weak,3,1,3,False,13,5-0,W5,0.0,0.0,False,False,False,0.28354617008957805,0.06859756097560976,0.3521437310651878,1.0,1.0,1.0,3.0,1.0,1,3,fight record,score order #3; head-to-head -> #1,5-0,1
Ailin Perez,1606.3415765227749,2026-09-26,Women's Bantamweight,8,False,0.0,1606.3415765227749,3.5,+3.5 QW +0.0 proof -0.0 blowout -0.0 weak,3,3,3,False,8,5-0,W7,0.0,0.0,False,False,False,0.22766920360104861,0.1600609756097561,0.3877301792108047,2.0,2.0,2.0,2.0,2.0,2,3,fight record,score order #2,5-0,3
Norma Dumont,1612.1238582859912,2026-09-26,Women's Bantamweight,8,False,0.0,1612.1238582859912,3.8,+4.8 QW +0.0 proof -0.0 blowout -1.0 weak,5,4,5,True,13,3-2,L2,0.012820512820512827,0.0,False,False,False,0.2520684865677141,0.17378048780487804,0.4258489743725921,3.0,3.0,3.0,1.0,3.0,3,3,fight record,score order #1; head-to-head -> #3,3-2,4
Ketlen Vieira,1560.196649843952,2026-05-16,Women's Bantamweight,141,False,0.0,1560.196649843952,4.0,+5.0 QW +0.0 proof -1.0 blowout -0.0 weak,9,6,9,True,15,3-2,W1,0.049206349206349205,0.0,False,False,False,0.03295314346800644,0.18292682926829268,0.2158799727362991,4.0,4.0,6.0,9.0,4.0,4,3,fight record,score order #9; head-to-head -> #4,3-2,6
Jacqueline Cavalcanti,1604.518009782091,2026-05-16,Women's Bantamweight,141,False,0.0,1604.518009782091,2.0,+1.5 QW +0.5 proof -0.0 blowout -0.0 weak,2,1,2,False,6,4-1,L1,0.0,0.0,False,False,False,0.2199743656916285,0.09146341463414634,0.31143778032577485,5.0,5.0,7.0,4.0,5.0,5,3,fight record,score order #4; head-to-head -> #5,4-1,1
Yana Santos,1585.4003418964824,2025-10-04,Women's Bantamweight,365,False,0.0,1585.4003418964824,3.4,+3.2 QW +0.1 proof -0.0 blowout -0.0 weak,6,3,6,True,12,3-2,W3,0.06401515151515152,0.0,False,False,False,0.1393042414214765,0.15548780487804878,0.29479204629952527,6.0,4.0,8.0,5.0,6.0,6,3,fight record,score order #5; head-to-head -> #6,3-2,3
Luana Santos,1619.9541830879061,2026-06-20,Women's Bantamweight,106,False,0.0,1619.9541830879061,0.0,+1.0 QW +0.0 proof -1.0 blowout -0.0 weak,1,1,1,False,7,4-1,W3,0.0,0.0,False,False,False,0.2851098218720919,0.0,0.2851098218720919,7.0,4.0,8.0,6.0,7.0,7,3,fight record,score order #6; head-to-head -> #7,4-1,1
Bia Mesquita,1615.9328050198094,2026-06-20,Women's Bantamweight,106,False,0.0,1615.9328050198094,0.0,+0.0 QW +0.0 proof -0.0 blowout -0.0 weak,0,0,0,False,3,3-0,W3,0.0,0.0,False,False,False,0.2681409598523246,0.0,0.2681409598523246,8.0,5.0,9.0,7.0,8.0,8,3,fight record,score order #7; head-to-head -> #8,3-0,0
Julianna Pena,1619.356838294957,2025-06-07,Women's Bantamweight,484,False,34.0,1585.356838294957,2.75,+3.8 QW +0.0 proof -1.0 blowout -0.0 weak,5,5,5,True,12,3-2,L1,0.0,0.0,False,False,False,0.13912067086453161,0.12576219512195122,0.2648828659864828,9.0,7.0,9.0,8.0,9.0,9,3,fight record,score order #8; head-to-head -> #9,3-2,5
Macy Chiasson,1620.9041679502059,2026-02-28,Women's Bantamweight,218,False,0.0,1620.9041679502059,1.4,+3.1 QW +0.3 proof -0.0 blowout -2.0 weak,4,3,4,False,14,2-3,L3,0.028571428571428574,0.15,False,False,False,0.28911843826584,0.06402439024390244,0.20314282850974244,10.0,10.0,10.0,10.0,10.0,10,3,fight record,score order #10,2-3,3
Michelle Montague,1545.4086272695185,2026-04-25,Women's Bantamweight,162,False,0.0,1545.4086272695185,1.0,+1.0 QW +0.0 proof -0.0 blowout -0.0 weak,2,0,2,False,2,2-0,W2,0.0,0.0,False,False,False,-0.02944733476644309,0.04573170731707317,0.016284372550630078,11.0,11.0,13.0,11.0,11.0,11,3,fight record,score order #11,2-0,0
Karol Rosa,1585.1027314680275,2026-06-20,Women's Bantamweight,106,False,0.0,1585.1027314680275,0.3999999999999999,+1.9 QW +0.5 proof -1.0 blowout -1.0 weak,4,1,4,False,13,2-3,L1,0.0,0.15,False,False,False,0.13804842557661506,0.018292682926829264,0.006341108503444326,12.0,11.0,12.0,12.0,12.0,12,3,fight record,score order #12,2-3,1
Melissa Gatto,1594.428850698,2026-04-04,Women's Bantamweight,183,False,0.0,1594.428850698,-1.0,+0.0 QW +0.0 proof -0.0 blowout -1.0 weak,0,0,0,False,6,2-3,L1,0.0,0.15,False,False,False,0.17740150994557582,-0.04573170731707317,-0.018330197371497353,13.0,11.0,15.0,13.0,13.0,13,3,fight record,score order #13,2-3,0
Melissa Croden,1552.3872252483181,2026-04-18,Women's Bantamweight,169,False,0.0,1552.3872252483181,-1.0,+0.0 QW +0.0 proof -0.0 blowout -1.0 weak,0,0,0,False,3,2-1,W1,0.0,0.0,False,False,False,0.0,-0.04573170731707317,-0.04573170731707317,14.0,14.0,14.0,14.0,14.0,14,3,fight record,score order #14,2-1,0
Nina Milosevic,1534.373461235022,2026-08-01,Women's Bantamweight,64,False,0.0,1534.373461235022,0.0,+0.0 QW +0.0 proof -0.0 blowout -0.0 weak,0,0,0,False,1,1-0,W1,0.0,0.0,False,False,False,-0.07601202145684893,0.0,-0.07601202145684893,15.0,14.0,15.0,15.0,15.0,15,3,fight record,score order #15,1-0,0
Alice Pereira,1529.154503490287,2026-04-04,Women's Bantamweight,183,False,0.0,1529.154503490287,-1.0,+0.0 QW +0.0 proof -0.0 blowout -1.0 weak,0,0,0,False,2,1-1,W1,0.0,0.0,False,False,False,-0.0980342666568179,-0.04573170731707317,-0.14376597397389107,16.0,16.0,16.0,16.0,16.0,16,3,fight record,score order #16,1-1,0
Nora Cornolle,1562.1128088963171,2026-09-05,Women's Bantamweight,29,False,0.0,1562.1128088963171,-2.5,+0.5 QW +0.0 proof -0.0 blowout -3.0 weak,1,0,1,False,7,2-3,W1,0.0,0.15,False,False,False,0.041038689770023624,-0.11432926829268292,-0.2232905785226593,17.0,17.0,18.0,17.0,17.0,17,3,fight record,score order #17,2-3,0
Miesha Tate,1563.210373206571,2025-05-03,Women's Bantamweight,519,False,44.0,1519.210373206571,0.25,+1.2 QW +0.0 proof -0.0 blowout -1.0 weak,6,4,6,True,14,2-3,L1,0.0,0.15,False,False,False,-0.13999514967591412,0.011432926829268292,-0.2785622228466458,18.0,17.0,18.0,18.0,18.0,18,3,fight record,score order #18,2-3,4
Klaudia Sygula,1494.345628452032,2026-09-05,Women's Bantamweight,29,False,0.0,1494.345628452032,-2.0,+0.0 QW +0.0 proof -1.0 blowout -1.0 weak,0,0,0,False,4,2-2,L1,0.16875,0.0,False,False,False,-0.24491600410733846,-0.09146341463414634,-0.3363794187414848,19.0,19.0,19.0,19.0,19.0,19,3,fight record,score order #19,2-2,0
Daria Zhelezniakova,1489.4125065888284,2026-04-18,Women's Bantamweight,169,False,0.0,1489.4125065888284,-2.0,+0.0 QW +0.0 proof -1.0 blowout -1.0 weak,0,0,0,False,4,2-2,L1,0.0,0.0,False,False,False,-0.2657321180876436,-0.09146341463414634,-0.35719553272178994,20.0,20.0,20.0,20.0,20.0,20,3,fight record,score order #20,2-2,0
Montse Rendon,1469.7954851003753,2026-03-14,Women's Bantamweight,204,False,0.0,1469.7954851003753,-2.0,+0.0 QW +0.0 proof -1.0 blowout -1.0 weak,0,0,0,False,4,2-2,L1,0.0,0.0,False,False,False,-0.3485093465002695,-0.09146341463414634,-0.43997276113441586,21.0,21.0,21.0,21.0,21.0,21,3,fight record,score order #21,2-2,0
Chelsea Chandler,1491.3516282035584,2026-06-06,Women's Bantamweight,120,False,0.0,1491.3516282035584,-1.5,+0.5 QW +0.0 proof -1.0 blowout -1.0 weak,1,0,1,False,6,2-3,W1,0.1390151515151515,0.15,False,False,False,-0.25754967750068425,-0.06859756097560976,-0.47614723847629403,22.0,22.0,22.0,22.0,22.0,22,3,fight record,score order #22,2-3,0
Tainara Lisboa,1455.0563771785903,2025-10-18,Women's Bantamweight,351,False,0.0,1455.0563771785903,-2.0,+0.0 QW +0.0 proof -0.0 blowout -2.0 weak,0,0,0,False,4,2-2,L2,0.10625000000000001,0.0,False,False,False,-0.4107034213631684,-0.09146341463414634,-0.5021668359973147,23.0,23.0,23.0,23.0,23.0,23,3,fight record,score order #23,2-2,0
Irina Alekseeva,1433.6392938185334,2025-10-11,Women's Bantamweight,358,False,0.0,1433.6392938185334,-3.0,+0.0 QW +0.0 proof -1.0 blowout -2.0 weak,0,0,0,False,4,1-3,L3,0.0,0.0,False,False,False,-0.5010763050484525,-0.13719512195121952,-0.638271426999672,24.0,24.0,24.0,24.0,24.0,24,3,fight record,score order #24,1-3,0
Melissa Mullins,1455.7135216738516,2026-06-20,Women's Bantamweight,106,False,0.0,1455.7135216738516,-3.0,+0.0 QW +0.0 proof -2.0 blowout -1.0 weak,0,0,0,False,5,2-3,L2,0.11833333333333333,0.15,False,False,False,-0.4079304927605077,-0.13719512195121952,-0.6951256147117272,25.0,25.0,25.0,25.0,25.0,25,3,fight record,score order #25,2-3,0
Hailey Cowan,1382.003029892911,2026-08-01,Women's Bantamweight,64,False,0.0,1382.003029892911,-3.0,+0.0 QW +0.0 proof -1.0 blowout -2.0 weak,0,0,0,False,4,0-4,L4,0.25416666666666665,0.0,False,False,False,-0.7189639602086318,-0.13719512195121952,-0.8561590821598514,26.0,26.0,26.0,26.0,26.0,26,3,fight record,score order #26,0-4,0
Mayra Bueno Silva,1494.340058020889,2026-04-25,Women's Bantamweight,162,False,0.0,1494.340058020889,-4.4,+0.3 QW +0.3 proof -3.0 blowout -2.0 weak,1,0,1,False,14,0-5,L6,0.017857142857142856,0.8,False,False,False,-0.24493950945198803,-0.20121951219512196,-1.24615902164711,27.0,27.0,27.0,27.0,27.0,27,3,fight record,score order #27,0-5,0
Priscila Cachoeira,1418.5867594071356,2026-06-06,Women's Bantamweight,120,False,0.0,1418.5867594071356,-4.0,+0.0 QW +0.0 proof -3.0 blowout -1.0 weak,0,0,0,False,14,1-4,L3,0.05416666666666666,0.6,False,False,False,-0.5645929342112749,-0.18292682926829268,-1.3475197634795677,28.0,28.0,28.0,28.0,28.0,28,3,fight record,score order #28,1-4,0
Natalia Silva,1697.083050920863,2026-10-03,Women's Flyweight,1,False,0.0,1697.083050920863,5.8,+5.8 QW +0.0 proof -0.0 blowout -0.0 weak,6,5,6,True,9,5-0,W9,0.0,0.0,True,False,False,0.4681179782381195,0.28333333333333327,0.7514513115714527,,0.0,0.0,,,0,0,title holder or reserved,title holder,5-0,5
Valentina Shevchenko,1769.2296264558163,2025-11-15,Women's Flyweight,323,True,0.0,1769.2296264558163,9.85,+9.8 QW +0.1 proof -0.0 blowout -0.0 weak,14,14,14,True,19,4-1,W3,0.0,0.0,False,False,True,0.673288972169557,0.4520833333333332,1.1253723055028901,,0.0,0.0,,,0,2,title holder or reserved,"reserved: vacated with injury, owed a title shot",4-1,14
Alexa Grasso,1652.1869484816352,2026-09-12,Women's Flyweight,22,False,0.0,1652.1869484816352,4.449999999999999,+6.4 QW +0.0 proof -2.0 blowout -0.0 weak,9,8,9,True,16,3-2,W2,0.0,0.0,False,False,False,0.3404420921298279,0.22708333333333325,0.5675254254631612,1.0,1.0,1.0,4.0,1.0,1,3,fight record,score order #4; head-to-head -> #1,3-2,8
Manon Fiorot,1711.372698162012,2026-09-12,Women's Flyweight,22,False,0.0,1711.372698162012,5.699999999999999,+5.7 QW +0.0 proof -0.0 blowout -0.0 weak,5,5,5,True,10,3-2,L1,0.0,0.0,False,False,False,0.5087549884587336,0.2791666666666666,0.7879216551254002,2.0,2.0,2.0,1.0,2.0,2,3,fight record,score order #1; head-to-head -> #2,3-2,5
Rose Namajunas,1701.717706459253,2026-01-24,Women's Flyweight,253,False,0.0,1701.717706459253,6.05,+5.5 QW +0.5 proof -0.0 blowout -0.0 weak,11,9,11,True,19,3-2,L1,0.022321428571428572,0.0,False,False,False,0.4812980477880683,0.29374999999999996,0.7750480477880682,3.0,3.0,4.0,2.0,3.0,3,3,fight record,score order #2; head-to-head -> #3,3-2,9
Erin Blanchfield,1721.2689798954912,2025-11-15,Women's Flyweight,323,False,0.0,1721.2689798954912,3.5999999999999996,+4.6 QW +0.0 proof -1.0 blowout -0.0 weak,5,4,5,True,9,4-1,W2,0.0,0.0,False,False,False,0.5368981115997583,0.19166666666666662,0.728564778266425,4.0,3.0,4.0,3.0,4.0,4,3,fight record,score order #3; head-to-head -> #4,4-1,4
Maycee Barber,1643.4748717100438,2026-03-28,Women's Flyweight,190,False,0.0,1643.4748717100438,3.3,+4.3 QW +0.0 proof -1.0 blowout -0.0 weak,7,4,7,True,13,4-1,L1,0.05673076923076924,0.0,False,False,False,0.3156666202909958,0.1791666666666666,0.4948332869576624,5.0,5.0,5.0,5.0,5.0,5,3,fight record,score order #5,4-1,4
Jasmine Jasudavicius,1610.6584775240906,2026-04-18,Women's Flyweight,169,False,0.0,1610.6584775240906,2.8,+3.8 QW +0.0 proof -1.0 blowout -0.0 weak,5,3,5,True,12,4-1,W1,0.029166666666666674,0.0,False,False,False,0.22234310268182134,0.1583333333333333,0.38067643601515466,6.0,6.0,7.0,6.0,6.0,6,3,fight record,score order #6,4-1,3
Casey O'Neill,1634.00083329346,2026-09-19,Women's Flyweight,15,False,0.0,1634.00083329346,0.30000000000000004,+1.3 QW +0.0 proof -0.0 blowout -1.0 weak,3,0,3,False,9,3-2,W3,0.0,0.0,False,False,False,0.28872427598619355,0.054166666666666655,0.3428909426528602,7.0,6.0,8.0,7.0,7.0,7,3,fight record,score order #7,3-2,0
Wang Cong,1606.2840678518255,2026-10-03,Women's Flyweight,1,False,0.0,1606.2840678518255,1.5,+2.0 QW +0.5 proof -0.0 blowout -1.0 weak,3,1,3,False,7,4-1,L1,0.0,0.0,False,False,False,0.20990312235472877,0.10416666666666664,0.31406978902139543,8.0,7.0,8.0,8.0,8.0,8,3,fight record,score order #8,4-1,1
Carli Judice,1609.365138929568,2026-08-22,Women's Flyweight,43,False,0.0,1609.365138929568,-1.0,+0.0 QW +0.0 proof -0.0 blowout -1.0 weak,0,0,0,False,5,4-1,W4,0.0,0.0,False,False,False,0.2186650963043805,0.0,0.2186650963043805,9.0,9.0,9.0,9.0,9.0,9,3,fight record,score order #9,4-1,0
Miranda Maverick,1616.6444133794162,2025-06-14,Women's Flyweight,477,False,32.0,1584.6444133794162,-0.35,+0.7 QW +0.0 proof -1.0 blowout -0.0 weak,2,0,2,False,12,4-1,L1,0.0,0.0,False,False,False,0.1483641042722128,0.027083333333333327,0.17544743760554612,10.0,10.0,10.0,10.0,10.0,10,3,fight record,score order #10,4-1,0
Dione Barbosa,1583.0050430164933,2026-07-18,Women's Flyweight,78,False,0.0,1583.0050430164933,-2.0,+0.0 QW +0.0 proof -1.0 blowout -1.0 weak,0,0,0,False,6,3-2,W2,0.0,0.0,False,False,False,0.14370205005427336,-0.04166666666666666,0.1020353833876067,11.0,11.0,12.0,11.0,11.0,11,3,fight record,score order #11,3-2,0
Regina Tarin,1532.4734809759407,2026-09-12,Women's Flyweight,22,False,0.0,1532.4734809759407,0.5,+0.5 QW +0.0 proof -0.0 blowout -0.0 weak,1,0,1,False,2,2-0,W2,0.0,0.0,False,False,False,0.0,0.06249999999999999,0.06249999999999999,12.0,11.0,12.0,12.0,12.0,12,3,fight record,score order #12,2-0,0
Tracy Cortez,1588.8235441183701,2026-07-11,Women's Flyweight,85,False,0.0,1588.8235441183701,-0.5,+1.0 QW +0.5 proof -1.0 blowout -1.0 weak,1,1,1,False,9,2-3,L2,0.0,0.15,False,False,False,0.16024874884644072,0.02083333333333333,0.031082082179774068,13.0,13.0,15.0,13.0,13.0,13,3,fight record,score order #13,2-3,1
JJ Aldrich,1530.175909467919,2026-09-12,Women's Flyweight,22,False,0.0,1530.175909467919,-2.0,+0.0 QW +0.0 proof -0.0 blowout -2.0 weak,0,0,0,False,18,3-2,L1,0.01666666666666667,0.0,False,False,False,-0.006533851765438168,-0.04166666666666666,-0.04820051843210482,14.0,13.0,14.0,16.0,14.0,14,3,fight record,score order #16; head-to-head -> #14,3-2,0
Jamey-Lyn Horth,1567.0393147266618,2026-04-18,Women's Flyweight,169,False,0.0,1567.0393147266618,-3.0,+0.0 QW +0.0 proof -0.0 blowout -3.0 weak,0,0,0,False,7,3-2,L1,0.0,0.0,False,False,False,0.09829858748137552,-0.08333333333333331,0.0149652541480422,15.0,14.0,15.0,14.0,15.0,15,3,fight record,score order #14; head-to-head -> #15,3-2,0
Karine Silva,1583.016112928595,2026-04-18,Women's Flyweight,169,False,0.0,1583.016112928595,-1.5,+0.5 QW +0.0 proof -0.0 blowout -2.0 weak,1,0,1,False,8,2-3,L2,0.0,0.15,False,False,False,0.1437335307566046,-0.02083333333333333,-0.027099802576728713,16.0,16.0,17.0,15.0,16.0,16,3,fight record,score order #15; head-to-head -> #16,2-3,0
Lauren Murphy,1565.8025983843343,2025-07-12,Women's Flyweight,449,False,24.0,1541.8025983843343,0.55,+1.5 QW +0.1 proof -0.0 blowout -1.0 weak,4,4,4,True,15,2-3,L2,0.019480519480519484,0.15,False,False,False,0.02653021681196589,0.06458333333333333,-0.058886449854700776,17.0,16.0,17.0,17.0,17.0,17,3,fight record,score order #17,2-3,4
Veronica Hardy,1490.2933965155094,2025-10-04,Women's Flyweight,365,False,0.0,1490.2933965155094,-0.75,+0.2 QW +0.0 proof -0.0 blowout -1.0 weak,1,0,0,False,10,4-1,W1,0.0,0.0,False,False,False,-0.1199520530072275,0.010416666666666664,-0.10953538634056084,18.0,18.0,19.0,18.0,18.0,18,3,fight record,score order #18,4-1,0
Luana Carolina,1493.8755731931967,2025-09-27,Women's Flyweight,372,False,2.0,1491.8755731931967,-1.0,+0.0 QW +0.0 proof -1.0 blowout -0.0 weak,0,0,0,False,10,3-2,L1,0.08138888888888889,0.0,False,False,False,-0.11545264663721919,0.0,-0.11545264663721919,19.0,19.0,20.0,19.0,19.0,19,3,fight record,score order #19,3-2,0
Viviane Araujo,1542.1130420055044,2025-06-28,Women's Flyweight,463,False,28.000000000000004,1514.1130420055044,1.0,+3.0 QW +0.0 proof -1.0 blowout -1.0 weak,7,4,7,True,13,2-3,L1,0.0,0.15,False,False,False,-0.052213559474584614,0.08333333333333331,-0.1188802261412513,20.0,18.0,21.0,20.0,20.0,20,3,fight record,score order #20,2-3,4
Nicolle Caliari,1500.481406652402,2026-05-16,Women's Flyweight,141,False,0.0,1500.481406652402,-2.0,+0.0 QW +0.0 proof -0.0 blowout -2.0 weak,0,0,0,False,3,1-2,W1,0.1416666666666667,0.0,False,False,False,-0.09097931035838017,-0.04166666666666666,-0.13264597702504682,21.0,18.0,21.0,21.0,21.0,21,3,fight record,score order #21,1-2,0
Gabriella Fernandes,1473.3908882296444,2026-03-28,Women's Flyweight,190,False,0.0,1473.3908882296444,-1.0,+0.0 QW +0.0 proof -1.0 blowout -0.0 weak,0,0,0,False,6,3-2,L1,0.07777777777777778,0.0,False,False,False,-0.16801953783559828,0.0,-0.16801953783559828,22.0,22.0,23.0,22.0,22.0,22,3,fight record,score order #22,3-2,0
Ernesta Kareckaite,1487.125676555581,2026-02-28,Women's Flyweight,218,False,0.0,1487.125676555581,-2.0,+0.0 QW +0.0 proof -1.0 blowout -1.0 weak,0,0,0,False,3,1-2,L1,0.0,0.0,False,False,False,-0.12896043972351817,-0.04166666666666666,-0.17062710639018483,23.0,22.0,24.0,23.0,23.0,23,3,fight record,score order #23,1-2,0
Jeisla Chaves,1464.4208447093135,2026-08-22,Women's Flyweight,43,False,0.0,1464.4208447093135,-1.0,+0.0 QW +0.0 proof -1.0 blowout -0.0 weak,0,0,0,False,2,1-1,L1,0.21250000000000002,0.0,False,False,False,-0.19352861752549838,0.0,-0.19352861752549838,24.0,23.0,24.0,24.0,24.0,24,3,fight record,score order #24,1-1,0
Anna Melisano,1462.4386526382277,2026-07-18,Women's Flyweight,78,False,0.0,1462.4386526382277,-1.0,+0.0 QW +0.0 proof -1.0 blowout -0.0 weak,0,0,0,False,1,0-1,L1,0.0,0.0,False,False,False,-0.1991655907896093,0.0,-0.1991655907896093,25.0,25.0,25.0,25.0,25.0,25,3,fight record,score order #25,0-1,0
Tereza Bleda,1460.24800634361,2025-12-13,Women's Flyweight,295,False,0.0,1460.24800634361,-1.0,+0.0 QW +0.0 proof -1.0 blowout -0.0 weak,0,0,0,False,3,1-2,L1,0.4579365079365079,0.0,False,False,False,-0.20539536779962372,0.0,-0.20539536779962372,26.0,26.0,27.0,26.0,26.0,26,3,fight record,score order #26,1-2,0
Yuneisy Duben,1467.6731602794503,2026-06-06,Women's Flyweight,120,False,0.0,1467.6731602794503,-2.0,+0.0 QW +0.0 proof -1.0 blowout -1.0 weak,0,0,0,False,2,0-2,L2,0.29583333333333334,0.0,False,False,False,-0.18427965715342423,-0.04166666666666666,-0.2259463238200909,27.0,26.0,27.0,27.0,27.0,27,3,fight record,score order #27,0-2,0
Ivana Petrovic,1493.3596636896182,2025-05-03,Women's Flyweight,519,False,44.0,1449.3596636896182,-2.0,+0.0 QW +0.0 proof -0.0 blowout -2.0 weak,0,0,0,False,4,1-3,L2,0.0,0.0,False,False,False,-0.23635972152010318,-0.04166666666666666,-0.27802638818676984,28.0,28.0,29.0,28.0,28.0,28,3,fight record,score order #28,1-3,0
Juliana Miller,1481.9375324634955,2026-08-08,Women's Flyweight,57,False,0.0,1481.9375324634955,-1.0,+0.0 QW +0.0 proof -0.0 blowout -1.0 weak,0,0,0,False,6,2-3,W1,0.07083333333333335,0.15,False,False,False,-0.14371452433723647,0.0,-0.29371452433723644,29.0,29.0,30.0,29.0,29.0,29,3,fight record,score order #29,2-3,0
Eduarda Moura,1500.4998366094953,2026-09-19,Women's Flyweight,15,False,0.0,1500.4998366094953,-2.75,+0.2 QW +0.0 proof -2.0 blowout -1.0 weak,1,0,0,False,6,2-3,L2,0.0,0.15,False,False,False,-0.09092689910272585,-0.07291666666666666,-0.31384356576939254,30.0,28.0,31.0,30.0,30.0,30,3,fight record,score order #30,2-3,0
Brogan Walker,1402.652028983664,2025-10-04,Women's Flyweight,365,False,0.0,1402.652028983664,-1.0,+0.0 QW +0.0 proof -1.0 blowout -0.0 weak,0,0,0,False,3,0-3,L3,0.1416666666666667,0.0,False,False,False,-0.369187257210475,0.0,-0.369187257210475,31.0,30.0,31.0,31.0,31.0,31,3,fight record,score order #31,0-3,0
Ariane da Silva,1474.4312644586962,2025-06-07,Women's Flyweight,484,False,34.0,1440.4312644586962,-2.5,+0.5 QW +0.0 proof -1.0 blowout -2.0 weak,1,0,1,False,14,2-3,L3,0.14563492063492062,0.15,False,False,False,-0.2617503728551406,-0.06249999999999999,-0.4742503728551406,32.0,32.0,32.0,32.0,32.0,32,3,fight record,score order #32,2-3,0
Julija Stoliarenko,1423.5389659616917,2025-08-09,Women's Flyweight,421,False,16.0,1407.5389659616917,-2.0,+0.0 QW +0.0 proof -0.0 blowout -2.0 weak,0,0,0,False,9,2-3,L2,0.13765432098765432,0.15,False,False,False,-0.35528974773580174,-0.04166666666666666,-0.5469564144024684,33.0,33.0,33.0,33.0,33.0,33,3,fight record,score order #33,2-3,0
Mackenzie Dern,1651.247542386591,2026-08-15,Women's Strawweight,50,False,0.0,1651.247542386591,7.0,+6.5 QW +0.5 proof -0.0 blowout -0.0 weak,8,6,8,True,17,4-1,W4,0.02516339869281046,0.0,True,False,False,0.35018037595857243,0.41379310344827586,0.7639734794068482,,0.0,0.0,,,0,0,title holder or reserved,title holder,4-1,6
Zhang Weili,1729.9910542530934,2025-11-15,Women's Strawweight,323,False,0.0,1729.9910542530934,5.6,+6.6 QW +0.0 proof -1.0 blowout -0.0 weak,8,7,7,True,13,4-1,L1,0.025641025641025644,0.0,False,False,False,0.609710450446113,0.3413793103448276,0.9510897607909407,1.0,1.0,1.0,1.0,1.0,1,3,fight record,score order #1,4-1,7
Tatiana Suarez,1719.5885602780668,2026-04-11,Women's Strawweight,176,False,0.0,1719.5885602780668,3.4499999999999993,+4.4 QW +0.0 proof -1.0 blowout -0.0 weak,6,6,6,True,10,4-1,W2,0.0,0.0,False,False,False,0.5754249585725493,0.2301724137931034,0.8055973723656527,2.0,2.0,3.0,2.0,2.0,2,3,fight record,score order #2,4-1,6
Virna Jandiroba,1668.8943768741203,2026-04-04,Women's Strawweight,183,False,0.0,1668.8943768741203,6.35,+6.3 QW +0.0 proof -0.0 blowout -0.0 weak,7,5,7,True,13,4-1,W1,0.0,0.0,False,False,False,0.4083424284306832,0.3801724137931034,0.7885148422237866,3.0,2.0,3.0,3.0,3.0,3,3,fight record,score order #3,4-1,5
Gillian Robertson,1649.7248690011634,2026-08-15,Women's Strawweight,50,False,0.0,1649.7248690011634,2.5,+3.5 QW +0.0 proof -1.0 blowout -0.0 weak,4,2,4,False,21,4-1,L1,0.0071428571428571435,0.0,False,False,False,0.34516180963135296,0.1810344827586207,0.5261962923899737,4.0,4.0,4.0,4.0,4.0,4,3,fight record,score order #4,4-1,2
Fatima Kline,1645.3721786425365,2026-07-18,Women's Strawweight,78,False,0.0,1645.3721786425365,0.5,+1.5 QW +0.0 proof -1.0 blowout -0.0 weak,2,1,2,False,5,4-1,W4,0.0,0.0,False,False,False,0.3308158143078171,0.07758620689655173,0.4084020212043688,5.0,5.0,8.0,5.0,5.0,5,3,fight record,score order #5,4-1,1
Denise Gomes,1628.8220133699874,2026-08-29,Women's Strawweight,36,False,0.0,1628.8220133699874,1.25,+2.2 QW +0.0 proof -0.0 blowout -1.0 weak,3,1,2,False,9,5-0,W5,0.0,0.0,False,False,False,0.2762682646221015,0.11637931034482758,0.3926475749669291,6.0,6.0,7.0,6.0,6.0,6,3,fight record,score order #6,5-0,1
Iasmin Lucindo,1623.0464338560857,2025-08-09,Women's Strawweight,421,False,16.0,1607.0464338560857,2.5,+2.0 QW +0.5 proof -0.0 blowout -0.0 weak,3,1,3,False,7,4-1,W1,0.0,0.0,False,False,False,0.2044983163521617,0.1810344827586207,0.3855327991107824,7.0,5.0,8.0,7.0,7.0,7,3,fight record,score order #7,4-1,1
Alexia Thainara,1621.9388412997919,2026-08-08,Women's Strawweight,57,False,0.0,1621.9388412997919,1.5,+1.5 QW +0.0 proof -0.0 blowout -0.0 weak,2,1,2,False,4,4-0,W4,0.0,0.0,False,False,False,0.2535820760365967,0.12931034482758622,0.38289242086418296,8.0,7.0,8.0,8.0,8.0,8,3,fight record,score order #8,4-0,1
Loopy Godinez,1614.131898293202,2026-04-11,Women's Strawweight,176,False,0.0,1614.131898293202,2.8,+2.8 QW +1.0 proof -0.0 blowout -1.0 weak,3,2,3,False,15,2-3,L1,0.0,0.15,False,False,False,0.22785123863814236,0.196551724137931,0.27440296277607334,9.0,9.0,10.0,9.0,9.0,9,3,fight record,score order #9,2-3,2
Jaqueline Amorim,1617.797767575628,2026-05-30,Women's Strawweight,127,False,0.0,1617.797767575628,-1.0,+0.0 QW +0.0 proof -1.0 blowout -0.0 weak,0,0,0,False,7,4-1,W1,0.0,0.0,False,False,False,0.2399335461880338,0.0,0.2399335461880338,10.0,9.0,11.0,10.0,10.0,10,3,fight record,score order #10,4-1,0
Jessica Andrade,1600.6080525051934,2025-08-16,Women's Strawweight,414,False,14.000000000000002,1586.6080525051934,3.5999999999999996,+6.6 QW +0.0 proof -2.0 blowout -1.0 weak,13,12,13,True,30,2-3,L3,0.06801531801531802,0.15,False,False,False,0.13713562819323624,0.2379310344827586,0.22506666267599487,11.0,10.0,12.0,11.0,11.0,11,3,fight record,score order #11,2-3,12
Stephanie Luciano,1601.8219274952562,2026-08-01,Women's Strawweight,64,False,0.0,1601.8219274952562,-1.0,+0.0 QW +0.0 proof -0.0 blowout -1.0 weak,0,0,0,False,4,3-1,W2,0.0,0.0,False,False,False,0.18727891004367156,0.0,0.18727891004367156,12.0,11.0,12.0,12.0,12.0,12,3,fight record,score order #12,3-1,0
Shanelle Dyer,1567.1831177514769,2026-08-22,Women's Strawweight,43,False,0.0,1567.1831177514769,0.0,+0.0 QW +0.0 proof -0.0 blowout -0.0 weak,0,0,0,False,2,2-0,W2,0.0,0.0,False,False,False,0.0731131500988565,0.05172413793103448,0.12483728802989097,13.0,13.0,14.0,13.0,13.0,13,3,fight record,score order #13,2-0,0
Tecia Pennington,1615.6163726274995,2025-11-08,Women's Strawweight,330,False,0.0,1615.6163726274995,-0.44999999999999996,+1.2 QW +0.3 proof -1.0 blowout -1.0 weak,5,1,4,False,19,2-3,L1,0.0,0.15,False,False,False,0.23274390503595557,0.028448275862068967,0.11119218089802455,14.0,13.0,14.0,14.0,14.0,14,3,fight record,score order #14,2-3,1
Yan Xiaonan,1588.9053989831516,2026-08-29,Women's Strawweight,36,False,0.0,1588.9053989831516,0.3999999999999999,+3.4 QW +0.0 proof -3.0 blowout -0.0 weak,5,4,5,True,14,2-3,L2,0.08061224489795918,0.15,False,False,False,0.14470743301137787,0.07241379310344827,0.06712122611482615,15.0,15.0,18.0,15.0,15.0,15,3,fight record,score order #15,2-3,4
Piera Rodriguez,1563.9615371898303,2026-03-14,Women's Strawweight,204,False,0.0,1563.9615371898303,-1.0,+0.0 QW +0.0 proof -0.0 blowout -1.0 weak,0,0,0,False,7,3-2,W3,0.0,0.0,False,False,False,0.06249516998451752,0.0,0.06249516998451752,16.0,15.0,18.0,16.0,16.0,16,3,fight record,score order #16,3-2,0
Tina Black,1545.0,2026-09-26,Women's Strawweight,8,False,0.0,1545.0,0.0,+0.0 QW +0.0 proof -0.0 blowout -0.0 weak,0,0,0,False,1,1-0,W1,0.0,0.0,False,False,False,0.0,0.05172413793103448,0.05172413793103448,17.0,15.0,20.0,17.0,17.0,17,3,fight record,score order #17,1-0,0
Delphine Benouaich,1545.0,2026-09-05,Women's Strawweight,29,False,0.0,1545.0,0.0,+0.0 QW +0.0 proof -0.0 blowout -0.0 weak,0,0,0,False,1,1-0,W1,0.0,0.0,False,False,False,0.0,0.05172413793103448,0.05172413793103448,18.0,16.0,21.0,18.0,18.0,18,3,fight record,score order #18,1-0,0
Alice Ardelean,1566.935543474407,2026-05-16,Women's Strawweight,141,False,0.0,1566.935543474407,-2.0,+0.0 QW +0.0 proof -0.0 blowout -2.0 weak,0,0,0,False,5,3-2,W3,0.0,0.0,False,False,False,0.0722971721338648,-0.05172413793103448,0.02057303420283032,19.0,17.0,23.0,19.0,19.0,19,3,fight record,score order #19,3-2,0
Tabatha Ricci,1581.1487942983122,2026-07-18,Women's Strawweight,78,False,0.0,1581.1487942983122,-0.10000000000000009,+2.4 QW +0.5 proof -2.0 blowout -1.0 weak,4,2,2,False,12,2-3,L2,0.03541666666666667,0.15,False,False,False,0.11914250526165239,0.04655172413793102,0.015694229399583426,20.0,19.0,22.0,20.0,20.0,20,3,fight record,score order #20,2-3,2
Talita Alencar,1549.2212719062195,2026-04-25,Women's Strawweight,162,False,0.0,1549.2212719062195,-1.0,+0.0 QW +0.0 proof -1.0 blowout -0.0 weak,0,0,0,False,5,4-1,W3,0.0,0.0,False,False,False,0.013912854358218651,0.0,0.013912854358218651,21.0,17.0,21.0,21.0,21.0,21,3,fight record,score order #21,4-1,0
Julia Polastri,1575.6984439212354,2026-08-29,Women's Strawweight,36,False,0.0,1575.6984439212354,-3.0,+0.0 QW +0.0 proof -0.0 blowout -3.0 weak,0,0,0,False,6,3-2,W1,0.0,0.0,False,False,False,0.1011787415709491,-0.10344827586206896,-0.002269534291119868,22.0,17.0,26.0,22.0,22.0,22,3,fight record,score order #22,3-2,0
Mizuki,1519.829470959963,2025-10-25,Women's Strawweight,344,False,0.0,1519.829470959963,0.0,+0.0 QW +0.0 proof -0.0 blowout -0.0 weak,0,0,0,False,4,3-1,W2,0.0,0.0,False,False,False,-0.08295933368740913,0.05172413793103448,-0.031235195756374644,23.0,21.0,26.0,23.0,23.0,23,3,fight record,score order #23,3-1,0
Carol Foro,1516.22358892703,2026-08-08,Women's Strawweight,57,False,0.0,1516.22358892703,0.0,+0.0 QW +0.0 proof -0.0 blowout -0.0 weak,0,0,0,False,1,1-0,W1,0.0,0.0,False,False,False,-0.09484392976926687,0.05172413793103448,-0.043119791838232384,24.0,22.0,27.0,24.0,24.0,24,3,fight record,score order #24,1-0,0
Ketlen Souza,1546.8519636468657,2026-06-06,Women's Strawweight,120,False,0.0,1546.8519636468657,-2.0,+0.0 QW +0.0 proof -0.0 blowout -2.0 weak,0,0,0,False,7,3-2,W2,0.0,0.0,False,False,False,0.006103871313666036,-0.05172413793103448,-0.04562026661736845,25.0,23.0,25.0,25.0,25.0,25,3,fight record,score order #25,3-2,0
Yazmin Jauregui,1528.6154854940849,2026-09-26,Women's Strawweight,8,False,0.0,1528.6154854940849,-1.0,+0.0 QW +0.0 proof -1.0 blowout -0.0 weak,0,0,0,False,6,3-2,W1,0.07083333333333335,0.0,False,False,False,-0.054001582725589296,0.0,-0.054001582725589296,26.0,25.0,26.0,26.0,26.0,26,3,fight record,score order #26,3-2,0
Angela Hill,1574.1980458570688,2026-05-30,Women's Strawweight,127,False,0.0,1574.1980458570688,-1.55,+1.4 QW +0.0 proof -2.0 blowout -1.0 weak,3,1,3,False,30,2-3,W1,0.0,0.15,False,False,False,0.09623359228659563,-0.028448275862068967,-0.08221468357547333,27.0,24.0,27.0,27.0,27.0,27,3,fight record,score order #27,2-3,1
Shi Ming,1512.7371100228781,2025-08-23,Women's Strawweight,407,False,12.0,1500.7371100228781,-1.0,+0.0 QW +0.0 proof -0.0 blowout -1.0 weak,0,0,0,False,2,1-1,L1,0.0,0.0,False,False,False,-0.14588568455356232,0.0,-0.14588568455356232,28.0,28.0,29.0,28.0,28.0,28,3,fight record,score order #28,1-1,0
Sam Hughes,1512.686224464118,2026-03-14,Women's Strawweight,204,False,0.0,1512.686224464118,-2.0,+0.0 QW +0.0 proof -2.0 blowout -0.0 weak,0,0,0,False,12,3-2,L1,0.048214285714285716,0.0,False,False,False,-0.10650269937184167,-0.05172413793103448,-0.15822683730287615,29.0,28.0,29.0,29.0,29.0,29,3,fight record,score order #29,3-2,0
Loma Lookboonmee,1500.9974891978238,2026-05-30,Women's Strawweight,127,False,0.0,1500.9974891978238,-2.0,+0.0 QW +0.0 proof -2.0 blowout -0.0 weak,0,0,0,False,11,3-2,L2,0.0,0.0,False,False,False,-0.14502750303400777,-0.05172413793103448,-0.19675164096504225,30.0,30.0,31.0,30.0,30.0,30,3,fight record,score order #30,3-2,0
Gigi Canuto,1483.77641107297,2026-08-08,Women's Strawweight,57,False,0.0,1483.77641107297,-1.0,+0.0 QW +0.0 proof -0.0 blowout -1.0 weak,0,0,0,False,1,0-1,L1,0.0,0.0,False,False,False,-0.2017863087128331,0.0,-0.2017863087128331,31.0,30.0,31.0,31.0,31.0,31,3,fight record,score order #31,0-1,0
Marina Spasic,1463.3425312251422,2026-08-01,Women's Strawweight,64,False,0.0,1463.3425312251422,-1.0,+0.0 QW +0.0 proof -1.0 blowout -0.0 weak,0,0,0,False,1,0-1,L1,0.0,0.0,False,False,False,-0.26913416040589655,0.0,-0.26913416040589655,32.0,32.0,33.0,32.0,32.0,32,3,fight record,score order #32,0-1,0
Amanda Lemos,1597.9391630656087,2026-08-08,Women's Strawweight,57,False,0.0,1597.9391630656087,1.9500000000000002,+4.0 QW +0.0 proof -0.0 blowout -2.0 weak,6,4,6,True,16,1-4,L3,0.0421875,0.6,False,False,False,0.1744817396132698,0.15258620689655175,-0.27293205349017846,33.0,32.0,33.0,33.0,33.0,33,3,fight record,score order #33,1-4,4
Melissa Amaya,1455.0,2026-09-26,Women's Strawweight,8,False,0.0,1455.0,-1.0,+0.0 QW +0.0 proof -0.0 blowout -1.0 weak,0,0,0,False,1,0-1,L1,0.42500000000000004,0.0,False,False,False,-0.29663023848209996,0.0,-0.29663023848209996,34.0,34.0,34.0,34.0,34.0,34,3,fight record,score order #34,0-1,0
Sofia Montenegro,1455.0,2026-09-05,Women's Strawweight,29,False,0.0,1455.0,-1.0,+0.0 QW +0.0 proof -0.0 blowout -1.0 weak,0,0,0,False,1,0-1,L1,0.0,0.0,False,False,False,-0.29663023848209996,0.0,-0.29663023848209996,35.0,35.0,35.0,35.0,35.0,35,3,fight record,score order #35,0-1,0
Melissa Martinez,1458.3363199160194,2025-07-12,Women's Strawweight,449,False,24.0,1434.3363199160194,-1.0,+0.0 QW +0.0 proof -0.0 blowout -1.0 weak,0,0,0,False,3,1-2,L1,0.1416666666666667,0.0,False,False,False,-0.36473548682908863,0.0,-0.36473548682908863,36.0,36.0,36.0,36.0,36.0,36,3,fight record,score order #36,1-2,0
Xiong Jingnan,1432.9865489023584,2026-08-29,Women's Strawweight,36,False,0.0,1432.9865489023584,-2.0,+0.0 QW +0.0 proof -2.0 blowout -0.0 weak,0,0,0,False,2,0-2,L2,0.3196428571428571,0.0,False,False,False,-0.36918418569218286,-0.05172413793103448,-0.42090832362321734,37.0,37.0,37.0,37.0,37.0,37,3,fight record,score order #37,0-2,0
Marina Rodriguez,1591.238965989302,2025-05-03,Women's Strawweight,519,False,44.0,1547.238965989302,1.4999999999999996,+3.0 QW +0.5 proof -0.0 blowout -2.0 weak,6,5,6,True,15,1-4,L3,0.05666666666666667,0.6,False,False,False,0.007379389059555013,0.1293103448275862,-0.46331026611285875,38.0,38.0,39.0,38.0,38.0,38,3,fight record,score order #38,1-4,5
Rayanne dos Santos,1461.8821598429013,2025-05-31,Women's Strawweight,491,False,36.0,1425.8821598429013,-3.0,+0.0 QW +0.0 proof -0.0 blowout -3.0 weak,0,0,0,False,3,0-3,L3,0.0,0.0,False,False,False,-0.39259948148080953,-0.10344827586206896,-0.4960477573428785,39.0,39.0,40.0,39.0,39.0,39,3,fight record,score order #39,0-3,0
Karolina Kowalkiewicz,1462.533062094959,2025-10-11,Women's Strawweight,358,False,0.0,1462.533062094959,-2.45,+0.6 QW +0.0 proof -2.0 blowout -1.0 weak,3,3,3,False,19,2-3,L3,0.07760416666666667,0.15,False,False,False,-0.2718020828628984,-0.07500000000000001,-0.4968020828628984,40.0,38.0,40.0,40.0,40.0,40,3,fight record,score order #40,2-3,3
Ariane Carnelossi,1449.784617267222,2026-06-06,Women's Strawweight,120,False,0.0,1449.784617267222,-2.0,+0.0 QW +0.0 proof -1.0 blowout -1.0 weak,0,0,0,False,7,2-3,L2,0.23543956043956044,0.15,False,False,False,-0.3138195743020926,-0.05172413793103448,-0.5155437122331271,41.0,41.0,41.0,41.0,41.0,41,3,fight record,score order #41,2-3,0
Shauna Bannon,1440.310300521935,2026-05-16,Women's Strawweight,141,False,0.0,1440.310300521935,-2.0,+0.0 QW +0.0 proof -0.0 blowout -2.0 weak,0,0,0,False,5,2-3,L2,0.0,0.15,False,False,False,-0.34504589469775326,-0.05172413793103448,-0.5467700326287878,42.0,42.0,42.099999999999994,42.0,42.0,42,3,fight record,score order #42,2-3,0
Bruna Brasil,1454.9596923667755,2026-03-28,Women's Strawweight,190,False,0.0,1454.9596923667755,-4.0,+0.0 QW +0.0 proof -2.0 blowout -2.0 weak,0,0,0,False,8,2-3,L2,0.07395833333333333,0.15,False,False,False,-0.2967630880693893,-0.15517241379310345,-0.6019355018624928,43.0,42.900000000000006,43.0,43.0,43.0,43,3,fight record,score order #43,2-3,0
Amanda Ribas,1552.1202705209585,2025-07-26,Women's Strawweight,435,False,20.0,1532.1202705209585,-0.8000000000000003,+1.9 QW +0.3 proof -1.0 blowout -2.0 weak,3,2,3,False,13,1-4,L3,0.14827672327672328,0.6,False,False,False,-0.04245019141058918,0.010344827586206884,-0.6321053638243823,44.0,44.0,44.0,44.0,44.0,44,3,fight record,score order #44,1-4,2
Ravena Oliveira,1377.2127988840841,2026-08-08,Women's Strawweight,57,False,0.0,1377.2127988840841,-4.0,+0.0 QW +0.0 proof -0.0 blowout -4.0 weak,0,0,0,False,4,0-4,L4,0.10625000000000001,0.0,False,False,False,-0.5530084164584244,-0.15517241379310345,-0.7081808302515278,45.0,45.0,46.0,45.0,45.0,45,3,fight record,score order #45,0-4,0
Elise Reed,1380.6227669667717,2026-08-22,Women's Strawweight,43,False,0.0,1380.6227669667717,-2.0,+0.0 QW +0.0 proof -0.0 blowout -2.0 weak,0,0,0,False,10,2-3,L2,0.25583333333333336,0.15,False,False,False,-0.5417695315074915,-0.05172413793103448,-0.743493669438526,46.0,45.0,46.0,46.0,46.0,46,3,fight record,score order #46,2-3,0
Polyana Viana,1453.9085729368846,2026-05-16,Women's Strawweight,141,False,0.0,1453.9085729368846,-3.0,+0.0 QW +0.0 proof -0.0 blowout -3.0 weak,0,0,0,False,12,1-4,L4,0.056862745098039215,0.6,False,False,False,-0.30022746370451914,-0.10344827586206896,-1.003675739566588,47.0,47.0,47.0,47.0,47.0,47,3,fight record,score order #47,1-4,0
Luana Pinheiro,1477.8656847292784,2025-05-17,Women's Strawweight,505,False,40.0,1437.8656847292784,-3.4,+0.6 QW +0.0 proof -0.0 blowout -4.0 weak,1,1,1,False,7,1-4,L4,0.1012987012987013,0.6,False,False,False,-0.3531030832041181,-0.12413793103448276,-1.0772410142386009,48.0,48.0,48.0,48.0,48.0,48,3,fight record,score order #48,1-4,1
Montserrat Conejo Ruiz,1367.7979475827108,2025-11-01,Women's Strawweight,337,False,0.0,1367.7979475827108,-2.0,+0.0 QW +0.0 proof -1.0 blowout -1.0 weak,0,0,0,False,5,1-4,L4,0.2966666666666667,0.6,False,False,False,-0.5840387452006454,-0.05172413793103448,-1.2357628831316798,49.0,49.0,49.0,49.0,49.0,49,3,fight record,score order #49,1-4,0
Vanessa Demopoulos,1376.2751199652262,2026-09-26,Women's Strawweight,8,False,0.0,1376.2751199652262,-4.0,+0.0 QW +0.0 proof -4.0 blowout -0.0 weak,0,0,0,False,11,1-4,L4,0.058116883116883115,0.6,False,False,False,-0.5560989044730963,-0.15517241379310345,-1.3112713182661997,50.0,50.0,50.0,50.0,50.0,50,3,fight record,score order #50,1-4,0
